 ,Mean1,Mean2,Mean3,Mean4,Mean5,Mean6,Mean7,Mean8,Mean9,Mean10,Mean11,Mean12
1,4226.528,3932.039,3036.886,3100.500,3876.882,2881.250,4683.000,4352.917,4585.327,3993.428,4131.545,4429.333
2,4220.333,3941.269,3030.136,3106.167,3893.118,2833.375,4687.000,4361.000,4592.981,3954.000,4133.727,4429.750
3,4227.639,3915.923,3032.500,3090.417,3899.765,2864.250,4749.000,4355.183,4602.673,3945.238,4128.636,4397.750
4,4192.111,3952.615,3025.909,3092.000,3891.206,2897.875,4680.500,4349.917,4589.115,3972.095,4124.182,4411.083
5,4213.222,3914.000,3042.364,3108.333,3886.588,2870.000,4716.833,4346.300,4594.173,3966.286,4137.818,4446.917
6,4219.972,3956.231,3033.477,3095.167,3889.235,2808.250,4752.833,4358.417,4593.558,3966.286,4091.455,4420.917
7,4224.806,3941.539,3040.750,3068.750,3888.000,2851.875,4718.667,4360.183,4602.442,3966.428,4109.455,4465.333
8,4227.583,3914.077,3036.068,3081.750,3898.353,2880.750,4750.167,4360.333,4604.500,3926.381,4096.182,4412.083
9,4196.778,3928.308,3045.409,3138.917,3899.000,2868.375,4751.833,4352.517,4595.673,3974.619,4145.909,4396.750
10,4212.000,3970.385,3038.000,3046.333,3879.882,2904.000,4714.833,4365.950,4592.981,4002.190,4109.636,4426.750
11,4209.583,3932.539,3045.091,3112.333,3906.265,2850.500,4750.833,4356.083,4612.692,3981.428,4169.091,4498.083
12,4203.083,3937.654,3021.432,3104.417,3888.000,2881.625,4679.333,4371.467,4604.961,3958.905,4133.364,4445.500
13,4194.528,3964.846,3047.023,3063.500,3880.706,2854.625,4698.167,4359.300,4591.346,3972.762,4115.000,4475.083
14,4230.833,3955.923,3036.000,3092.750,3876.353,2869.750,4753.333,4357.783,4600.154,3976.476,4153.091,4459.833
15,4189.833,3930.654,3033.955,3106.667,3916.647,2897.125,4728.833,4353.750,4597.750,3974.572,4114.909,4413.500
16,4220.306,3923.961,3035.227,3072.083,3893.235,2845.125,4776.500,4366.967,4615.519,3965.857,4151.364,4442.667
17,4205.278,3967.461,3048.818,3113.083,3893.618,2889.125,4774.667,4342.567,4607.481,3957.810,4154.182,4390.750
18,4213.694,3949.539,3034.500,3097.250,3925.823,2857.125,4704.167,4362.350,4588.308,3971.905,4121.364,4420.000
19,4224.361,3930.385,3038.045,3104.167,3891.412,2868.125,4779.500,4366.183,4611.000,3963.762,4117.455,4436.083
20,4181.361,3941.692,3028.818,3087.583,3887.206,2850.625,4711.167,4355.150,4605.019,3997.143,4131.727,4417.833
21,4203.139,3960.423,3047.636,3101.250,3898.265,2869.250,4714.667,4340.800,4609.539,3948.095,4116.182,4439.083
22,4227.278,3934.615,3048.114,3124.333,3877.588,2883.000,4740.667,4340.317,4610.808,3975.000,4121.000,4443.083
23,4220.667,3948.039,3047.886,3109.083,3901.559,2895.000,4729.833,4351.450,4616.558,3999.381,4130.909,4452.667
24,4215.944,3937.385,3027.341,3110.500,3900.500,2883.875,4711.000,4367.233,4582.346,3963.476,4105.818,4447.000
25,4208.056,3921.539,3040.841,3138.417,3906.618,2891.625,4777.000,4372.233,4606.750,3974.810,4119.455,4460.917
26,4215.917,3962.000,3049.977,3119.667,3894.735,2906.875,4801.167,4355.600,4586.654,4005.810,4139.636,4427.917
27,4199.417,3961.231,3032.023,3083.750,3915.529,2843.250,4756.500,4363.817,4604.961,3951.905,4160.091,4454.083
28,4205.389,3948.115,3042.705,3119.417,3886.971,2906.750,4750.833,4363.083,4598.942,3975.619,4100.909,4446.750
29,4233.528,3953.461,3027.750,3100.417,3886.794,2825.125,4711.333,4344.600,4598.000,3981.333,4129.545,4451.083
30,4197.639,3913.692,3041.614,3121.333,3916.559,2895.375,4698.000,4356.867,4616.039,3954.476,4138.364,4392.833
31,4229.778,3945.154,3051.114,3108.167,3897.147,2884.000,4753.833,4370.617,4612.269,3967.048,4157.909,4386.750
32,4205.472,3947.846,3036.659,3084.500,3904.529,2830.875,4748.667,4371.833,4614.442,3952.476,4144.455,4466.583
33,4223.861,3946.269,3034.205,3121.500,3911.323,2872.750,4734.167,4359.750,4613.461,3984.333,4102.455,4457.667
34,4234.528,3945.346,3051.795,3132.750,3902.588,2864.250,4752.000,4350.650,4620.519,3955.190,4102.364,4435.583
35,4210.583,3943.346,3036.523,3114.500,3892.353,2865.375,4708.833,4371.550,4610.308,3986.333,4123.545,4468.917
36,4222.528,3923.423,3044.955,3117.583,3891.882,2828.500,4747.333,4362.467,4609.404,4000.619,4088.636,4457.250
37,4224.694,3939.769,3037.818,3127.667,3900.088,2860.125,4749.833,4382.450,4609.923,3936.190,4143.636,4443.917
38,4228.806,3944.154,3044.818,3078.333,3913.500,2869.625,4753.167,4358.733,4605.289,3960.714,4112.364,4483.583
39,4217.889,3942.769,3042.364,3111.000,3881.559,2885.250,4697.500,4359.683,4610.365,3950.476,4122.636,4459.500
40,4210.056,3932.731,3058.205,3137.667,3917.971,2863.250,4693.333,4336.767,4612.673,3973.905,4140.545,4433.917
41,4227.750,3952.923,3037.909,3119.250,3920.235,2858.750,4738.500,4388.933,4620.231,3960.952,4166.000,4422.333
42,4214.139,3967.385,3063.386,3126.583,3909.677,2855.375,4752.667,4377.883,4617.231,3974.190,4130.636,4444.833
43,4230.583,3923.769,3035.977,3127.583,3906.471,2864.625,4728.000,4356.683,4613.731,3966.762,4109.364,4462.167
44,4198.861,3958.615,3037.114,3114.583,3906.853,2875.625,4719.333,4361.467,4630.231,3967.190,4110.818,4404.167
45,4223.944,3908.654,3052.955,3092.667,3912.235,2887.625,4743.833,4354.533,4599.211,4007.905,4127.182,4452.083
46,4220.722,3953.192,3018.068,3077.417,3916.500,2834.125,4764.667,4374.533,4607.269,3958.143,4135.273,4437.917
47,4175.833,3931.346,3027.432,3102.083,3906.677,2886.500,4756.333,4382.133,4609.211,3971.952,4126.091,4427.083
48,4214.056,3930.923,3050.432,3083.000,3881.882,2852.000,4707.167,4381.600,4597.942,3964.000,4114.727,4421.833
49,4213.611,3917.731,3044.682,3102.417,3874.912,2904.625,4755.500,4359.083,4609.192,3980.524,4097.909,4437.917
50,4211.028,3949.385,3030.068,3099.917,3899.118,2873.750,4698.667,4374.233,4592.442,3936.857,4126.000,4446.500
51,4206.917,3944.192,3017.318,3082.833,3905.529,2876.500,4676.833,4362.217,4615.058,3984.381,4143.000,4433.333
52,4221.750,3933.231,3052.455,3089.667,3896.147,2892.875,4817.500,4351.583,4610.615,3956.714,4131.000,4417.333
53,4209.917,3929.269,3028.523,3146.833,3900.618,2877.875,4678.500,4363.467,4619.981,3953.619,4095.818,4443.333
54,4198.694,3948.423,3028.773,3092.000,3903.118,2861.125,4743.333,4351.283,4617.058,3986.857,4102.909,4450.917
55,4227.417,3938.500,3043.750,3146.750,3897.471,2854.125,4774.167,4367.033,4592.827,3982.190,4130.364,4432.750
56,4199.056,3953.692,3041.955,3112.417,3893.177,2890.625,4739.000,4358.400,4610.961,3992.905,4121.636,4433.250
57,4215.389,3957.615,3033.955,3119.917,3881.735,2881.000,4702.667,4370.150,4609.539,3978.381,4127.000,4459.083
58,4199.972,3934.308,3049.886,3103.083,3888.529,2859.750,4751.333,4358.933,4609.961,3972.905,4133.818,4377.250
59,4225.417,3936.846,3040.136,3093.583,3932.500,2861.000,4771.167,4371.500,4601.711,3954.905,4127.000,4436.083
60,4214.417,3940.961,3046.068,3109.583,3909.823,2904.250,4750.000,4365.483,4592.154,3955.000,4144.000,4468.917
61,4232.583,3942.000,3046.932,3131.750,3906.559,2855.000,4735.833,4365.000,4601.173,3952.572,4141.818,4428.250
62,4226.639,3926.500,3042.727,3074.750,3899.000,2903.750,4740.500,4356.300,4618.519,4012.810,4124.091,4477.417
63,4244.750,3951.308,3045.273,3086.667,3897.118,2853.875,4702.333,4360.600,4602.192,3984.428,4149.182,4439.167
64,4206.806,3930.231,3038.795,3132.000,3909.882,2864.750,4724.500,4368.600,4593.250,3983.572,4097.000,4442.333
65,4234.694,3948.461,3045.364,3110.750,3923.941,2903.625,4847.500,4374.283,4628.308,3987.667,4153.182,4459.000
66,4223.194,3939.346,3054.091,3084.333,3883.823,2902.375,4792.000,4383.033,4614.231,3984.667,4171.364,4455.250
67,4220.111,3912.923,3039.114,3135.417,3893.000,2911.125,4755.667,4382.317,4611.461,3987.143,4160.909,4453.417
68,4220.056,3920.961,3044.750,3129.500,3936.588,2892.250,4758.000,4370.067,4599.231,3977.000,4101.364,4436.667
69,4218.750,3933.615,3029.386,3121.250,3907.647,2851.625,4771.500,4377.017,4603.654,3937.714,4110.636,4466.500
70,4208.361,3966.769,3039.182,3094.083,3902.000,2920.375,4765.333,4359.233,4592.461,3975.952,4150.909,4438.750
71,4225.139,3941.500,3033.045,3099.083,3890.706,2869.000,4678.167,4356.950,4606.865,3973.572,4167.727,4478.333
72,4216.167,3957.846,3047.523,3107.667,3915.265,2897.625,4733.667,4366.067,4606.635,3983.048,4093.545,4387.000
73,4186.472,3947.654,3023.136,3098.167,3902.912,2899.875,4748.333,4372.600,4634.865,3992.857,4131.909,4474.917
74,4228.556,3935.577,3046.000,3127.167,3894.323,2870.875,4757.833,4368.000,4610.961,3966.048,4163.455,4475.083
75,4228.361,3969.885,3045.682,3098.417,3895.294,2891.750,4735.167,4370.983,4588.058,3994.619,4112.091,4453.083
76,4208.917,3950.615,3048.091,3110.583,3913.177,2895.125,4808.500,4381.250,4607.000,3999.000,4144.364,4453.833
77,4210.833,3952.000,3036.886,3107.167,3894.382,2851.125,4753.500,4373.200,4599.058,3959.476,4112.636,4433.583
78,4196.833,3924.269,3042.636,3108.250,3900.706,2921.250,4791.667,4375.017,4614.404,3977.428,4172.455,4428.250
79,4234.750,3939.154,3042.795,3104.417,3900.971,2851.750,4739.333,4374.317,4626.654,3973.762,4154.636,4438.750
80,4202.611,3951.808,3035.750,3095.917,3932.471,2853.625,4751.000,4383.433,4629.192,3973.762,4153.545,4458.417
81,4186.139,3956.885,3065.045,3109.583,3914.235,2893.875,4787.000,4360.567,4620.942,3992.286,4158.364,4482.667
82,4182.722,3959.154,3041.409,3117.500,3924.559,2887.625,4743.500,4373.467,4599.961,3971.619,4120.636,4478.167
83,4252.194,3942.500,3042.000,3122.833,3938.294,2850.750,4738.000,4369.867,4598.923,3982.857,4138.545,4450.833
84,4235.250,3953.115,3049.727,3091.000,3897.265,2887.500,4776.667,4385.033,4601.808,4006.286,4118.182,4429.833
85,4217.556,3942.923,3035.614,3108.417,3904.559,2852.250,4739.333,4367.567,4607.269,3965.952,4087.182,4439.583
86,4209.667,3960.577,3056.455,3098.000,3870.412,2909.250,4789.333,4380.200,4628.596,3985.286,4110.727,4412.667
87,4214.472,3957.500,3043.545,3136.500,3900.118,2849.250,4711.333,4360.733,4620.808,4006.048,4140.000,4467.833
88,4235.250,3949.039,3045.409,3130.583,3899.735,2902.250,4794.833,4372.367,4613.250,3999.572,4136.000,4435.833
89,4205.000,3935.808,3040.000,3091.833,3898.323,2861.875,4715.833,4361.300,4608.577,3985.524,4184.091,4434.917
90,4219.139,3948.654,3031.023,3083.333,3894.382,2851.250,4752.167,4368.033,4631.981,3984.572,4139.182,4489.417
91,4214.167,3943.461,3037.909,3116.000,3907.941,2884.500,4696.000,4384.783,4612.211,4002.238,4133.364,4399.583
92,4225.500,3945.923,3035.341,3103.417,3928.177,2865.500,4750.167,4368.983,4620.923,3980.857,4148.091,4485.250
93,4223.806,3945.500,3060.705,3117.417,3910.735,2913.625,4745.833,4379.267,4622.519,3991.143,4211.091,4427.000
94,4233.083,3956.077,3049.477,3114.917,3909.147,2893.000,4750.667,4381.417,4595.154,3981.190,4136.636,4482.667
95,4214.389,3933.846,3044.932,3104.000,3894.412,2900.625,4746.167,4384.967,4608.058,3982.476,4183.727,4469.667
96,4218.194,3941.731,3067.273,3085.333,3903.588,2882.250,4722.667,4379.267,4638.942,3975.476,4191.636,4396.417
97,4219.167,3945.039,3061.068,3122.000,3907.735,2909.250,4772.667,4397.417,4638.346,4009.095,4166.364,4470.500
98,4236.833,3933.500,3021.750,3117.250,3889.441,2904.000,4721.167,4383.167,4618.981,3973.238,4143.273,4430.667
99,4228.500,3959.692,3054.591,3077.333,3887.853,2891.625,4762.833,4384.500,4616.481,4021.381,4188.273,4483.750
100,4224.500,3945.615,3034.159,3110.250,3924.500,2911.125,4763.500,4386.967,4621.442,3980.238,4169.818,4449.000
101,4210.972,3950.115,3037.750,3139.500,3915.147,2880.625,4794.667,4381.700,4616.250,3979.905,4152.273,4447.083
102,4219.861,3942.231,3051.750,3101.333,3907.353,2883.000,4799.333,4360.450,4617.481,3996.952,4154.636,4450.833
103,4232.417,3936.769,3035.614,3122.833,3909.029,2868.500,4712.667,4375.833,4616.461,3982.619,4138.364,4482.417
104,4220.444,3936.500,3044.136,3099.583,3870.971,2901.000,4747.333,4388.283,4616.404,4000.143,4144.455,4415.000
105,4212.222,3938.692,3045.932,3099.750,3903.265,2886.000,4741.000,4381.333,4609.846,3984.381,4138.909,4443.250
106,4228.417,3953.154,3052.455,3109.917,3921.294,2861.000,4770.500,4363.817,4633.635,3991.428,4104.636,4463.083
107,4245.694,3958.615,3063.818,3118.417,3898.647,2885.875,4763.833,4379.583,4607.942,3958.286,4163.091,4479.750
108,4226.389,3958.923,3048.432,3113.833,3916.177,2890.250,4765.667,4372.400,4618.077,3983.810,4125.273,4451.250
109,4204.000,4010.961,3481.477,3077.667,3874.618,3132.250,4763.667,4372.683,4625.731,3997.476,4105.273,4430.917
110,4247.194,4258.039,4620.091,3147.667,3899.588,3720.000,4734.000,4382.750,4601.885,3994.381,4158.364,4459.083
111,4257.139,4695.923,5528.250,3245.333,3900.912,3965.500,4765.000,4392.217,4601.135,4058.333,4189.727,4462.250
112,4224.111,5164.615,6036.523,3327.583,3917.677,3989.125,4814.000,4431.100,4620.519,4077.333,4253.727,4505.250
113,4250.278,5659.000,6325.750,3393.917,3932.765,4052.000,4789.167,4444.250,4615.346,4150.143,4363.364,4490.417
114,4267.444,5976.192,6416.114,3640.667,3977.735,4088.375,4780.333,4497.867,4623.115,4168.952,4379.455,4525.417
115,4298.500,6269.192,6420.568,3943.333,4034.559,4085.625,4795.000,4521.683,4631.885,4219.429,4469.545,4623.000
116,4345.361,6419.885,6491.727,4188.167,4108.794,4092.875,4788.333,4562.033,4639.846,4230.381,4576.636,4633.917
117,4396.750,6607.923,6463.727,4449.583,4180.147,4087.375,4817.333,4590.267,4656.211,4260.286,4620.545,4640.167
118,4498.528,6727.115,6480.295,4791.750,4261.118,4083.625,4784.500,4637.450,4677.269,4262.952,4737.364,4683.000
119,4553.139,6773.808,6478.182,5050.417,4311.853,4130.250,4824.167,4704.400,4712.711,4301.571,4782.636,4730.583
120,4634.444,6849.115,6504.545,5313.417,4380.147,4149.125,4896.167,4745.967,4742.692,4337.000,4824.273,4784.583
121,4763.194,6875.769,6488.705,5564.250,4453.176,4146.000,4892.333,4821.517,4780.404,4365.429,4898.818,4777.500
122,4860.250,6929.423,6474.545,5750.917,4530.029,4095.000,4910.000,4835.667,4832.000,4357.333,4916.909,4819.250
123,4957.250,6921.923,6496.909,5926.833,4585.088,4127.250,5012.167,4926.283,4868.404,4388.762,4952.273,4821.583
124,5054.444,6962.039,6422.114,6069.167,4688.471,4099.125,4994.500,4977.183,4951.192,4376.000,4943.364,4820.583
125,5148.639,6954.846,6392.045,6170.917,4728.059,4152.000,5015.833,5028.417,4957.711,4362.429,4986.909,4870.833
126,5280.861,6976.346,6381.682,6225.250,4781.353,4123.625,5111.333,5109.850,5026.058,4396.714,4981.091,4946.000
127,5358.250,6998.539,6343.614,6240.000,4874.206,4042.625,5105.833,5176.233,5084.385,4393.190,5011.818,4985.250
128,5430.972,6976.961,6420.432,6305.250,4933.882,4105.375,5216.500,5273.467,5128.981,4427.952,5005.727,4995.333
129,5526.917,7007.615,6449.159,6410.250,4989.500,4102.000,5228.833,5311.467,5199.135,4363.190,4996.000,4967.583
130,5646.139,7011.077,6389.068,6401.250,5030.000,4089.250,5361.000,5430.417,5222.519,4456.476,5074.909,5043.250
131,5716.333,6996.077,6364.795,6430.583,5101.500,4096.125,5331.000,5504.583,5284.827,4425.333,5031.909,5057.583
132,5780.639,7017.231,6374.523,6506.667,5128.235,4151.125,5414.833,5573.067,5327.423,4435.333,5035.182,5103.667
133,5852.528,7005.385,6342.500,6519.417,5151.235,4139.750,5522.667,5679.083,5383.865,4408.476,5029.727,5188.917
134,5950.083,7023.308,6325.795,6505.333,5233.471,4110.750,5563.333,5744.667,5421.039,4421.571,5048.636,5269.750
135,5984.222,7040.077,6311.977,6544.167,5265.765,4098.500,5545.000,5848.383,5489.654,4406.333,5039.182,5308.583
136,6084.056,7014.846,6288.682,6572.417,5287.676,4100.375,5611.833,5914.633,5530.327,4428.048,5090.636,5465.833
137,6135.306,7014.615,6339.727,6542.583,5402.382,4095.000,5691.167,6025.317,5558.635,4432.524,5072.455,5551.167
138,6160.278,7053.269,6333.682,6538.250,5396.088,4108.875,5665.167,6063.433,5597.942,4404.048,5028.182,5697.417
139,6210.278,7077.769,6283.545,6607.083,5455.941,4102.500,5745.333,6160.233,5608.827,4414.429,5104.545,5802.750
140,6268.056,7086.654,6243.295,6621.833,5491.265,4081.750,5860.333,6242.167,5666.154,4400.048,5036.818,6023.417
141,6284.667,7088.154,6327.364,6611.917,5548.088,4103.750,5878.667,6329.550,5726.808,4429.667,5050.909,6172.500
142,6313.278,7026.615,6314.455,6586.333,5583.588,4122.125,5908.500,6418.050,5741.615,4428.286,5059.545,6298.500
143,6364.694,7010.000,6305.136,6620.667,5591.853,4121.375,5978.000,6461.533,5770.615,4395.952,5078.909,6523.000
144,6398.583,7009.808,6262.955,6642.333,5664.176,4143.875,6014.500,6566.333,5826.577,4427.857,5058.364,6651.083
145,6400.889,7043.000,6262.568,6635.000,5696.206,4090.375,6083.667,6603.517,5860.769,4436.143,5111.091,6788.167
146,6447.500,7045.731,6201.705,6587.500,5731.765,4087.875,6282.167,6655.350,5869.173,4421.095,5083.091,6892.250
147,6504.028,7044.846,6294.318,6609.750,5745.235,4138.625,6253.333,6726.933,5915.539,4377.952,5034.909,7062.167
148,6529.083,7064.461,6268.727,6629.750,5782.735,4096.500,6416.500,6784.850,5922.346,4424.095,5101.545,7240.750
149,6569.778,7036.039,6231.477,6641.333,5799.235,4121.500,6490.833,6834.800,5902.711,4444.667,5090.000,7317.917
150,6570.722,7072.308,6242.614,6630.000,5798.206,4068.375,6515.500,6860.217,5963.961,4442.143,5037.182,7418.083
151,6610.972,7031.192,6243.886,6617.083,5837.941,4130.250,6561.333,6922.517,5960.789,4442.762,5093.909,7509.000
152,6673.806,7062.000,6246.068,6639.000,5871.618,4118.500,6620.500,6960.700,6005.731,4433.905,5081.091,7634.500
153,6729.028,7054.077,6219.773,6614.000,5851.765,4099.625,6720.500,6989.867,5978.615,4445.048,5125.000,7762.583
154,6712.722,7083.154,6195.591,6621.750,5881.088,4135.000,6790.500,7045.450,5996.673,4444.143,5067.727,7881.750
155,6777.500,7056.231,6148.955,6692.583,5901.147,4081.125,6864.000,7037.183,6000.461,4442.714,5061.364,7982.500
156,6794.250,7082.654,6200.795,6674.250,5936.324,4121.875,6891.500,7056.300,6024.173,4447.952,5028.364,7946.417
157,6859.139,7088.231,6239.364,6664.500,5965.265,4144.750,6891.333,7033.517,6005.423,4395.476,5090.273,8102.167
158,6855.361,7027.231,6228.659,6635.833,5929.529,4128.375,6961.667,7064.100,6006.423,4452.905,5045.545,8209.333
159,6889.889,7067.923,6147.841,6630.250,6012.971,4099.875,7029.167,7078.200,6056.481,4403.333,5114.273,8229.083
160,6954.917,7082.961,6226.114,6632.083,5997.912,4050.875,7064.833,7082.417,6051.404,4407.238,5108.182,8387.833
161,6971.111,7130.000,6144.841,6666.667,5996.176,4077.125,7221.000,7100.700,6034.231,4443.429,5052.545,8380.250
162,6983.667,7061.346,6197.341,6676.250,5999.706,4138.750,7193.667,7123.733,6050.942,4446.905,5073.455,8441.583
163,7009.361,7087.692,6177.364,6679.583,6023.559,4161.000,7214.833,7145.700,6038.461,4450.048,5102.182,8578.250
164,7074.306,7053.961,6216.568,6598.583,6000.706,4167.000,7279.333,7184.267,6047.115,4408.333,5090.455,8543.750
165,7083.444,7047.577,6197.227,6694.750,6057.529,4063.750,7231.667,7205.867,6085.346,4437.619,5058.000,8575.750
166,7117.361,7043.115,6210.432,6717.833,6018.206,4081.250,7326.000,7238.467,6079.096,4412.619,5067.727,8744.417
167,7082.000,7065.769,6224.159,6687.500,6015.088,4131.625,7431.500,7232.667,6080.211,4416.476,5054.273,8843.583
168,7137.889,7077.385,6192.955,6618.167,6037.029,4117.750,7397.833,7227.417,6116.231,4411.714,5092.545,8825.250
169,7188.944,7079.885,6177.273,6677.250,6038.441,4133.625,7500.500,7272.833,6065.461,4423.095,5084.636,8888.333
170,7181.000,7039.000,6254.500,6709.583,6056.559,4112.500,7519.167,7259.700,6075.154,4419.857,5096.455,8895.667
171,7213.611,7068.731,6188.591,6677.000,6051.500,4137.375,7631.333,7254.333,6094.096,4419.429,5120.182,8898.500
172,7253.278,7065.846,6173.977,6667.333,6041.059,4206.250,7573.667,7292.267,6072.096,4450.000,5048.909,8952.417
173,7281.444,7070.769,6205.386,6719.750,6041.353,4161.375,7580.333,7289.950,6105.981,4436.333,5020.455,9000.583
174,7269.333,7046.846,6193.727,6691.667,6048.324,4158.625,7652.000,7280.833,6063.461,4410.524,5104.000,9027.083
175,7271.833,7036.077,6189.500,6585.250,6024.471,4145.250,7640.333,7275.300,6088.192,4425.095,5100.818,9091.250
176,7307.556,7074.308,6161.977,6634.083,6016.441,4135.750,7609.667,7290.967,6053.385,4419.000,5113.273,9083.667
177,7326.000,7074.539,6147.614,6626.667,6076.618,4070.125,7657.500,7266.950,6108.769,4420.619,5080.727,9114.667
178,7329.111,7072.231,6059.659,6652.833,6085.029,4087.375,7761.833,7258.717,6088.558,4455.952,5071.818,9177.250
179,7346.944,7073.077,6108.477,6647.833,6060.647,4078.375,7701.500,7259.317,6105.711,4373.190,5073.000,9206.083
180,7352.167,7021.731,6139.636,6712.917,6086.441,4145.625,7764.167,7277.667,6084.461,4432.524,5038.364,9283.000
181,7363.639,7006.000,6058.500,6691.000,6091.676,4100.625,7650.000,7279.917,6088.077,4394.381,5118.364,9267.500
182,7391.528,7068.423,6089.205,6599.833,6064.235,4049.750,7772.000,7262.833,6068.365,4409.857,5075.727,9231.333
183,7379.278,7073.423,6081.432,6702.500,6105.559,4170.125,7847.667,7272.283,6088.096,4399.048,5060.545,9289.667
184,7384.194,7068.154,6092.000,6684.250,6053.147,4064.750,7773.333,7264.933,6094.789,4413.238,5079.818,9342.000
185,7399.611,7038.615,6177.727,6678.333,6073.176,4086.875,7732.500,7235.383,6109.942,4409.857,5109.273,9323.750
186,7360.833,7048.192,6102.568,6661.083,6120.324,4108.875,7784.500,7270.133,6064.096,4415.333,5033.273,9353.000
187,7430.194,7050.885,6122.864,6643.583,6047.500,4127.125,7844.667,7246.333,6076.173,4412.429,5063.091,9353.667
188,7416.639,7056.077,6073.886,6691.333,6080.794,4057.125,7811.500,7232.667,6050.308,4407.714,5028.364,9421.833
189,7439.361,7062.192,6089.250,6711.833,6122.912,4115.250,7961.167,7235.067,6076.731,4442.286,5040.909,9416.917
190,7433.639,7022.961,6114.455,6605.583,6104.000,4129.125,7758.000,7220.567,6086.904,4429.524,5032.182,9418.583
191,7464.278,7052.308,6112.091,6704.417,6055.176,4109.250,7850.500,7233.433,6072.596,4427.333,5075.455,9435.417
192,7426.167,7061.461,6132.750,6644.000,6083.206,4109.000,7819.333,7223.900,6084.461,4403.333,5126.727,9448.667
193,7418.500,7048.961,6086.614,6700.250,6099.618,4076.000,7761.667,7222.067,6095.731,4435.571,5100.545,9474.417
194,7424.528,7047.654,6095.273,6648.500,6074.676,4105.625,7865.333,7227.417,6096.827,4434.762,5077.091,9515.333
195,7468.778,7037.192,6127.023,6697.000,6073.824,4082.125,7862.833,7186.150,6105.039,4442.048,5079.091,9508.500
196,7486.667,7033.269,6038.455,6656.750,6068.353,4178.750,7839.833,7210.267,6113.673,4427.190,5072.818,9498.667
197,7488.972,7019.539,6105.886,6684.583,6045.206,4107.375,7923.500,7166.617,6071.789,4431.857,5056.455,9491.500
198,7468.528,7053.308,6079.136,6656.583,6079.853,4118.250,7905.833,7189.400,6061.596,4387.476,5045.182,9490.333
199,7471.167,7065.308,6046.932,6631.167,6103.059,4129.625,7764.167,7193.267,6101.731,4438.952,5064.545,9620.250
200,7462.778,7023.769,6086.591,6617.750,6085.441,4162.375,7939.500,7185.717,6050.404,4427.238,5112.000,9532.333
201,7475.222,7037.615,6111.727,6638.583,6066.206,4075.875,7776.167,7178.083,6054.596,4403.667,5079.909,9574.833
202,7527.639,7052.000,6041.818,6683.833,6068.382,4172.625,7797.500,7196.250,6096.019,4417.524,5080.000,9521.500
203,7526.361,7066.269,5991.091,6650.750,6051.471,4094.000,7839.167,7181.783,6058.904,4369.381,5038.364,9611.250
204,7501.667,7016.846,6034.727,6710.917,6092.912,4093.500,7889.333,7156.750,6091.461,4438.667,5071.364,9567.917
205,7522.389,7062.500,6043.409,6692.250,6072.794,4067.000,7867.333,7186.017,6092.269,4401.762,5047.273,9569.583
206,7525.722,7039.115,6058.909,6720.333,6097.500,4167.875,7852.000,7175.600,6071.096,4459.714,5031.182,9624.667
207,7508.639,7045.461,6096.273,6658.500,6086.000,4153.500,7824.833,7158.117,6099.942,4414.857,5031.909,9568.833
208,7526.028,7024.577,6044.500,6680.583,6071.912,4117.250,7834.667,7137.683,6079.346,4418.857,5058.818,9560.583
209,7493.833,6977.461,6042.045,6593.667,6073.676,4085.875,7842.667,7128.450,6073.461,4442.095,5136.273,9603.167
210,7481.556,7056.923,6083.205,6626.667,6062.059,4133.750,7783.333,7125.583,6039.827,4406.143,5053.818,9592.917
211,7520.250,7037.308,6007.568,6609.667,6041.676,4162.125,7819.333,7145.717,6001.192,4429.762,5040.000,9630.250
212,7526.056,7052.731,6081.909,6584.333,6060.000,4113.875,7811.333,7121.367,6040.789,4433.905,5034.091,9584.417
213,7518.611,6994.385,6061.909,6664.417,6031.235,4099.000,7894.333,7129.283,5998.481,4427.667,5052.545,9602.583
214,7541.972,7038.500,6063.000,6617.833,6025.029,4084.625,7696.333,7122.333,6022.154,4434.667,5060.545,9627.000
215,7506.778,7049.154,6087.727,6670.583,6038.647,4103.375,7726.333,7080.717,6006.269,4426.381,5039.545,9629.167
216,7537.028,7004.692,6085.568,6680.000,5997.529,4098.125,7747.667,7079.133,6020.885,4421.381,5052.455,9520.750
217,7542.806,6990.231,6017.023,6628.500,6004.559,4128.250,7733.167,7084.867,6010.865,4397.476,5068.727,9545.417
218,7520.861,7035.846,6022.227,6638.333,5989.588,4097.625,7699.000,7089.067,5970.077,4411.476,5023.818,9623.333
219,7505.861,7008.731,5986.432,6648.917,6012.412,4114.750,7695.500,7072.933,5990.635,4387.571,5106.636,9579.750
220,7524.972,6987.308,6040.000,6628.250,5955.529,4093.125,7722.167,7052.183,5968.596,4413.952,5006.182,9575.333
221,7531.444,7052.615,6021.409,6605.833,5949.235,4091.250,7633.167,7022.450,6009.827,4391.190,5088.091,9604.917
222,7498.583,7011.654,6034.659,6649.917,5991.794,4152.500,7541.667,7021.617,6022.346,4410.333,5061.364,9587.833
223,7530.500,7016.923,6014.386,6669.000,5960.235,4129.500,7693.000,7036.917,5982.058,4448.714,5083.636,9534.583
224,7500.917,6987.846,6012.977,6559.417,5949.000,4143.875,7633.500,7019.950,6001.385,4424.429,5086.091,9564.083
225,7492.611,6939.039,5984.727,6610.083,5975.529,4057.875,7620.333,7009.450,6006.654,4414.619,5051.545,9671.917
226,7518.194,7000.692,5938.614,6592.333,5935.529,4020.375,7583.667,6986.117,5970.711,4392.333,5038.727,9508.000
227,7494.944,7007.000,5901.614,6633.000,5927.971,4055.875,7583.333,6989.267,6016.961,4377.905,5086.000,9574.750
228,7504.917,7010.308,5958.500,6577.417,5927.647,4096.375,7547.167,6960.167,5995.327,4380.952,5002.455,9633.083
229,7491.722,7027.500,5977.705,6641.750,5955.882,4094.625,7516.833,6940.117,5989.654,4404.667,5077.455,9566.583
230,7498.278,6978.961,5928.864,6627.167,5921.971,4055.500,7554.333,6933.217,5988.750,4376.714,5031.545,9598.000
231,7548.583,7017.154,5967.773,6552.833,5894.647,4137.875,7511.500,6928.967,6012.019,4425.000,5099.545,9582.917
232,7514.639,6983.885,5983.932,6593.250,5886.794,4126.750,7489.833,6928.200,5988.461,4402.000,5027.273,9568.000
233,7479.222,7023.769,5971.023,6663.667,5902.353,4124.250,7538.000,6887.517,5963.923,4423.000,5040.273,9591.917
234,7494.083,7028.308,5984.068,6612.083,5874.824,4133.625,7507.667,6852.217,5959.558,4403.286,5019.909,9490.333
235,7511.083,6956.077,6013.886,6622.750,5860.029,4104.875,7485.500,6900.233,5956.365,4383.714,5031.727,9588.250
236,7528.250,6996.461,5938.318,6573.833,5846.353,4126.500,7494.667,6868.233,5952.154,4415.714,5091.273,9572.583
237,7493.889,7001.423,5990.318,6556.250,5882.294,4121.000,7478.000,6870.283,5940.308,4408.714,5026.909,9638.833
238,7493.194,6995.539,5967.909,6602.417,5837.588,4106.250,7398.500,6837.067,5899.731,4405.381,5056.364,9526.167
239,7502.500,6992.039,5984.182,6598.917,5820.912,4055.500,7379.333,6823.833,5910.231,4368.286,5052.000,9532.667
240,7492.306,7031.346,5911.773,6607.333,5809.324,4081.875,7423.167,6817.033,5870.596,4393.286,5076.818,9508.833
241,7494.583,6978.769,5900.136,6612.167,5807.176,4101.750,7376.167,6789.483,5846.231,4430.476,5013.000,9448.750
242,7480.833,6990.115,5911.477,6577.833,5796.882,4072.375,7247.833,6743.650,5829.808,4404.667,5090.727,9484.917
243,7523.028,6981.923,5922.795,6569.083,5788.000,4049.250,7342.167,6726.400,5834.404,4396.143,5050.091,9525.500
244,7487.889,6977.885,5926.977,6603.083,5746.735,4041.625,7269.500,6696.733,5835.000,4366.286,5026.273,9543.333
245,7519.861,6928.039,5896.068,6629.667,5777.294,4039.250,7260.000,6697.367,5853.461,4395.714,5052.000,9496.417
246,7471.972,6987.461,5873.273,6599.167,5742.971,4052.250,7228.167,6674.867,5821.231,4417.524,5002.636,9474.667
247,7531.333,7000.500,5910.750,6581.167,5773.176,4094.750,7296.833,6654.333,5796.961,4406.952,4997.273,9410.667
248,7520.528,6960.961,5887.205,6631.583,5718.912,4096.750,7299.833,6634.867,5791.231,4428.095,5102.000,9535.750
249,7510.722,6969.846,5898.818,6563.083,5706.794,4116.875,7146.500,6603.617,5777.385,4377.762,5047.818,9398.083
250,7535.222,6980.500,5916.591,6569.583,5674.118,4129.500,7174.167,6588.600,5748.827,4382.429,5086.091,9494.833
251,7486.306,6926.769,5863.182,6576.167,5687.559,4046.750,7155.500,6540.683,5789.635,4390.000,5027.636,9424.750
252,7516.778,6987.115,5858.023,6538.667,5707.853,4057.125,7168.333,6542.467,5764.635,4415.286,5052.182,9525.583
253,7517.250,6976.615,5905.727,6566.083,5696.000,4091.875,7104.667,6502.867,5752.231,4376.429,5018.091,9436.500
254,7473.972,6989.731,5908.114,6543.417,5690.265,4049.500,7098.833,6464.067,5753.154,4408.714,5011.364,9434.583
255,7540.639,6970.077,5851.568,6557.083,5660.588,4103.125,6999.000,6474.150,5753.904,4413.381,5046.545,9409.167
256,7491.278,6983.039,5862.159,6586.167,5627.500,4093.250,7069.333,6434.950,5743.596,4373.000,5053.909,9393.667
257,7542.306,6985.808,5874.091,6545.917,5625.235,4092.625,7086.833,6399.800,5684.250,4346.286,5064.182,9379.667
258,7516.111,6972.346,5871.045,6561.083,5641.559,4052.875,7092.833,6395.033,5697.961,4383.143,5042.909,9434.500
259,7520.667,7000.308,5905.977,6600.000,5621.235,4120.750,7021.000,6342.750,5709.423,4395.714,5053.273,9399.583
260,7504.861,6976.731,5911.727,6553.833,5630.647,4078.750,6974.000,6336.267,5695.615,4370.476,5043.909,9387.500
261,7532.250,6922.346,5865.341,6534.167,5580.235,4091.875,7053.500,6325.117,5695.846,4412.095,4999.364,9337.500
262,7499.444,6974.731,5938.864,6563.083,5604.676,4099.750,7063.500,6311.717,5681.500,4380.048,5054.182,9341.083
263,7514.611,6944.500,5905.545,6545.417,5579.912,4069.375,6896.000,6288.800,5665.789,4404.190,5065.545,9374.667
264,7502.528,6971.692,5860.000,6534.167,5574.118,4099.375,6971.833,6242.700,5661.365,4361.048,4986.364,9308.750
265,7494.944,6955.115,5883.068,6551.500,5572.588,4099.250,6853.667,6223.383,5623.327,4371.143,5044.273,9277.167
266,7513.639,6929.846,5958.841,6576.667,5548.000,4081.375,6891.000,6226.133,5584.096,4360.571,5024.636,9350.167
267,7490.806,6946.692,5834.205,6532.417,5511.912,4068.875,6903.500,6179.983,5589.211,4374.857,5050.455,9273.083
268,7464.361,6953.385,5864.795,6502.250,5536.706,4103.375,6857.500,6189.233,5569.981,4387.238,5014.909,9288.833
269,7515.833,6914.577,5902.477,6511.000,5501.059,4124.125,6789.333,6155.250,5551.231,4372.571,5042.909,9280.833
270,7516.611,6922.885,5854.659,6514.833,5512.324,4015.625,6848.333,6131.900,5525.961,4395.619,5064.727,9231.000
271,7531.250,6931.308,5833.795,6525.667,5485.088,4017.625,6830.000,6159.617,5509.673,4372.714,5054.273,9278.000
272,7523.444,6919.231,5886.341,6494.250,5479.088,4086.000,6746.167,6091.233,5512.923,4383.238,5040.727,9248.750
273,7481.000,6950.269,5796.614,6539.417,5465.794,4052.875,6742.833,6088.467,5523.423,4378.619,5058.727,9287.667
274,7500.500,6897.077,5893.682,6601.083,5435.853,4096.875,6718.667,6096.783,5471.731,4384.429,5031.636,9228.833
275,7514.944,6924.961,5876.773,6538.083,5439.735,4108.625,6727.167,6022.833,5460.692,4377.857,5058.636,9227.167
276,7531.278,6905.923,5849.932,6556.083,5423.353,4008.375,6605.333,6040.533,5449.692,4378.810,5001.000,9144.833
277,7463.722,6928.461,5903.227,6485.250,5423.353,4051.875,6636.000,5985.500,5444.519,4346.619,5032.818,9232.833
278,7478.944,6937.961,5906.250,6508.250,5399.559,4040.000,6652.667,5974.533,5405.058,4389.429,5059.364,9206.833
279,7456.556,6897.731,5861.727,6521.917,5400.941,4047.125,6624.500,5957.000,5413.423,4382.524,5055.091,9152.917
280,7460.361,6966.039,5895.614,6575.333,5369.676,4011.125,6458.333,5958.217,5368.654,4385.429,5068.273,9141.250
281,7473.639,6898.385,5915.500,6533.333,5375.676,4038.500,6590.333,5921.050,5394.173,4372.333,5040.091,9060.917
282,7470.861,6965.500,5822.045,6523.250,5365.735,4037.625,6643.667,5899.933,5354.635,4386.762,5025.000,9104.583
283,7484.250,6908.077,5882.886,6494.250,5320.971,4068.375,6478.667,5923.900,5340.789,4359.381,5050.636,9083.917
284,7431.389,6899.615,5915.682,6478.750,5323.029,4049.875,6522.500,5909.650,5315.731,4376.857,5053.091,9051.500
285,7492.000,6949.539,5838.159,6429.667,5323.029,4080.375,6498.333,5882.783,5309.365,4356.429,5036.909,9051.167
286,7454.556,6917.577,5854.205,6520.583,5296.765,4044.750,6561.000,5870.117,5309.019,4351.857,5005.182,9024.583
287,7436.917,6911.923,5833.864,6527.083,5272.824,4094.250,6446.667,5830.233,5297.711,4342.762,4991.273,9082.250
288,7461.194,6908.961,5773.500,6490.333,5260.559,4045.125,6395.500,5829.683,5293.000,4399.571,5038.364,9015.250
289,7459.361,6875.731,5822.136,6558.333,5256.029,4031.500,6357.500,5805.750,5264.154,4400.381,5045.909,8999.583
290,7449.806,6896.769,5845.000,6520.667,5228.118,4088.750,6370.833,5747.150,5267.885,4373.905,5015.000,8971.000
291,7447.250,6917.846,5838.682,6524.917,5238.676,4094.250,6376.667,5735.817,5259.096,4356.143,5055.818,8956.000
292,7438.028,6917.423,5780.091,6440.750,5206.382,4027.875,6325.000,5729.517,5246.039,4368.143,5032.182,8972.917
293,7460.694,6910.808,5852.159,6483.667,5196.971,4049.125,6339.667,5712.083,5233.019,4369.190,5047.545,8951.750
294,7415.111,6934.885,5791.773,6459.583,5195.559,4074.750,6295.833,5687.183,5236.961,4343.381,5051.000,8939.750
295,7420.556,6944.615,5778.523,6456.417,5182.294,4068.125,6259.333,5656.133,5224.365,4388.571,5029.364,8876.833
296,7415.611,6943.000,5784.045,6523.667,5146.441,4095.000,6280.667,5628.333,5213.192,4393.000,5041.818,8930.500
297,7416.694,6873.654,5799.614,6505.500,5138.000,3990.625,6262.833,5603.650,5205.000,4366.571,4997.636,8950.583
298,7402.917,6909.231,5783.432,6509.500,5152.235,4078.750,6275.333,5573.633,5198.635,4390.381,5034.636,8857.500
299,7358.611,6907.808,5837.568,6483.000,5131.147,4040.750,6148.833,5552.167,5168.635,4342.381,5024.364,8870.583
300,7408.000,6895.923,5804.432,6496.917,5084.676,4053.000,6195.167,5516.767,5165.731,4322.619,5038.091,8817.917
301,7428.056,6864.808,5786.318,6498.917,5093.029,4080.375,6135.667,5513.067,5172.077,4335.952,5036.455,8831.250
302,7389.694,6886.000,5780.636,6459.583,5069.000,4048.750,6082.000,5487.817,5139.923,4377.762,4998.636,8742.667
303,7394.667,6837.461,5849.545,6559.250,5076.676,4052.375,6133.000,5455.733,5116.423,4376.286,5034.091,8710.167
304,7396.611,6873.692,5796.864,6478.583,5053.971,4037.625,6077.167,5441.100,5099.231,4385.286,5039.364,8780.583
305,7383.139,6852.846,5830.409,6517.583,5048.353,4052.500,6173.833,5406.267,5131.000,4357.048,5030.000,8721.750
306,7411.556,6870.769,5822.091,6456.917,5002.353,4098.125,6074.000,5399.750,5101.923,4356.667,5023.000,8725.167
307,7393.000,6875.039,5813.409,6486.917,5011.647,4085.500,6054.667,5347.583,5105.846,4347.667,5008.364,8670.083
308,7347.306,6860.577,5838.114,6425.583,5015.706,4033.750,6058.667,5375.533,5095.423,4364.857,5046.545,8670.000
309,7381.111,6864.577,5835.750,6459.417,4993.588,4076.500,6006.333,5356.933,5077.481,4363.857,5009.091,8639.167
310,7393.278,6825.385,5782.068,6469.333,4969.853,4045.875,6017.000,5329.600,5097.615,4359.190,5007.455,8646.667
311,7379.083,6876.385,5825.341,6454.833,4993.647,4026.125,5973.500,5299.400,5067.500,4355.762,5057.636,8678.750
312,7333.694,6872.000,5824.477,6442.583,4969.971,4030.875,5999.333,5289.683,5077.789,4355.667,5027.727,8604.500
313,7375.917,6878.000,5821.318,6469.500,4960.235,4014.625,5944.167,5272.033,5079.904,4366.143,5010.273,8621.167
314,7362.111,6858.961,5776.955,6455.250,4956.882,4057.500,5940.500,5258.067,5062.423,4352.905,4998.273,8603.750
315,7314.778,6888.615,5787.568,6449.083,4927.765,4040.250,5892.000,5244.400,5035.250,4338.762,4944.818,8553.833
316,7322.694,6865.385,5773.864,6413.667,4918.471,4030.000,5857.833,5240.033,5058.115,4376.333,4972.273,8572.250
317,7327.944,6834.731,5775.182,6464.333,4911.235,4055.375,5926.667,5201.317,5012.789,4360.048,4945.455,8525.833
318,7315.194,6866.654,5781.909,6465.500,4907.471,4000.000,5782.833,5176.350,5021.731,4378.286,4996.545,8500.167
319,7338.111,6907.923,5745.727,6439.250,4884.059,4019.375,5924.167,5168.483,5022.308,4328.619,4985.091,8428.417
320,7283.639,6853.154,5741.455,6478.833,4866.206,3987.250,5743.167,5162.650,5009.173,4378.952,5007.636,8485.833
321,7290.417,6888.077,5768.318,6447.917,4872.882,3994.875,5789.167,5112.700,5023.365,4326.619,5024.091,8456.750
322,7304.833,6835.654,5776.432,6408.250,4845.618,4013.125,5801.000,5114.317,5042.673,4352.619,4996.364,8441.417
323,7309.750,6848.961,5727.409,6387.583,4837.412,4019.500,5796.000,5111.450,4990.173,4347.238,5000.455,8435.167
324,7268.806,6846.346,5736.523,6429.500,4823.206,4029.750,5775.167,5102.083,4999.461,4312.048,4965.727,8381.167
325,7267.694,6877.423,5711.886,6436.583,4802.618,4031.875,5809.167,5073.950,4993.481,4355.286,5048.818,8467.083
326,7245.611,6796.923,5762.500,6480.333,4815.971,4016.000,5708.667,5069.117,4996.846,4360.381,5028.818,8357.250
327,7228.250,6849.769,5705.636,6370.917,4803.794,4018.000,5701.667,5024.850,4977.904,4347.286,5018.182,8244.167
328,7233.028,6844.385,5753.705,6363.667,4766.765,4022.250,5727.500,5026.883,4986.019,4394.048,4990.364,8222.500
329,7204.972,6867.385,5729.364,6428.500,4756.735,4048.500,5666.000,5035.000,4972.308,4327.810,5026.000,8142.167
330,7268.000,6836.077,5787.727,6420.583,4765.353,4033.000,5675.500,5011.650,4967.500,4345.952,4955.364,8235.500
331,7247.889,6843.231,5741.205,6444.083,4719.000,4042.875,5629.667,4974.567,4939.519,4375.667,4960.455,8187.417
332,7215.944,6851.000,5727.545,6424.750,4725.912,4036.375,5598.500,4981.767,4942.173,4374.429,4955.273,8179.833
333,7218.111,6872.846,5725.977,6392.500,4725.000,4039.500,5663.333,4941.250,4949.846,4348.095,5018.818,8112.417
334,7204.611,6857.000,5771.568,6407.167,4685.500,4031.500,5681.500,4953.100,4952.865,4336.048,4937.182,8128.333
335,7217.750,6851.654,5745.545,6400.583,4717.618,4009.000,5642.167,4949.400,4904.789,4338.190,4977.273,8056.500
336,7213.333,6823.654,5749.795,6372.417,4677.294,4067.625,5582.833,4896.183,4917.500,4364.238,5007.455,8108.833
337,7188.861,6825.731,5785.932,6412.833,4652.059,4060.750,5636.667,4929.067,4906.596,4329.095,5043.455,8032.417
338,7220.278,6853.461,5725.091,6428.417,4682.471,4037.250,5606.000,4914.417,4925.596,4361.762,4997.545,8055.333
339,7174.222,6793.539,5779.659,6388.000,4686.059,4009.875,5588.167,4889.700,4922.385,4314.381,4997.091,7977.250
340,7168.389,6832.615,5759.227,6406.833,4684.941,4028.125,5566.333,4882.617,4902.865,4355.000,5027.182,7940.000
341,7147.583,6813.885,5701.091,6417.000,4649.382,4013.125,5485.000,4874.717,4902.539,4351.190,4989.818,7992.333
342,7148.389,6847.846,5679.068,6405.000,4624.529,4055.000,5563.333,4834.333,4887.519,4329.095,4976.636,7906.083
343,7153.944,6849.346,5788.591,6368.417,4627.500,4071.750,5503.833,4862.267,4873.865,4344.429,4949.182,7888.833
344,7120.889,6855.731,5724.068,6388.333,4607.412,3994.500,5517.167,4846.650,4859.904,4352.667,4998.000,7791.000
345,7112.639,6803.269,5734.773,6358.167,4625.618,3958.250,5561.833,4799.600,4881.442,4379.857,4992.273,7831.250
346,7118.417,6859.000,5701.136,6386.750,4611.882,4061.000,5532.833,4808.200,4877.442,4312.095,4998.455,7831.750
347,7097.056,6856.577,5684.614,6365.417,4612.500,3997.250,5498.000,4819.317,4883.846,4328.000,4992.364,7818.917
348,7153.028,6791.731,5669.818,6398.750,4591.088,3972.500,5444.167,4799.783,4854.654,4339.095,5006.091,7797.167
349,7104.111,6824.269,5736.250,6357.750,4577.706,3971.625,5490.667,4782.200,4867.423,4344.524,4960.727,7744.417
350,7081.750,6839.269,5651.977,6378.083,4541.912,4060.000,5452.833,4771.883,4860.500,4316.381,4964.273,7711.583
351,7094.167,6792.654,5732.659,6406.667,4562.765,3984.875,5506.500,4806.633,4848.096,4326.952,5041.636,7658.833
352,7049.306,6851.923,5687.568,6381.750,4557.941,4019.875,5400.500,4771.350,4831.519,4362.667,4974.909,7669.833
353,7076.722,6821.808,5681.091,6370.750,4526.735,4046.625,5444.000,4759.050,4847.769,4317.381,5008.455,7668.333
354,7031.500,6771.192,5649.636,6384.250,4524.529,3984.875,5413.667,4752.417,4825.173,4349.762,4948.545,7572.917
355,7085.861,6798.039,5685.727,6383.417,4540.588,4034.875,5438.167,4754.883,4843.308,4341.571,4955.455,7513.417
356,7051.889,6825.000,5589.773,6359.917,4503.824,4003.875,5392.333,4732.667,4834.058,4344.048,4964.909,7563.417
357,7031.472,6816.539,5670.523,6448.083,4517.559,3984.750,5365.333,4723.767,4822.231,4314.571,4948.909,7590.667
358,7023.583,6818.692,5673.636,6380.250,4521.765,3972.875,5386.833,4725.567,4844.173,4354.762,4977.818,7458.750
359,7022.306,6836.615,5694.159,6347.500,4487.471,3946.125,5361.333,4710.733,4844.019,4359.857,4989.909,7507.750
360,7005.417,6804.269,5650.318,6326.417,4471.588,4052.250,5398.833,4728.233,4786.211,4363.857,4927.273,7468.833
361,6990.444,6849.077,5703.455,6376.000,4458.441,4025.750,5363.833,4697.167,4807.596,4334.381,4938.636,7396.000
362,6946.111,6803.500,5728.841,6362.333,4491.441,4026.000,5273.667,4709.133,4829.231,4340.810,4933.909,7439.417
363,6945.889,6828.115,5706.386,6380.500,4469.353,4036.500,5364.500,4703.650,4796.058,4328.762,4941.818,7372.167
364,6936.333,6800.461,5676.455,6365.917,4472.118,4039.375,5328.833,4671.867,4813.596,4345.190,4976.364,7378.083
365,6973.472,6819.154,5653.636,6309.583,4431.441,3993.000,5396.833,4665.283,4792.769,4309.571,4973.909,7305.250
366,6945.278,6791.769,5663.273,6337.583,4414.647,4011.125,5255.833,4679.783,4790.558,4343.667,4953.091,7279.417
367,6891.111,6805.808,5670.432,6368.083,4425.147,4030.625,5338.000,4659.767,4793.231,4328.714,4949.909,7328.250
368,6890.111,6776.269,5707.909,6309.833,4431.382,4013.500,5297.667,4671.017,4771.461,4349.619,4960.636,7157.667
369,6901.528,6780.115,5632.545,6367.167,4404.618,3973.375,5232.833,4652.967,4794.731,4356.381,4962.636,7203.250
370,6901.778,6770.846,5680.614,6341.167,4413.588,3987.625,5300.333,4621.583,4790.000,4340.000,4994.636,7179.333
371,6885.000,6775.885,5657.205,6331.833,4407.794,3984.625,5262.000,4637.733,4781.789,4329.381,4940.273,7182.417
372,6818.306,6800.192,5649.932,6275.833,4377.471,3989.250,5313.667,4644.417,4785.404,4365.429,4940.000,7144.417
373,6842.917,6783.577,5644.955,6317.333,4401.529,3974.000,5218.167,4635.050,4774.115,4327.524,4959.455,7107.917
374,6826.806,6813.039,5691.409,6319.500,4386.059,4028.625,5215.500,4608.933,4772.750,4351.571,4975.727,7078.667
375,6861.278,6791.500,5621.477,6364.083,4378.647,3983.375,5221.667,4625.817,4758.673,4328.952,4944.364,7031.083
376,6818.528,6802.461,5637.409,6367.667,4361.176,4009.375,5304.333,4602.600,4769.808,4363.000,4990.818,7035.500
377,6790.278,6803.385,5655.523,6322.500,4354.676,4029.500,5258.500,4593.800,4764.058,4350.857,4982.636,7055.333
378,6799.056,6796.077,5616.750,6340.750,4335.029,3988.250,5164.333,4583.283,4733.385,4344.524,4947.636,6982.500
379,6754.250,6783.846,5604.727,6384.833,4360.794,3965.875,5192.500,4571.133,4761.673,4332.857,4917.364,6938.333
380,6752.222,6818.461,5705.636,6326.000,4330.618,4031.875,5194.500,4577.317,4760.308,4327.476,4940.909,6905.333
381,6771.694,6795.346,5628.114,6269.333,4316.529,4009.250,5222.000,4596.567,4787.961,4342.714,4945.182,6881.833
382,6718.472,6808.039,5641.864,6317.333,4306.912,4020.750,5203.333,4574.533,4728.654,4326.571,4961.727,6899.250
383,6701.694,6770.731,5598.841,6267.417,4301.706,3981.625,5202.667,4590.817,4724.942,4317.238,4940.182,6788.417
384,6713.444,6765.654,5624.773,6321.417,4307.118,4058.375,5164.833,4581.283,4733.731,4369.619,4949.545,6860.667
385,6709.611,6794.539,5569.091,6290.417,4290.176,3987.875,5158.167,4564.100,4762.539,4332.952,4904.909,6762.750
386,6673.417,6801.154,5601.818,6315.333,4318.088,3987.750,5184.500,4552.083,4744.211,4314.190,4949.364,6779.500
387,6675.139,6777.192,5541.636,6385.667,4281.029,3968.375,5201.333,4565.967,4733.289,4342.952,4933.909,6721.167
388,6662.639,6798.461,5505.409,6292.417,4289.118,3914.500,5160.667,4565.217,4766.519,4372.524,4947.909,6734.750
389,6659.389,6798.423,5531.227,6318.417,4269.765,3962.875,5099.000,4535.500,4750.154,4359.095,4968.091,6746.083
390,6604.167,6777.461,5563.932,6304.583,4262.912,3958.750,5114.500,4556.350,4734.308,4367.333,4948.455,6630.083
391,6613.833,6778.692,5520.477,6281.083,4260.265,3999.625,5127.500,4543.133,4743.731,4320.286,4969.364,6664.500
392,6626.639,6769.923,5572.273,6316.500,4279.824,3933.250,5134.833,4545.483,4734.923,4311.000,4985.455,6582.750
393,6616.444,6752.192,5554.364,6331.500,4274.529,3964.125,5067.000,4557.817,4733.058,4309.000,4973.273,6610.583
394,6554.750,6753.115,5584.364,6312.167,4259.824,3968.875,5130.667,4543.317,4736.711,4342.714,4980.000,6569.083
395,6539.556,6764.539,5584.341,6296.000,4271.882,3983.750,5126.167,4555.833,4731.154,4320.238,4925.818,6556.750
396,6554.861,6759.731,5584.205,6336.917,4226.647,3990.000,5046.500,4516.717,4748.289,4328.905,4936.182,6566.833
397,6542.556,6810.423,5572.523,6331.750,4227.412,3936.375,5168.167,4550.067,4741.558,4329.286,4938.273,6537.917
398,6541.389,6788.461,5598.886,6343.333,4238.029,3959.000,5101.167,4530.483,4734.635,4342.619,4938.273,6476.083
399,6482.806,6796.346,5649.136,6256.167,4233.353,4026.000,5134.000,4534.867,4727.019,4333.762,4919.909,6496.750
400,6531.000,6809.885,5526.795,6296.750,4231.353,3997.750,5022.833,4546.033,4739.039,4315.762,4906.091,6416.750
401,6516.944,6814.808,5577.932,6361.167,4222.647,4032.875,5092.833,4540.317,4730.115,4352.476,4944.636,6452.250
402,6500.667,6768.000,5513.068,6337.583,4220.706,4040.750,5071.333,4530.750,4741.058,4318.524,4913.273,6405.500
403,6475.917,6779.231,5560.818,6293.667,4216.294,3984.750,5076.333,4545.350,4741.808,4312.857,4889.909,6410.667
404,6430.917,6739.654,5533.023,6361.583,4207.265,3975.250,5077.833,4511.483,4717.500,4346.524,4950.091,6400.333
405,6464.361,6757.577,5586.750,6294.417,4191.912,3989.875,5134.000,4517.833,4722.961,4352.905,4946.727,6282.333
406,6414.583,6775.961,5542.364,6268.000,4188.088,3917.750,5049.333,4523.600,4738.769,4331.810,4942.818,6314.417
407,6399.500,6766.461,5592.932,6269.333,4191.559,3983.750,5094.667,4522.450,4705.789,4332.905,4918.636,6285.000
408,6394.361,6805.923,5579.000,6305.167,4186.559,3966.500,5054.167,4505.350,4723.423,4316.238,4953.545,6321.083
409,6371.528,6790.192,5568.432,6306.917,4190.353,3963.375,5106.667,4529.933,4697.539,4327.667,4988.273,6285.667
410,6357.444,6740.423,5515.000,6249.667,4161.059,3973.875,5070.167,4526.533,4731.692,4312.571,4920.091,6269.583
411,6346.444,6765.154,5553.068,6212.500,4169.853,3965.125,5121.167,4492.383,4734.327,4330.333,4920.818,6224.000
412,6353.139,6730.077,5523.295,6245.333,4169.882,3979.250,5099.833,4501.567,4721.231,4336.429,4935.545,6236.583
413,6318.194,6776.808,5596.045,6300.583,4181.088,4009.000,5012.000,4502.150,4716.211,4358.619,4957.545,6161.167
414,6318.139,6777.808,5547.795,6252.833,4149.265,3947.250,4993.000,4501.983,4706.365,4348.190,4935.273,6179.917
415,6292.611,6781.885,5448.227,6280.250,4163.294,3956.750,5044.000,4498.700,4715.692,4321.190,4925.182,6199.833
416,6268.167,6777.269,5473.932,6249.083,4163.500,3920.000,5022.167,4517.017,4738.308,4321.667,4935.455,6143.833
417,6246.472,6761.385,5446.500,6276.750,4155.353,3965.625,4999.167,4497.300,4694.135,4343.619,4953.636,6133.000
418,6257.611,6757.808,5491.568,6275.750,4170.176,3975.000,5047.000,4501.300,4697.789,4358.905,4931.909,6168.833
419,6229.361,6766.461,5456.045,6300.833,4138.824,3942.875,5079.500,4494.183,4711.154,4335.238,4911.091,6044.583
420,6206.972,6794.846,5458.364,6239.833,4146.147,3948.000,5034.667,4491.200,4705.481,4317.286,4913.545,6066.417
421,6187.306,6791.000,5512.886,6280.333,4138.324,3974.000,5034.500,4484.667,4717.769,4314.143,4934.636,6039.000
422,6174.111,6801.039,5487.864,6241.000,4146.412,3963.750,5010.500,4492.883,4729.211,4336.714,4932.455,6074.250
423,6145.778,6761.115,5496.432,6334.083,4143.382,3917.125,5044.833,4493.817,4708.500,4351.619,4927.182,6035.667
424,6186.167,6768.308,5470.864,6241.583,4149.529,3950.250,4953.500,4491.250,4712.615,4315.857,4943.000,5997.083
425,6143.944,6776.077,5437.636,6277.000,4133.176,3878.750,4998.500,4493.867,4721.000,4325.333,4904.273,6046.083
426,6104.083,6741.961,5487.886,6275.583,4135.676,3948.125,4918.333,4493.500,4718.077,4345.238,4931.273,6001.750
427,6108.556,6757.154,5479.705,6239.500,4125.176,3985.250,5004.500,4498.250,4697.596,4331.857,4937.727,5976.667
428,6093.639,6791.192,5516.273,6287.417,4117.000,3934.250,4994.833,4477.117,4692.019,4343.762,4914.455,6018.667
429,6066.389,6794.039,5475.386,6314.417,4122.794,3973.625,5021.833,4490.383,4709.654,4355.857,4902.182,5982.167
430,6075.806,6758.308,5480.705,6245.417,4142.412,3979.500,4955.667,4494.083,4714.865,4325.333,4942.091,5910.083
431,6026.861,6751.961,5470.432,6295.750,4149.000,3982.250,5003.000,4472.217,4719.731,4342.286,4908.364,5912.083
432,6018.917,6742.923,5444.477,6272.500,4102.882,3973.000,4963.667,4482.183,4697.519,4317.524,4918.273,5937.583
433,5989.250,6774.846,5477.773,6224.583,4107.206,3959.625,5010.667,4475.950,4710.942,4339.476,4925.909,5893.167
434,6006.444,6746.769,5455.091,6278.500,4094.000,3985.625,5003.833,4476.267,4688.250,4287.762,4931.182,5869.250
435,5958.667,6733.577,5492.659,6238.833,4107.941,3989.375,5016.833,4487.083,4692.731,4347.048,4914.273,5918.167
436,5963.611,6732.808,5487.500,6262.250,4114.794,3990.500,4966.667,4474.017,4691.461,4359.048,4895.091,5882.500
437,5938.417,6767.192,5468.455,6233.333,4092.265,3974.625,4998.333,4483.333,4689.558,4357.095,4931.000,5812.917
438,5924.861,6749.192,5483.386,6278.917,4081.177,3976.250,4987.000,4458.150,4683.269,4353.571,4899.455,5867.167
439,5909.028,6756.269,5517.705,6244.333,4076.794,3968.125,5022.167,4487.317,4690.365,4336.190,4898.636,5864.500
440,5873.778,6780.192,5521.136,6316.583,4091.647,3984.000,4964.833,4466.433,4690.365,4359.095,4914.727,5795.083
441,5867.528,6814.192,5474.159,6243.750,4093.941,3942.875,4925.333,4460.250,4680.731,4316.381,4905.364,5761.917
442,5866.944,6763.500,5479.659,6274.167,4129.324,4001.125,4939.833,4479.000,4695.481,4327.000,4942.818,5716.500
443,5832.056,6717.692,5518.841,6221.417,4086.941,3967.375,4979.500,4471.950,4679.019,4325.571,4882.909,5801.167
444,5830.389,6772.077,5488.773,6233.167,4082.088,3986.625,4937.667,4468.183,4703.250,4323.333,4883.273,5768.583
445,5802.139,6738.115,5519.864,6270.083,4104.500,3967.000,4977.167,4468.283,4704.692,4346.286,4909.909,5707.167
446,5772.278,6738.115,5502.205,6256.583,4083.794,4025.125,4975.667,4458.800,4680.865,4299.143,4911.000,5691.917
447,5807.889,6737.731,5450.955,6249.833,4087.382,3934.625,4963.667,4469.300,4686.750,4341.905,4923.545,5702.417
448,5755.806,6776.346,5456.977,6235.750,4081.647,3982.250,4964.500,4470.367,4690.789,4337.381,4913.545,5724.667
449,5779.500,6738.269,5465.886,6281.583,4088.853,3964.875,4969.833,4471.600,4685.615,4307.381,4853.273,5705.667
450,5780.444,6754.461,5480.136,6225.667,4109.088,3957.500,5021.000,4468.033,4695.327,4314.000,4891.091,5666.833
451,5726.944,6769.846,5424.568,6236.333,4092.735,3918.125,4897.500,4479.283,4717.500,4320.667,4896.364,5690.750
452,5738.861,6752.385,5418.545,6231.417,4102.853,3892.250,4857.167,4466.250,4704.789,4342.190,4867.545,5634.417
453,5683.861,6753.654,5452.795,6237.750,4093.794,3966.125,4883.167,4459.417,4681.077,4333.762,4903.091,5587.417
454,5673.556,6761.923,5413.432,6245.667,4098.088,3913.750,4929.500,4461.500,4697.865,4339.810,4875.273,5621.417
455,5668.667,6752.077,5438.045,6293.417,4068.177,3932.000,4939.833,4480.367,4690.731,4344.190,4898.455,5715.833
456,5622.917,6786.385,5340.909,6157.417,4078.265,3912.750,4878.833,4475.300,4691.769,4360.571,4857.545,5611.667
457,5616.306,6761.231,5358.432,6261.167,4066.765,3886.750,4884.500,4470.367,4684.039,4325.476,4938.000,5566.417
458,5635.167,6750.808,5357.750,6223.750,4072.353,3939.750,4941.000,4460.500,4673.961,4320.571,4907.000,5577.833
459,5605.333,6762.769,5384.318,6265.250,4084.912,3900.500,4899.167,4470.467,4691.000,4325.238,4899.364,5581.000
460,5610.972,6739.077,5417.386,6263.833,4073.559,3934.375,4926.500,4469.267,4715.461,4353.286,4944.000,5572.917
461,5577.556,6755.961,5398.841,6198.667,4056.323,3922.750,4899.833,4460.100,4685.231,4339.095,4861.364,5571.667
462,5534.611,6719.192,5376.591,6220.167,4075.677,3948.875,4887.167,4465.633,4695.942,4318.810,4955.000,5589.500
463,5539.111,6733.192,5387.295,6203.833,4055.500,3953.375,4902.167,4477.050,4671.654,4307.714,4907.818,5548.167
464,5523.472,6740.731,5403.409,6224.417,4095.882,3878.000,4931.000,4462.233,4681.500,4309.810,4892.273,5491.250
465,5510.750,6749.577,5432.477,6221.750,4065.059,4017.125,4930.333,4471.783,4702.461,4371.619,4876.273,5495.083
466,5497.556,6763.539,5433.068,6245.750,4082.088,3965.250,4951.833,4453.817,4678.269,4356.857,4907.364,5493.417
467,5474.500,6735.539,5422.750,6252.917,4070.471,3966.250,4892.000,4448.183,4688.135,4337.667,4888.091,5500.750
468,5512.972,6736.923,5438.409,6194.417,4066.412,3972.250,4945.500,4454.983,4700.846,4317.857,4880.727,5472.333
469,5461.722,6714.231,5409.500,6266.250,4061.029,3953.375,4910.500,4453.150,4705.519,4340.714,4872.091,5450.167
470,5462.611,6770.731,5405.568,6182.250,4043.588,3955.375,4965.000,4477.300,4694.481,4361.333,4915.000,5432.250
471,5429.556,6729.500,5416.318,6243.083,4046.647,3928.875,4943.333,4465.083,4702.289,4368.524,4901.182,5453.333
472,5434.444,6765.231,5375.409,6222.917,4055.441,3911.125,4888.167,4457.383,4687.058,4314.619,4926.182,5458.417
473,5408.611,6746.654,5411.591,6237.750,4059.529,3943.875,4917.000,4465.183,4689.327,4359.333,4923.182,5420.667
474,5389.083,6733.039,5380.614,6219.000,4048.853,3944.750,4857.833,4464.750,4679.481,4333.286,4935.455,5456.333
475,5365.333,6743.423,5369.818,6196.250,4073.853,3975.000,4904.000,4443.800,4669.365,4308.762,4895.818,5385.500
476,5365.389,6734.539,5389.000,6236.500,4065.471,3899.500,4893.000,4457.533,4668.981,4319.905,4883.545,5414.500
477,5363.694,6714.154,5344.864,6236.750,4033.559,3935.625,4926.667,4449.950,4694.346,4335.048,4941.636,5406.417
478,5336.278,6723.077,5368.273,6206.833,4047.618,4036.875,4929.500,4466.533,4667.115,4325.952,4908.909,5371.750
479,5330.528,6757.192,5312.341,6216.000,4055.559,3927.125,4865.000,4460.567,4683.442,4311.857,4874.091,5352.667
480,5319.750,6731.961,5391.955,6266.667,4048.235,3963.750,4912.167,4453.317,4690.558,4325.238,4912.091,5351.083
481,5286.056,6757.077,5394.455,6239.167,4043.471,3969.750,4988.667,4474.117,4675.346,4319.857,4888.909,5364.167
482,5296.778,6752.615,5406.136,6193.250,4063.147,3944.375,4824.167,4485.333,4690.327,4320.238,4933.364,5358.000
483,5283.083,6736.308,5381.977,6229.833,4048.088,3953.250,4923.167,4479.417,4691.942,4334.286,4878.909,5355.833
484,5275.167,6718.039,5333.545,6180.250,4064.529,3921.375,4936.167,4467.133,4676.615,4335.857,4886.364,5356.000
485,5295.083,6777.769,5345.500,6238.167,4062.618,3869.875,4921.833,4475.550,4688.558,4328.571,4923.727,5365.500
486,5249.639,6703.269,5358.273,6224.000,4060.765,3966.000,4922.000,4472.033,4685.404,4338.286,4889.273,5316.333
487,5211.806,6759.885,5310.250,6180.250,4034.265,3956.750,4858.833,4454.433,4677.250,4322.143,4914.182,5330.667
488,5232.750,6743.961,5354.068,6192.333,4041.882,3927.875,4889.833,4453.267,4668.808,4327.190,4913.273,5243.000
489,5232.056,6754.385,5352.364,6213.500,4072.147,3879.000,4947.000,4447.567,4707.769,4305.381,4869.727,5306.667
490,5184.500,6743.077,5363.318,6221.417,4043.029,3934.500,4905.333,4446.350,4670.654,4343.667,4953.273,5311.000
491,5196.556,6784.615,5353.523,6163.250,4055.853,3956.125,4875.000,4450.583,4676.423,4340.000,4910.455,5289.500
492,5154.722,6725.769,5388.932,6212.667,4070.529,3955.375,4914.167,4449.417,4674.673,4327.619,4875.000,5313.417
493,5161.611,6753.231,5331.341,6182.417,4020.706,3905.500,4876.000,4446.400,4687.865,4314.762,4895.455,5268.500
494,5125.472,6776.539,5302.977,6186.667,4060.382,3913.875,4924.333,4456.250,4664.019,4336.619,4919.636,5307.750
495,5144.222,6708.654,5383.818,6185.583,4043.971,3971.750,4875.000,4447.400,4684.769,4344.381,4899.364,5292.667
496,5110.222,6730.846,5360.136,6212.000,4043.118,3934.750,4825.667,4455.800,4681.269,4339.238,4905.000,5253.000
497,5128.722,6698.500,5341.636,6233.833,4027.412,3969.875,4876.333,4459.633,4672.019,4344.238,4889.636,5228.500
498,5115.194,6713.846,5386.659,6206.750,4039.941,3957.500,4901.833,4459.383,4697.096,4311.095,4849.727,5206.000
499,5099.861,6714.231,5345.568,6193.750,4049.559,3931.125,4898.167,4447.217,4691.942,4339.857,4851.455,5196.000
500,5072.611,6745.500,5371.864,6134.083,4048.412,3932.000,4917.667,4449.100,4682.039,4328.095,4911.636,5180.667
501,5091.528,6721.692,5343.932,6199.833,4029.500,3971.000,4930.833,4466.150,4674.596,4337.810,4884.364,5184.583
502,5071.333,6718.308,5353.750,6169.750,4034.177,3916.125,4869.833,4455.733,4657.404,4307.762,4864.636,5253.917
503,5056.833,6706.192,5377.045,6095.167,4080.441,3943.125,4859.167,4465.617,4681.673,4327.619,4897.182,5201.417
504,5011.028,6705.039,5381.136,6195.750,4080.971,3945.000,4860.667,4455.900,4679.269,4307.000,4864.545,5181.750
505,5026.944,6717.000,5336.909,6250.417,4106.059,3961.625,4841.500,4456.183,4669.904,4360.810,4867.818,5201.333
506,5024.861,6687.423,5347.364,6174.167,4088.559,3959.250,4894.000,4462.517,4693.539,4312.571,4854.182,5214.500
507,5026.111,6754.615,5376.318,6204.417,4109.735,3977.375,4874.500,4440.967,4687.789,4307.143,4854.364,5236.083
508,5003.944,6700.692,5376.455,6205.917,4099.765,3962.750,4815.000,4473.567,4673.481,4323.381,4890.364,5150.667
509,4995.139,6757.346,5371.386,6126.917,4111.118,3943.250,4855.500,4442.783,4703.231,4331.857,4920.000,5113.583
510,4958.028,6684.577,5336.705,6225.750,4132.294,3981.000,4770.667,4454.533,4722.058,4325.333,4903.364,5131.417
511,4968.222,6703.769,5367.841,6223.500,4180.000,3955.500,4902.833,4455.833,4737.192,4327.190,4876.909,5132.250
512,4909.333,6729.231,5320.727,6201.750,4212.941,3971.500,4861.167,4434.350,4732.615,4333.619,4837.000,5101.250
513,4891.694,6742.077,5396.500,6182.917,4207.000,3941.875,4878.167,4454.050,4724.500,4342.905,4878.727,5106.417
514,4927.000,6702.308,5313.864,6230.917,4200.912,3916.500,4912.500,4453.850,4704.442,4324.571,4866.000,5131.417
515,4892.861,6718.115,5277.773,6135.750,4184.029,3916.500,4844.333,4463.000,4722.269,4360.524,4850.909,5078.750
516,4905.528,6758.231,5274.545,6176.583,4175.735,3936.625,4840.333,4454.167,4712.885,4321.476,4868.182,5099.250
517,4922.389,6718.231,5313.250,6175.667,4171.235,3978.750,4893.833,4457.900,4720.192,4328.000,4848.909,5107.500
518,4882.028,6707.039,5275.705,6197.667,4142.353,3898.375,4924.833,4442.317,4698.635,4349.429,4876.455,5113.917
519,4873.389,6706.115,5332.136,6172.750,4166.118,3970.750,4873.167,4451.400,4714.885,4293.952,4900.091,5131.667
520,4892.444,6675.000,5312.705,6188.083,4155.324,3950.250,4909.500,4456.967,4722.808,4320.667,4919.364,5122.583
521,4860.250,6760.308,5284.909,6144.250,4152.941,3977.625,4872.333,4459.767,4719.058,4331.000,4887.182,5067.750
522,4864.972,6746.269,5286.523,6236.667,4140.294,3936.125,4846.500,4433.317,4704.865,4333.857,4902.273,5061.917
523,4820.361,6678.731,5333.886,6115.833,4144.706,3910.500,4802.833,4439.367,4707.577,4311.857,4865.273,5105.750
524,4817.611,6726.192,5270.205,6132.500,4138.265,3896.125,4905.833,4455.117,4696.385,4341.190,4906.545,5083.833
525,4811.083,6723.039,5237.455,6170.917,4113.618,3944.875,4856.333,4462.733,4698.769,4374.857,4826.636,5046.333
526,4788.667,6736.808,5285.205,6141.000,4108.676,3911.125,4898.333,4456.850,4706.750,4341.857,4852.818,5012.000
527,4797.972,6697.192,5282.364,6203.000,4104.029,3931.500,4928.167,4445.183,4689.789,4341.476,4892.091,5045.333
528,4768.139,6772.654,5260.250,6166.667,4103.471,3899.875,4869.667,4463.117,4687.154,4343.143,4825.455,5065.667
529,4802.944,6759.385,5294.386,6193.833,4122.353,3974.250,4916.333,4450.117,4688.961,4352.952,4875.636,5066.250
530,4766.000,6683.885,5265.045,6156.500,4114.794,3967.125,4897.500,4452.683,4699.923,4345.667,4866.273,5010.417
531,4760.222,6697.269,5229.250,6160.000,4086.706,3936.625,4881.667,4454.933,4708.154,4332.000,4887.273,5001.000
532,4759.250,6727.539,5310.432,6156.750,4088.765,3922.875,4884.667,4439.717,4684.558,4306.619,4843.909,5035.917
533,4708.167,6711.885,5223.977,6129.250,4078.941,3945.750,4863.167,4466.650,4685.192,4351.381,4877.909,5043.333
534,4737.417,6719.423,5235.500,6165.250,4099.382,3917.125,4916.667,4466.767,4686.635,4331.619,4879.273,4992.167
535,4728.944,6708.846,5247.045,6156.750,4082.853,3935.125,4829.333,4459.550,4676.077,4328.333,4830.636,5075.667
536,4732.778,6698.039,5294.591,6189.833,4075.794,3917.125,4809.333,4454.067,4692.000,4336.143,4830.545,5011.750
537,4683.639,6737.846,5235.045,6092.500,4087.206,3953.750,4854.333,4461.767,4679.154,4327.190,4803.545,5012.083
538,4716.806,6737.615,5288.909,6175.000,4089.471,3932.500,4838.000,4465.250,4692.577,4348.381,4847.455,4989.583
539,4686.694,6708.539,5251.114,6223.750,4070.794,3969.250,4824.000,4465.517,4691.019,4354.048,4837.545,4981.583
540,4682.028,6688.577,5244.750,6173.583,4048.029,3884.000,4889.667,4451.700,4695.192,4336.381,4875.364,4976.083
541,4689.361,6702.346,5231.227,6210.833,4052.853,3971.625,4879.500,4457.467,4665.769,4310.333,4809.727,4986.917
542,4693.833,6741.846,5279.477,6159.500,4069.588,3896.625,4838.167,4448.167,4682.885,4328.667,4872.545,4974.417
543,4654.861,6687.769,5225.364,6161.667,4082.529,3937.500,4837.833,4450.233,4679.423,4345.429,4873.636,4979.417
544,4676.417,6699.577,5286.614,6233.917,4024.647,3965.375,4909.167,4432.633,4673.077,4350.667,4859.182,4969.000
545,4634.472,6698.154,5311.114,6158.167,4051.235,3956.250,4851.500,4448.650,4673.961,4308.524,4853.727,4962.500
546,4644.778,6671.000,5261.568,6136.250,4019.735,3953.375,4851.667,4449.150,4691.442,4341.429,4838.636,4981.750
547,4648.833,6697.192,5292.977,6159.667,4017.088,3955.125,4846.667,4453.900,4681.135,4330.238,4858.182,4961.583
548,4627.611,6714.654,5294.023,6153.833,4028.177,3874.000,4845.667,4454.617,4687.673,4334.571,4822.273,4962.417
549,4626.389,6715.346,5281.864,6133.833,4030.294,3945.750,4822.500,4446.567,4683.846,4290.810,4880.000,4971.667
550,4628.722,6706.846,5311.636,6112.667,4043.029,3973.250,4806.000,4467.917,4679.404,4319.238,4877.091,4994.583
551,4595.083,6701.385,5310.818,6152.167,4018.529,3940.000,4836.500,4445.700,4701.096,4289.048,4846.545,4934.333
552,4607.833,6671.308,5266.045,6143.750,4027.706,3935.750,4826.667,4450.167,4686.365,4314.238,4834.273,4934.083
553,4608.806,6713.423,5280.545,6092.750,4031.500,3943.250,4894.167,4450.417,4682.404,4335.333,4824.818,4862.750
554,4572.500,6710.077,5321.182,6152.583,4022.529,3981.500,4855.833,4467.550,4697.615,4355.048,4866.273,4903.083
555,4595.611,6670.192,5243.455,6140.833,4004.235,3950.000,4879.667,4437.767,4687.269,4319.429,4848.000,4966.333
556,4578.139,6707.961,5251.273,6166.083,4009.382,3927.750,4827.333,4446.950,4683.365,4315.143,4860.364,4965.250
557,4578.389,6673.000,5284.477,6185.750,4023.618,3967.375,4882.000,4443.633,4690.539,4309.095,4813.727,4955.500
558,4592.361,6723.731,5228.227,6128.500,4022.118,3920.125,4840.333,4449.883,4675.558,4299.381,4852.636,4884.000
559,4567.000,6672.115,5296.000,6142.667,4013.294,3948.500,4844.500,4445.667,4680.442,4315.857,4809.182,4894.417
560,4567.694,6695.192,5285.205,6108.917,4011.706,3980.125,4861.333,4447.467,4684.577,4304.714,4861.636,4886.417
561,4567.694,6708.461,5219.977,6164.167,4038.677,3943.250,4875.000,4432.200,4653.423,4316.381,4859.000,4928.917
562,4546.639,6703.077,5224.773,6142.833,4001.765,3961.250,4783.667,4430.450,4676.481,4304.524,4843.727,4961.000
563,4571.750,6695.885,5265.636,6111.750,4036.941,3923.625,4777.500,4435.550,4676.192,4324.048,4841.909,4946.250
564,4529.361,6699.461,5199.886,6179.667,4021.412,3894.000,4826.500,4428.117,4685.211,4293.190,4834.182,4862.000
565,4553.194,6713.539,5233.250,6177.583,4027.794,3969.000,4791.000,4431.383,4674.308,4340.381,4839.727,4899.333
566,4553.917,6658.423,5249.750,6135.500,4000.500,3956.500,4880.500,4450.867,4667.923,4322.190,4821.818,4901.833
567,4551.667,6678.000,5260.409,6166.167,4038.059,3941.500,4823.333,4443.667,4658.654,4332.810,4831.818,4888.167
568,4531.944,6697.500,5214.250,6125.833,4017.353,3963.250,4857.667,4444.267,4684.789,4294.905,4834.455,4875.500
569,4549.250,6637.500,5266.523,6145.333,4016.029,3995.000,4845.000,4442.817,4676.885,4328.143,4820.636,4867.333
570,4533.639,6696.346,5219.205,6094.500,3999.412,3956.875,4840.500,4430.167,4667.096,4324.524,4853.455,4852.833
571,4528.833,6657.000,5217.682,6093.167,4003.294,3990.375,4851.000,4433.867,4685.731,4269.238,4830.636,4879.833
572,4517.861,6689.461,5203.477,6109.667,4022.206,3949.500,4851.167,4444.283,4691.154,4291.429,4850.273,4883.083
573,4498.583,6692.731,5224.977,6090.833,4007.471,3952.375,4797.167,4437.533,4697.077,4315.857,4785.000,4854.500
574,4529.417,6670.192,5202.432,6103.000,3994.529,3968.750,4837.667,4449.450,4654.923,4314.667,4876.545,4841.000
575,4507.778,6691.039,5218.227,6129.083,4031.235,3948.875,4803.667,4437.700,4686.115,4256.810,4809.364,4836.667
576,4514.722,6700.269,5178.795,6118.333,4010.265,3924.875,4805.833,4415.767,4674.000,4293.048,4814.182,4882.917
577,4520.833,6711.539,5202.682,6132.500,3987.147,3965.375,4850.500,4435.283,4686.135,4305.810,4790.455,4855.000
578,4497.944,6663.269,5200.182,6140.750,4018.323,3960.000,4852.667,4424.350,4676.904,4295.381,4819.818,4830.500
579,4492.472,6631.808,5253.136,6106.083,4003.794,3951.375,4818.167,4442.900,4657.461,4296.048,4779.545,4817.417
580,4504.389,6680.885,5175.773,6168.583,4006.500,3914.750,4883.833,4440.983,4683.077,4325.095,4746.636,4855.667
581,4497.750,6672.192,5201.545,6110.667,3996.265,3917.625,4846.000,4450.233,4647.058,4315.571,4751.091,4873.083
582,4503.750,6669.808,5224.682,6121.917,4012.647,3910.875,4871.167,4432.783,4669.885,4298.810,4818.364,4833.083
583,4474.000,6685.846,5172.841,6110.083,3999.765,3966.500,4819.500,4414.267,4656.827,4319.286,4773.182,4839.583
584,4463.028,6675.192,5192.886,6164.500,3994.588,3904.000,4820.833,4431.683,4677.692,4304.095,4747.727,4812.833
585,4458.917,6678.961,5172.886,6047.583,3997.412,3920.125,4811.667,4427.100,4659.481,4291.714,4803.273,4811.750
586,4483.472,6629.269,5159.295,6102.667,3984.382,3976.875,4833.667,4412.083,4660.077,4324.429,4783.909,4802.583
587,4442.028,6672.346,5193.614,6112.417,4000.647,3899.125,4828.500,4431.183,4675.750,4299.476,4784.273,4805.583
588,4446.944,6675.577,5186.159,6106.833,3996.265,3924.250,4809.167,4426.717,4655.923,4300.905,4819.364,4822.083
589,4453.917,6641.192,5151.909,6095.833,3999.706,3943.375,4799.500,4439.917,4673.250,4311.333,4744.818,4846.917
590,4450.361,6644.231,5156.432,6156.250,3996.029,3914.875,4902.833,4407.300,4654.289,4297.905,4801.091,4818.833
591,4462.972,6677.000,5174.864,6098.500,3989.000,3961.375,4876.500,4430.100,4665.827,4302.857,4811.545,4786.250
592,4446.472,6670.923,5144.614,6057.083,3985.971,3882.375,4834.833,4427.833,4646.539,4328.667,4815.000,4838.417
593,4425.500,6701.846,5110.205,6089.250,4000.235,3855.000,4817.667,4426.750,4663.346,4311.667,4755.273,4825.250
594,4445.528,6650.154,5185.159,6098.250,3976.529,3950.250,4754.833,4453.800,4659.346,4325.952,4737.273,4801.250
595,4466.556,6676.731,5107.114,6083.000,4007.706,3933.000,4793.500,4437.533,4670.750,4295.619,4775.727,4802.333
596,4440.306,6576.577,5142.864,6100.250,3976.118,3983.250,4775.833,4426.083,4675.231,4290.762,4795.364,4751.083
597,4429.111,6633.731,5131.477,6121.917,3990.177,3901.250,4770.500,4435.117,4615.769,4283.095,4791.636,4754.750
598,4426.722,6605.077,5089.614,6063.583,3988.235,3900.625,4817.167,4421.383,4658.096,4307.524,4809.273,4736.083
599,4426.417,6643.923,5057.705,6079.250,3983.118,3920.000,4823.000,4425.817,4661.789,4316.571,4793.000,4767.000
600,4424.111,6631.731,5133.500,6069.917,3986.765,3932.375,4851.667,4424.883,4661.461,4309.048,4739.545,4725.750
601,4417.889,6658.308,5082.750,6077.583,3996.765,3922.875,4812.167,4414.367,4630.404,4272.000,4761.091,4773.500
602,4401.694,6656.039,5065.136,6068.333,3999.441,3928.750,4831.833,4428.017,4641.769,4315.905,4796.545,4809.500
603,4416.861,6666.154,5117.341,6109.333,3975.441,3919.875,4759.833,4407.617,4673.615,4299.190,4796.000,4754.750
604,4417.583,6633.385,5090.727,6074.250,3971.882,3900.250,4756.167,4430.650,4664.365,4294.381,4792.000,4818.667
605,4397.278,6647.961,5064.114,6074.083,3955.265,3902.375,4872.500,4400.200,4640.904,4277.381,4766.818,4730.833
606,4425.222,6643.077,5094.591,6038.500,3959.823,3863.375,4887.167,4421.517,4656.961,4304.762,4712.182,4732.167
607,4383.167,6688.115,5076.455,6067.083,3980.529,3935.250,4773.667,4438.517,4648.192,4286.857,4771.455,4754.917
608,4390.056,6681.654,5051.409,6067.500,3959.206,3911.375,4775.000,4405.283,4666.711,4314.000,4709.182,4741.250
609,4406.722,6664.308,5087.114,6049.917,3978.471,3942.125,4873.667,4440.883,4644.461,4295.381,4758.818,4704.250
610,4416.722,6612.461,5081.636,6024.583,4002.118,3929.125,4828.500,4416.467,4664.269,4301.714,4758.091,4707.667
611,4394.833,6643.692,5026.364,6093.417,3964.765,3942.750,4798.833,4418.817,4645.327,4308.381,4741.455,4707.667
612,4393.861,6647.192,5060.841,6010.917,3976.823,3908.875,4807.500,4426.500,4659.904,4290.238,4741.000,4717.917
613,4381.833,6629.192,5102.773,6085.250,3976.941,3908.750,4800.500,4428.917,4631.269,4259.095,4786.455,4773.333
614,4367.778,6655.885,5045.409,6049.417,3985.323,3931.500,4781.000,4411.617,4637.173,4309.143,4736.909,4752.833
615,4372.500,6633.539,5074.886,6040.250,3971.735,3913.375,4797.667,4407.417,4639.692,4267.429,4765.909,4680.583
616,4374.306,6650.385,5014.591,6039.917,3981.265,3878.125,4767.333,4407.350,4630.423,4306.286,4728.909,4703.333
617,4367.389,6688.231,4978.182,6060.583,3944.706,3829.125,4818.667,4404.717,4638.211,4268.524,4721.182,4687.917
618,4369.806,6702.269,5018.295,6062.333,3954.294,3851.750,4805.000,4430.050,4627.769,4307.619,4740.818,4704.417
619,4385.528,6677.923,5064.864,6014.667,3980.853,3877.500,4782.333,4399.967,4637.404,4267.810,4793.545,4697.750
620,4373.111,6643.346,4979.841,6062.250,3952.559,3914.375,4704.667,4407.150,4625.750,4264.524,4770.182,4696.750
621,4373.528,6618.769,5043.023,6052.000,3975.677,3916.125,4770.333,4395.350,4653.711,4330.238,4782.273,4680.667
622,4367.722,6679.923,5041.659,6029.583,3980.323,3898.125,4802.167,4416.517,4633.789,4281.095,4708.182,4692.833
623,4362.944,6653.423,5010.636,6031.583,3975.677,3922.500,4782.000,4439.033,4635.269,4261.333,4761.273,4691.667
624,4366.833,6626.192,4990.023,6078.083,3962.471,3916.500,4765.667,4416.483,4634.058,4264.381,4672.727,4709.667
625,4385.139,6641.308,4999.750,6043.250,3984.794,3892.875,4732.833,4399.083,4626.827,4283.667,4664.091,4669.583
626,4340.278,6688.231,4933.455,5999.333,3960.794,3850.125,4802.167,4393.500,4623.769,4277.667,4712.909,4677.917
627,4359.778,6654.961,5010.977,6097.417,3979.382,3894.750,4804.833,4400.450,4615.481,4279.952,4679.364,4713.167
628,4335.500,6656.500,4985.273,5987.833,3954.882,3856.500,4805.167,4401.150,4642.615,4296.667,4711.091,4701.083
629,4353.083,6657.077,4966.409,6117.417,3955.177,3895.375,4779.833,4385.200,4637.346,4262.905,4686.273,4669.167
630,4361.083,6638.577,4975.045,6057.667,3973.559,3877.750,4827.167,4395.283,4629.615,4276.143,4729.727,4655.417
631,4359.889,6645.461,4997.045,6047.750,3953.177,3904.625,4761.167,4403.283,4626.346,4306.524,4691.091,4696.000
632,4352.694,6655.115,4937.205,6016.833,3962.118,3874.375,4764.500,4404.450,4623.635,4291.000,4748.455,4675.833
633,4336.806,6614.885,4988.909,6039.167,3952.294,3881.375,4732.500,4393.917,4624.269,4274.857,4699.818,4628.417
634,4331.083,6613.077,4961.545,6051.667,3946.353,3894.250,4797.333,4401.567,4613.327,4273.571,4689.727,4711.167
635,4311.667,6616.692,4968.773,5952.000,3982.177,3937.250,4780.833,4389.233,4632.442,4274.667,4676.273,4656.917
636,4329.306,6653.077,4960.000,6015.250,3956.059,3891.750,4831.000,4397.717,4617.539,4239.190,4646.273,4711.250
637,4329.361,6626.231,4952.614,6054.667,3950.765,3835.625,4794.167,4413.183,4647.750,4272.810,4693.182,4659.250
638,4339.361,6630.577,4945.841,6011.667,3964.000,3906.750,4829.500,4396.133,4626.692,4270.095,4734.455,4651.750
639,4364.083,6606.000,4916.568,5994.500,3968.588,3888.250,4805.500,4413.467,4621.039,4257.095,4696.727,4680.333
640,4346.528,6626.115,4916.750,6026.583,3970.323,3836.750,4779.333,4392.033,4634.615,4266.714,4749.000,4632.083
641,4309.222,6653.769,4918.568,6063.250,3984.941,3896.500,4710.500,4391.600,4633.365,4235.286,4744.273,4679.917
642,4319.028,6674.385,4896.000,5976.667,3946.265,3830.625,4851.167,4384.633,4607.519,4267.190,4678.727,4672.250
643,4319.028,6643.769,4936.091,6067.250,3959.941,3876.875,4779.833,4405.750,4618.269,4269.238,4704.909,4630.000
644,4334.778,6618.539,4925.182,6038.167,3945.177,3908.125,4738.333,4393.167,4607.269,4245.667,4669.727,4592.583
645,4357.611,6611.539,4910.318,6041.500,3933.471,3897.375,4808.500,4403.917,4638.789,4273.190,4652.455,4670.417
646,4331.417,6598.692,4915.227,6023.417,3939.118,3864.875,4775.333,4379.883,4610.865,4264.286,4683.364,4660.333
647,4328.722,6619.154,4868.614,6034.167,3942.618,3876.375,4807.167,4407.783,4616.346,4289.905,4691.545,4671.917
648,4317.472,6623.423,4894.886,6053.500,3950.353,3860.125,4746.500,4388.183,4617.077,4252.190,4641.909,4615.583
649,4299.750,6641.615,4874.705,6021.417,3924.177,3855.000,4744.500,4395.100,4621.923,4290.286,4718.182,4637.167
650,4310.972,6612.846,4928.818,5943.583,3939.177,3867.500,4756.667,4378.550,4616.423,4274.238,4689.545,4615.083
651,4311.528,6646.154,4887.477,6004.417,3954.441,3893.375,4777.000,4393.683,4619.423,4221.381,4679.636,4640.333
652,4311.500,6637.885,4942.250,6005.833,3933.765,3872.875,4798.833,4383.867,4610.211,4252.667,4692.727,4595.833
653,4303.222,6624.923,4875.932,6024.083,3938.618,3859.500,4732.167,4408.417,4616.519,4250.286,4618.545,4627.417
654,4319.056,6639.654,4842.227,5991.583,3955.971,3879.250,4783.000,4401.150,4621.692,4244.619,4669.636,4620.250
655,4290.611,6620.654,4876.364,6019.333,3950.971,3850.625,4770.000,4399.983,4617.192,4253.619,4679.545,4649.750
656,4317.556,6622.039,4862.295,6003.333,3942.735,3895.375,4763.333,4392.650,4616.250,4224.667,4674.091,4624.417
657,4315.000,6632.692,4838.705,6055.000,3956.147,3899.875,4774.000,4402.583,4592.346,4265.810,4648.364,4639.250
658,4325.889,6642.731,4882.682,6016.750,3942.206,3900.750,4821.833,4370.567,4599.808,4254.667,4654.364,4621.000
659,4285.028,6634.846,4841.205,5956.083,3940.265,3863.125,4832.833,4364.600,4632.269,4242.762,4748.364,4643.833
660,4288.861,6590.692,4869.318,6010.583,3920.706,3911.500,4759.667,4369.483,4620.385,4281.381,4658.909,4601.250
661,4313.111,6598.615,4854.909,5981.250,3963.882,3822.375,4777.000,4375.100,4609.904,4256.095,4680.818,4667.000
662,4281.556,6668.692,4827.432,6052.167,3958.500,3858.500,4771.500,4391.283,4626.077,4248.762,4665.636,4636.417
663,4305.278,6677.577,4821.773,5990.833,3943.588,3798.500,4801.833,4374.450,4620.981,4266.524,4651.727,4594.500
664,4292.861,6613.769,4841.455,6034.500,3943.529,3823.500,4770.167,4378.033,4593.096,4253.333,4612.182,4595.417
665,4294.389,6617.923,4848.727,6002.500,3936.971,3930.625,4798.167,4400.833,4629.461,4306.238,4651.000,4578.500
666,4276.139,6609.269,4827.250,5996.167,3958.618,3851.125,4728.500,4386.167,4616.250,4271.810,4601.273,4592.917
667,4295.972,6599.961,4835.795,6015.917,3936.177,3867.750,4801.333,4376.033,4629.519,4255.048,4603.364,4618.000
668,4309.694,6600.923,4840.136,6021.750,3923.882,3896.625,4771.333,4396.167,4613.039,4310.714,4572.000,4661.833
669,4292.778,6603.077,4872.091,5966.833,3936.294,3818.375,4780.333,4386.683,4620.981,4251.952,4635.909,4626.667
670,4278.000,6640.846,4810.386,6063.917,3959.500,3814.500,4718.500,4384.767,4615.308,4266.476,4651.273,4625.083
671,4311.583,6651.577,4809.750,5977.417,3948.441,3876.000,4835.833,4385.367,4610.942,4264.286,4661.818,4613.917
672,4279.556,6636.923,4812.818,6046.500,3973.088,3903.750,4755.000,4393.067,4637.269,4272.810,4647.000,4604.833
673,4275.694,6627.000,4827.750,6008.333,3937.118,3835.625,4776.833,4395.700,4631.250,4270.524,4626.909,4651.667
674,4297.194,6583.154,4795.023,6009.667,3957.794,3812.500,4800.000,4399.283,4627.577,4273.000,4639.455,4592.083
675,4267.750,6576.115,4828.091,6020.500,3914.147,3885.625,4767.000,4392.600,4604.039,4264.667,4636.273,4629.167
676,4298.222,6608.692,4785.432,5998.833,3924.206,3830.875,4801.167,4396.183,4616.961,4259.762,4587.909,4612.833
677,4264.972,6603.346,4795.159,6000.083,3958.088,3911.875,4716.000,4390.417,4600.865,4265.571,4616.455,4608.417
678,4299.361,6597.077,4808.023,5965.750,3932.882,3871.750,4770.833,4406.067,4605.327,4312.048,4650.455,4611.000
679,4287.528,6663.039,4808.318,6005.917,3959.471,3847.750,4729.333,4356.683,4605.058,4232.952,4662.364,4567.000
680,4296.639,6601.115,4807.182,5971.750,3938.500,3845.625,4716.333,4380.250,4622.135,4270.429,4569.818,4603.917
681,4274.972,6613.308,4748.568,5989.500,3927.059,3865.625,4786.667,4381.633,4644.154,4261.333,4622.182,4602.417
682,4280.083,6599.461,4779.409,5977.417,3942.823,3815.375,4737.167,4396.400,4614.269,4274.905,4645.455,4573.500
683,4278.556,6602.846,4762.818,5979.917,3940.941,3847.750,4829.667,4391.217,4626.211,4278.571,4620.364,4566.000
684,4313.583,6650.192,4728.205,6028.417,3964.677,3821.000,4757.833,4400.150,4599.519,4254.952,4598.727,4544.583
685,4293.917,6668.577,4746.136,6038.167,3937.677,3804.125,4730.167,4393.300,4628.115,4265.048,4634.000,4565.250
686,4269.472,6639.539,4682.182,5892.500,3940.971,3800.250,4769.833,4368.050,4600.827,4264.381,4628.000,4575.083
687,4264.361,6583.769,4727.295,5965.333,3946.323,3806.500,4753.333,4376.150,4626.019,4250.762,4604.818,4598.833
688,4295.361,6616.077,4701.341,6010.083,3957.912,3848.000,4725.000,4394.650,4620.115,4221.000,4620.273,4586.167
689,4276.250,6628.577,4739.068,5988.583,3946.059,3862.500,4736.333,4383.517,4620.442,4245.524,4626.818,4577.250
690,4292.028,6587.769,4721.841,5988.917,3922.588,3779.500,4806.000,4387.767,4614.404,4282.667,4600.727,4588.583
691,4279.806,6616.885,4699.932,5942.250,3945.235,3857.125,4790.333,4394.067,4622.500,4247.857,4617.636,4590.583
692,4265.306,6610.461,4724.068,5989.750,3926.323,3806.375,4759.333,4383.633,4597.019,4245.476,4603.545,4560.083
693,4281.472,6580.039,4682.659,5947.333,3933.882,3860.875,4751.667,4384.583,4630.865,4272.476,4621.273,4594.000
694,4263.111,6631.961,4699.114,5997.750,3950.706,3817.375,4774.667,4400.083,4628.058,4257.571,4572.182,4603.000
695,4277.139,6608.539,4702.136,5996.333,3930.147,3835.000,4814.333,4393.783,4618.192,4225.571,4596.818,4592.917
696,4273.306,6615.269,4699.818,5993.083,3930.647,3903.750,4713.000,4379.417,4615.885,4289.238,4585.455,4610.750
697,4271.333,6636.808,4718.023,5941.083,3933.765,3828.250,4772.167,4390.233,4616.442,4236.190,4596.909,4594.083
698,4267.944,6631.154,4703.091,6002.750,3942.647,3859.625,4777.667,4370.150,4620.769,4259.619,4595.545,4582.167
699,4278.417,6606.385,4701.250,5933.083,3943.441,3832.000,4823.833,4369.250,4600.346,4242.952,4579.364,4531.750
700,4272.806,6619.923,4684.909,5994.000,3934.265,3871.250,4745.667,4379.800,4613.404,4270.952,4617.091,4510.417
701,4248.028,6581.577,4670.864,5999.917,3955.971,3915.375,4789.333,4389.633,4601.039,4251.952,4553.182,4529.833
702,4275.722,6587.269,4688.909,5958.667,3950.088,3819.500,4752.000,4375.750,4613.865,4279.333,4635.455,4574.167
703,4279.333,6629.731,4646.114,5939.250,3936.000,3838.375,4830.667,4392.000,4617.077,4266.857,4552.182,4581.667
704,4289.833,6621.692,4712.818,5981.750,3938.794,3845.375,4811.000,4381.683,4602.385,4249.619,4620.455,4562.833
705,4273.333,6648.154,4652.114,5940.083,3944.059,3838.875,4713.667,4377.850,4614.539,4242.095,4612.182,4589.750
706,4281.583,6592.769,4658.091,5929.500,3941.000,3854.250,4750.500,4383.433,4608.615,4244.238,4611.273,4526.583
707,4257.417,6571.423,4663.932,5956.417,3968.559,3836.375,4736.833,4379.567,4625.865,4270.571,4595.909,4516.250
708,4272.528,6586.423,4658.205,6004.833,3947.029,3833.250,4723.000,4389.317,4629.385,4278.429,4624.091,4575.000
709,4244.444,6587.769,4643.545,5922.417,3954.500,3872.375,4703.500,4387.367,4619.461,4243.000,4539.182,4573.417
710,4260.806,6588.039,4655.727,5963.000,3942.882,3886.500,4826.167,4397.283,4632.558,4231.333,4601.182,4556.917
711,4274.278,6607.000,4617.386,5939.750,3944.323,3839.625,4734.000,4377.083,4639.865,4268.810,4599.091,4574.417
712,4246.861,6579.923,4617.227,5965.750,3948.118,3843.750,4737.833,4385.500,4624.058,4255.714,4561.455,4561.083
713,4251.583,6620.808,4629.818,5935.333,3954.500,3823.375,4793.833,4374.817,4602.981,4215.810,4630.818,4619.333
714,4270.111,6608.077,4654.295,5942.083,3933.588,3843.250,4754.333,4359.683,4603.481,4236.857,4573.364,4537.750
715,4248.611,6623.039,4631.955,6012.583,3932.177,3789.375,4784.333,4397.983,4601.231,4255.095,4599.818,4605.417
716,4263.000,6643.039,4590.705,5965.833,3946.853,3821.000,4756.167,4392.167,4614.000,4244.524,4568.727,4584.917
717,4264.944,6638.808,4621.591,5971.333,3919.912,3809.875,4707.000,4391.833,4624.596,4242.381,4597.000,4554.417
718,4274.222,6656.269,4622.023,5930.500,3950.147,3829.375,4833.167,4403.883,4615.885,4238.714,4564.455,4542.833
719,4262.944,6585.577,4625.636,5997.333,3962.000,3804.125,4832.500,4380.167,4624.461,4216.810,4598.727,4580.750
720,4268.389,6680.577,4610.727,5948.167,3939.882,3812.875,4808.833,4395.917,4607.269,4268.095,4556.818,4554.583
721,4241.722,6633.808,4625.705,5965.833,3954.853,3797.750,4785.500,4383.650,4631.096,4211.000,4551.364,4552.333
722,4260.889,6596.615,4597.432,5945.333,3957.206,3851.125,4781.500,4377.417,4617.827,4254.667,4581.000,4561.750
723,4283.250,6584.654,4611.705,5970.417,3949.735,3859.375,4743.833,4384.067,4612.904,4269.952,4612.182,4556.750
724,4272.139,6596.539,4630.227,5929.583,3948.706,3814.750,4779.000,4371.767,4626.481,4245.810,4561.364,4567.250
725,4255.306,6598.769,4584.659,5898.833,3946.441,3829.750,4741.333,4393.500,4628.423,4261.952,4615.909,4545.500
726,4247.278,6661.923,4564.386,6001.417,3943.912,3831.750,4769.500,4398.167,4621.211,4248.333,4523.000,4533.333
727,4250.694,6612.923,4607.909,5945.667,3904.588,3827.500,4807.500,4380.467,4622.923,4253.095,4605.545,4569.000
728,4254.417,6658.077,4562.545,5935.583,3936.941,3863.250,4774.833,4396.700,4603.000,4247.714,4504.909,4511.833
729,4284.417,6571.000,4594.455,5912.583,3949.529,3833.750,4812.667,4387.967,4612.000,4244.143,4596.545,4538.333
730,4254.194,6584.731,4583.000,5956.750,3924.647,3850.875,4771.000,4385.000,4617.865,4266.762,4596.273,4547.333
731,4265.750,6639.192,4576.705,5978.250,3939.206,3824.000,4830.500,4381.983,4637.039,4259.952,4580.545,4541.500
732,4274.528,6623.192,4549.909,5946.917,3939.265,3834.375,4728.000,4382.200,4631.731,4266.190,4555.000,4496.250
733,4247.500,6609.539,4571.864,5947.500,3941.265,3856.750,4828.000,4387.333,4609.846,4241.571,4605.636,4528.417
734,4245.556,6595.308,4560.955,5918.667,3928.177,3829.625,4793.667,4395.833,4635.711,4242.857,4542.091,4556.750
735,4267.444,6578.885,4522.364,5952.167,3942.088,3797.750,4779.833,4382.767,4628.385,4288.000,4612.545,4512.083
736,4250.944,6568.654,4538.932,5966.500,3956.882,3866.750,4858.500,4405.817,4627.731,4256.714,4572.636,4548.667
737,4261.889,6652.269,4547.750,5928.083,3957.765,3847.625,4763.167,4384.150,4622.173,4215.190,4571.091,4537.250
738,4272.278,6585.731,4521.045,5887.167,3937.941,3839.625,4813.000,4385.550,4633.711,4234.381,4584.000,4580.417
739,4288.417,6572.423,4571.227,5935.667,3951.265,3849.000,4814.833,4380.033,4651.442,4261.714,4595.909,4541.083
740,4306.083,6577.808,4534.045,5936.667,3924.882,3820.125,4759.000,4372.567,4641.827,4252.810,4604.909,4556.667
741,4292.278,6630.461,4512.523,5924.417,3948.823,3874.375,4803.833,4405.800,4632.692,4238.238,4553.000,4548.833
742,4284.611,6592.039,4545.773,5905.583,3959.618,3896.375,4731.167,4409.983,4667.500,4263.190,4597.818,4516.000
743,4297.833,6588.885,4539.136,5913.833,3962.118,3842.625,4821.667,4415.417,4628.750,4271.571,4595.545,4526.500
744,4276.889,6643.577,4485.841,5970.750,3994.294,3801.250,4795.667,4419.283,4650.154,4255.000,4572.273,4499.250
745,4283.639,6603.500,4495.341,5952.083,4010.882,3824.000,4746.333,4416.967,4638.115,4241.667,4522.909,4495.417
746,4297.583,6620.885,4503.295,5937.417,4001.265,3803.875,4821.500,4414.150,4646.461,4265.810,4575.727,4532.583
747,4272.611,6601.539,4493.977,5902.750,4018.588,3837.625,4727.167,4422.183,4648.327,4238.714,4566.545,4536.750
748,4306.333,6564.808,4496.682,5915.500,3997.588,3885.750,4797.333,4401.617,4664.731,4283.143,4601.182,4524.500
749,4270.194,6596.461,4467.386,5910.917,3985.441,3852.125,4766.500,4397.317,4635.558,4260.000,4577.364,4521.500
750,4272.917,6579.385,4450.091,5892.500,3958.382,3838.125,4815.333,4416.783,4642.000,4239.286,4573.000,4572.667
751,4269.139,6571.039,4478.705,5920.083,3978.441,3838.250,4766.000,4418.417,4642.711,4229.333,4620.727,4474.333
752,4288.833,6578.039,4465.750,5935.667,3981.823,3827.625,4781.667,4407.667,4639.692,4264.000,4523.273,4545.000
753,4274.500,6609.385,4445.727,5867.083,3957.088,3804.250,4756.000,4409.933,4633.846,4231.095,4548.455,4546.833
754,4283.500,6601.846,4453.909,5854.250,3984.912,3804.875,4721.833,4391.117,4643.327,4228.619,4599.909,4507.583
755,4281.278,6619.731,4427.000,5935.417,3992.735,3786.875,4812.833,4386.183,4641.058,4255.381,4557.182,4538.167
756,4264.889,6586.846,4454.909,5913.917,3988.353,3819.125,4792.167,4385.133,4631.731,4233.048,4592.636,4515.833
757,4283.722,6634.846,4450.409,5906.833,3987.823,3809.000,4734.667,4405.067,4653.442,4262.857,4511.727,4532.000
758,4256.694,6620.154,4450.114,5883.583,4027.559,3832.250,4796.500,4396.833,4671.173,4246.905,4539.909,4542.500
759,4249.472,6629.461,4421.818,5878.750,4017.706,3766.625,4801.000,4395.383,4662.539,4224.619,4588.364,4553.333
760,4276.806,6585.769,4439.000,5919.833,4036.323,3867.000,4771.000,4411.533,4662.423,4252.000,4508.909,4512.917
761,4292.806,6615.500,4454.932,5878.417,4023.353,3854.500,4802.667,4397.017,4670.115,4244.524,4593.000,4548.167
762,4270.278,6592.769,4425.545,5886.333,4010.118,3807.250,4806.667,4403.250,4644.654,4255.952,4574.545,4527.000
763,4290.806,6619.500,4422.068,5956.833,4018.912,3817.000,4765.667,4400.417,4658.385,4269.857,4608.091,4509.583
764,4265.639,6628.346,4441.545,5877.667,4022.941,3833.000,4779.833,4378.283,4665.308,4250.048,4590.273,4522.667
765,4266.028,6570.808,4398.000,5910.500,4010.088,3847.500,4753.667,4373.133,4665.461,4219.333,4607.273,4523.583
766,4229.861,6616.500,4452.227,5909.167,4025.441,3815.000,4730.167,4377.550,4668.269,4224.952,4547.818,4499.167
767,4255.611,6618.346,4421.295,5887.667,3991.941,3839.375,4796.000,4394.033,4649.096,4225.905,4570.727,4483.083
768,4249.667,6622.539,4407.727,5890.417,4004.177,3815.750,4748.667,4405.267,4657.635,4229.048,4570.818,4493.167
769,4260.194,6613.346,4383.932,5890.583,3991.265,3814.000,4716.667,4401.783,4639.211,4251.429,4593.091,4515.500
770,4259.556,6583.423,4394.545,5862.000,3992.853,3834.750,4724.000,4374.900,4641.654,4211.190,4586.636,4471.083
771,4268.361,6610.692,4379.159,5868.583,3992.265,3842.250,4820.667,4410.233,4638.423,4249.952,4542.091,4511.917
772,4285.750,6619.269,4372.591,5858.833,3996.235,3793.500,4783.667,4382.133,4655.923,4211.048,4534.455,4520.667
773,4285.278,6579.423,4392.386,5927.500,3985.794,3838.250,4687.833,4396.333,4630.308,4204.571,4565.182,4519.750
774,4282.917,6652.192,4341.636,5876.250,3960.882,3799.125,4698.667,4380.833,4633.923,4262.476,4515.818,4534.083
775,4288.889,6568.154,4348.091,5842.250,3984.500,3813.000,4773.167,4381.983,4634.904,4227.667,4527.636,4498.833
776,4303.583,6599.808,4377.773,5889.167,3996.559,3803.000,4758.000,4409.367,4625.596,4209.048,4543.909,4512.583
777,4267.917,6607.308,4386.227,5914.750,3986.147,3793.500,4737.000,4397.250,4622.558,4254.333,4527.091,4528.500
778,4278.417,6581.500,4344.068,5836.167,4001.382,3889.000,4738.000,4364.350,4642.231,4263.476,4518.818,4528.500
779,4287.833,6592.192,4364.955,5869.667,3966.882,3843.500,4754.333,4388.200,4619.846,4226.476,4484.000,4529.583
780,4258.667,6573.731,4344.273,5880.833,3953.559,3811.250,4755.667,4384.683,4638.327,4226.667,4516.182,4524.667
781,4276.889,6611.654,4319.477,5860.917,3975.559,3809.000,4790.333,4394.667,4622.385,4224.810,4508.727,4488.250
782,4275.083,6585.231,4361.341,5902.750,3956.235,3822.875,4736.833,4363.583,4610.692,4215.238,4496.636,4500.750
783,4243.111,6570.077,4367.795,5874.917,3952.765,3776.125,4769.000,4377.083,4607.692,4207.857,4531.364,4534.833
784,4283.250,6617.231,4294.636,5870.083,3962.441,3787.500,4769.667,4386.883,4625.673,4205.095,4502.364,4500.750
785,4248.667,6544.961,4338.659,5820.083,3958.441,3763.125,4730.167,4378.067,4617.904,4237.476,4489.818,4504.667
786,4271.778,6639.615,4299.841,5942.500,3963.588,3821.500,4746.500,4387.700,4628.039,4231.286,4510.727,4514.667
787,4274.000,6577.039,4308.523,5863.500,3938.235,3807.750,4758.833,4384.683,4635.346,4234.952,4505.818,4495.750
788,4259.833,6585.039,4338.250,5881.000,3953.823,3836.375,4847.833,4376.500,4591.635,4272.286,4514.727,4482.500
789,4271.556,6614.423,4304.318,5811.750,3939.735,3790.000,4754.833,4391.433,4587.211,4180.762,4475.545,4560.083
790,4241.139,6611.808,4285.523,5891.833,3919.118,3833.250,4804.333,4355.717,4626.885,4214.810,4464.364,4540.000
791,4251.750,6583.808,4308.750,5849.250,3962.882,3828.125,4730.000,4380.033,4609.865,4232.238,4493.091,4506.417
792,4271.556,6622.231,4316.727,5874.000,3935.971,3783.250,4701.833,4380.750,4618.692,4166.619,4472.091,4493.000
793,4282.556,6582.269,4277.182,5847.000,3959.412,3792.125,4738.500,4376.350,4604.750,4211.048,4491.182,4491.500
794,4219.694,6620.654,4232.773,5850.083,3940.823,3760.375,4683.167,4385.383,4608.539,4235.857,4506.545,4507.000
795,4232.000,6573.539,4294.477,5936.750,3945.029,3788.750,4707.667,4379.100,4589.904,4199.190,4485.636,4522.167
796,4228.833,6609.308,4227.500,5874.083,3921.882,3793.750,4762.167,4372.967,4618.769,4218.190,4431.364,4523.000
797,4252.611,6631.231,4280.000,5859.083,3947.382,3767.375,4751.667,4378.050,4602.481,4247.810,4451.455,4526.583
798,4258.167,6583.039,4301.909,5896.583,3943.382,3791.375,4753.333,4357.567,4605.942,4207.857,4444.545,4531.917
799,4272.500,6612.539,4251.500,5855.833,3969.235,3767.375,4805.000,4383.350,4589.327,4208.286,4447.182,4500.750
800,4252.444,6615.308,4224.500,5861.500,3928.294,3803.250,4739.167,4362.883,4610.327,4203.048,4466.091,4527.083
