 ,Mean1,Mean2,Mean3,Mean4,Mean5,Mean6
1,4357.600,4041.618,4165.385,3440.542,3744.587,3013.919
2,4367.500,4023.779,4162.917,3445.260,3742.812,3010.527
3,4350.000,4035.853,4172.109,3439.474,3758.950,3012.297
4,4353.317,4036.647,4172.912,3444.021,3724.800,3015.243
5,4348.833,4043.691,4172.641,3428.870,3747.350,3011.081
6,4345.950,4044.338,4175.146,3438.927,3742.738,3002.574
7,4343.100,4051.912,4170.432,3448.172,3746.300,3019.311
8,4335.533,4050.559,4173.188,3440.292,3730.350,3010.020
9,4343.350,4045.015,4171.969,3445.276,3740.188,3010.656
10,4360.917,4047.265,4160.088,3440.271,3741.788,3018.513
11,4333.533,4044.706,4169.787,3446.391,3748.488,3018.959
12,4361.167,4044.750,4162.412,3444.359,3748.100,3013.020
13,4359.100,4034.485,4177.630,3451.667,3740.150,3017.216
14,4337.150,4038.706,4174.682,3438.854,3758.650,3012.304
15,4349.133,4044.956,4187.583,3438.016,3767.012,3009.797
16,4357.633,4050.721,4171.281,3450.755,3742.600,3012.791
17,4349.000,4033.323,4178.620,3441.068,3752.425,3016.689
18,4361.467,4048.368,4179.979,3453.078,3747.062,3009.811
19,4356.250,4046.971,4173.823,3439.786,3741.812,3020.763
20,4372.733,4042.794,4182.401,3452.245,3754.300,3007.520
21,4334.817,4041.103,4173.901,3446.682,3756.663,3012.953
22,4353.800,4044.618,4172.713,3442.812,3748.300,3018.561
23,4365.367,4042.927,4174.287,3444.406,3749.475,3014.439
24,4361.783,4038.765,4175.000,3449.698,3763.738,3012.115
25,4362.750,4036.471,4173.000,3444.031,3765.725,3012.311
26,4346.333,4049.765,4176.557,3441.693,3747.350,3009.453
27,4341.017,4047.868,4184.885,3448.573,3738.650,3013.973
28,4343.767,4050.985,4173.417,3446.865,3747.887,3024.068
29,4346.967,4066.029,4184.531,3444.990,3751.725,3021.189
30,4353.183,4036.618,4163.443,3437.094,3750.450,3013.588
31,4362.867,4042.691,4165.422,3441.141,3728.850,3008.493
32,4317.100,4054.618,4171.396,3448.182,3763.425,3015.473
33,4360.600,4048.765,4175.443,3447.266,3748.337,3012.669
34,4358.350,4046.853,4168.740,3439.115,3737.762,3002.547
35,4347.250,4052.059,4173.870,3447.729,3749.825,3008.054
36,4356.533,4049.677,4179.562,3442.896,3759.887,3020.013
37,4355.467,4047.691,4178.000,3446.589,3750.363,3011.284
38,4361.567,4056.838,4181.760,3449.714,3743.738,3013.608
39,4347.283,4065.221,4174.938,3439.255,3750.700,3007.628
40,4361.483,4033.427,4170.557,3436.964,3731.300,3008.034
41,4353.400,4034.338,4173.833,3455.651,3766.488,3014.000
42,4329.733,4034.279,4177.682,3445.271,3759.750,3008.318
43,4332.750,4052.235,4168.599,3446.026,3758.113,3007.277
44,4361.450,4055.103,4175.760,3446.698,3749.075,3016.203
45,4334.933,4040.779,4171.682,3443.953,3760.825,3011.142
46,4352.550,4049.985,4178.630,3438.917,3742.988,3009.507
47,4359.633,4052.427,4169.880,3440.333,3747.212,3016.892
48,4357.367,4053.691,4177.776,3454.521,3746.125,3011.034
49,4338.100,4041.368,4181.542,3442.271,3746.387,3017.676
50,4351.650,4046.985,4177.740,3440.958,3744.712,3000.412
51,4355.583,4046.191,4172.750,3434.703,3746.650,3009.041
52,4340.633,4060.882,4183.443,3442.677,3766.375,3021.635
53,4351.233,4046.250,4181.677,3445.786,3752.938,3013.230
54,4357.733,4033.897,4169.599,3451.646,3757.150,3023.487
55,4335.917,4053.088,4172.708,3440.833,3764.863,3015.358
56,4348.450,4048.632,4178.755,3447.130,3744.100,3012.041
57,4356.733,4067.162,4172.755,3441.229,3772.637,3006.784
58,4354.050,4034.323,4176.562,3446.469,3755.738,3012.351
59,4341.267,4049.015,4176.255,3449.193,3762.725,3018.182
60,4336.767,4061.088,4168.547,3451.526,3753.075,3017.277
61,4364.500,4052.618,4173.240,3443.276,3746.212,3007.500
62,4343.667,4055.044,4179.734,3444.406,3777.637,3014.899
63,4377.800,4050.294,4180.516,3451.781,3749.600,3007.953
64,4344.450,4064.250,4196.604,3448.833,3749.450,3021.243
65,4353.733,4043.985,4177.365,3460.292,3743.837,3022.284
66,4353.650,4064.750,4194.526,3440.969,3758.575,3013.351
67,4363.450,4039.235,4187.948,3451.370,3763.688,3008.406
68,4365.900,4066.588,4187.760,3440.078,3750.238,3015.594
69,4352.933,4060.868,4183.037,3445.453,3740.012,3014.824
70,4359.933,4054.735,4176.797,3453.609,3755.400,3013.797
71,4381.700,4034.132,4175.177,3446.964,3752.150,3017.574
72,4358.533,4050.382,4188.167,3442.927,3750.800,3022.453
73,4358.283,4059.265,4185.026,3457.135,3754.488,3016.351
74,4357.050,4050.618,4189.365,3443.474,3747.863,3003.432
75,4350.817,4047.868,4178.995,3452.667,3759.938,3007.642
76,4350.750,4042.662,4173.463,3448.818,3753.325,3007.439
77,4359.233,4059.279,4177.990,3446.604,3753.262,3003.973
78,4360.967,4062.103,4184.297,3445.661,3752.250,3017.709
79,4339.767,4059.559,4183.213,3442.370,3751.012,3015.406
80,4362.617,4049.103,4180.750,3443.484,3743.075,3012.784
81,4352.683,4040.588,4172.641,3451.448,3748.400,3008.858
82,4347.617,4053.809,4175.990,3454.411,3755.375,3023.365
83,4360.950,4037.088,4197.042,3447.953,3773.150,3009.993
84,4363.300,4061.177,4179.750,3443.536,3748.387,3020.622
85,4356.717,4059.250,4195.578,3439.615,3747.363,3012.351
86,4364.117,4048.427,4178.188,3450.708,3742.425,3023.899
87,4345.017,4047.897,4184.203,3429.870,3748.413,3019.811
88,4350.000,4057.529,4182.521,3449.859,3753.925,3013.804
89,4382.233,4055.632,4188.766,3437.536,3735.788,3015.250
90,4360.050,4069.177,4182.766,3453.745,3752.488,3010.203
91,4347.450,4069.794,4185.047,3441.474,3753.300,3012.297
92,4349.717,4049.882,4188.151,3448.661,3758.875,3009.378
93,4351.317,4049.706,4177.412,3449.797,3736.600,3012.277
94,4370.467,4059.177,4178.635,3443.344,3749.038,3005.156
95,4363.050,4064.456,4175.656,3446.380,3761.212,3007.034
96,4361.117,4054.044,4184.255,3447.266,3762.000,3003.013
97,4375.183,4054.265,4185.724,3441.995,3772.750,3010.196
98,4349.483,4051.912,4183.458,3450.484,3763.575,3015.912
99,4362.550,4046.941,4185.646,3443.859,3746.675,3018.088
100,4363.567,4050.882,4172.219,3446.005,3753.587,3014.027
101,4348.567,4049.544,4184.948,3449.177,3755.788,3014.311
102,4361.817,4068.471,4186.344,3446.953,3738.475,3015.196
103,4322.883,4046.118,4177.698,3451.260,3762.875,3011.446
104,4343.700,4039.441,4174.917,3443.182,3752.125,3011.182
105,4345.617,4047.177,4184.021,3436.083,3745.225,3010.993
106,4350.083,4040.368,4179.365,3448.135,3746.262,3004.635
107,4347.633,4053.779,4173.047,3450.073,3751.300,3010.344
108,4367.267,4055.177,4182.651,3431.349,3783.800,3025.108
109,4419.250,4084.323,4212.943,3471.646,3821.762,3093.291
110,4482.117,4104.897,4262.719,3499.557,3901.200,3132.588
111,4533.067,4169.265,4370.255,3532.927,4010.212,3173.851
112,4580.600,4255.074,4509.859,3568.792,4115.212,3251.649
113,4622.617,4303.132,4670.427,3609.927,4207.487,3328.594
114,4632.033,4373.588,4803.766,3663.120,4327.900,3455.709
115,4674.400,4411.750,4918.417,3735.021,4461.562,3607.980
116,4695.467,4454.309,5023.234,3800.703,4590.987,3781.513
117,4732.700,4525.765,5110.516,3882.026,4707.337,3963.743
118,4801.883,4574.397,5186.859,3965.312,4804.712,4196.541
119,4826.167,4618.868,5289.755,4054.109,4952.737,4419.162
120,4873.417,4661.500,5426.547,4156.818,5063.712,4651.554
121,4916.550,4710.500,5565.323,4263.662,5175.288,4901.723
122,4964.417,4748.294,5691.323,4355.963,5242.087,5099.885
123,5010.500,4780.529,5848.677,4476.635,5316.725,5287.412
124,5087.983,4821.721,5991.745,4615.094,5410.850,5465.514
125,5159.500,4840.206,6140.833,4742.490,5437.288,5594.777
126,5234.467,4855.059,6292.167,4887.912,5489.513,5758.939
127,5272.167,4876.647,6406.719,5021.359,5499.587,5871.433
128,5325.717,4908.265,6517.412,5203.526,5533.075,5967.358
129,5411.200,4910.647,6624.787,5385.401,5553.138,6103.311
130,5472.400,4913.897,6699.948,5580.453,5579.938,6204.622
131,5553.817,4939.162,6778.167,5782.370,5609.600,6287.973
132,5630.433,4945.250,6834.984,5986.224,5588.763,6332.102
133,5693.883,4925.353,6882.177,6216.234,5623.700,6416.534
134,5753.917,4935.250,6918.844,6429.547,5613.825,6454.567
135,5845.950,4956.985,6940.635,6683.401,5657.562,6573.845
136,5903.733,4960.603,6994.052,6928.396,5666.525,6623.865
137,5972.600,4980.574,7015.776,7115.448,5663.788,6639.067
138,6042.200,4952.603,7039.078,7309.359,5655.337,6687.547
139,6104.417,4993.603,7064.365,7520.068,5687.388,6733.426
140,6155.917,4977.162,7059.427,7671.792,5669.625,6760.385
141,6200.183,4975.162,7070.552,7835.656,5691.837,6798.271
142,6260.017,4984.044,7085.266,7990.630,5707.038,6835.514
143,6308.600,5003.706,7080.302,8120.292,5690.538,6831.527
144,6352.300,4993.426,7107.729,8219.656,5714.987,6868.385
145,6402.150,5000.074,7104.713,8351.896,5712.875,6888.588
146,6424.100,4987.926,7109.354,8427.401,5699.100,6926.655
147,6469.533,5027.015,7139.432,8469.802,5710.462,6893.277
148,6489.800,5010.015,7151.422,8543.880,5729.212,6933.628
149,6533.983,4987.279,7126.443,8558.505,5714.450,6915.372
150,6560.667,5007.456,7143.396,8585.333,5679.250,6892.898
151,6595.833,4990.500,7148.427,8641.312,5706.362,6933.933
152,6612.733,5015.338,7159.312,8674.969,5743.812,6983.271
153,6636.883,5009.235,7161.578,8665.031,5706.862,6923.229
154,6678.200,5015.662,7159.917,8670.875,5698.562,6937.466
155,6671.967,5017.074,7168.432,8697.651,5699.325,6959.466
156,6693.450,5005.956,7156.859,8724.458,5709.225,6945.297
157,6730.333,5027.941,7171.391,8713.469,5720.513,6950.743
158,6725.333,5021.809,7174.719,8743.141,5714.925,6959.419
159,6751.733,5006.059,7170.240,8703.281,5686.763,6940.041
160,6768.167,5012.147,7184.812,8770.521,5709.200,6965.777
161,6795.733,5024.721,7180.312,8789.208,5697.425,6986.277
162,6789.550,5029.029,7180.505,8800.427,5698.513,6987.412
163,6807.933,5030.191,7182.823,8778.833,5688.312,7000.493
164,6788.033,5023.221,7195.203,8763.250,5700.962,6976.007
165,6816.017,5026.397,7188.682,8780.192,5706.175,6986.541
166,6819.767,5026.221,7175.995,8818.386,5727.562,7009.271
167,6838.050,5027.794,7199.776,8829.177,5711.675,7024.736
168,6823.267,5026.441,7196.651,8839.641,5719.800,6985.041
169,6842.700,5019.162,7183.380,8809.177,5705.025,6998.561
170,6832.517,5015.015,7203.328,8837.308,5700.038,7012.189
171,6841.550,5023.779,7177.167,8829.625,5722.138,7035.304
172,6850.767,5037.971,7202.979,8843.984,5712.950,7010.067
173,6856.267,5023.912,7188.458,8859.177,5740.325,7037.595
174,6863.700,5003.265,7199.578,8828.656,5705.938,6995.345
175,6859.433,5025.235,7191.974,8842.026,5701.087,7012.892
176,6856.517,5010.162,7188.281,8875.386,5697.663,7031.676
177,6871.633,5016.044,7196.568,8912.933,5749.700,7036.926
178,6872.883,5033.515,7210.703,8892.036,5696.188,7042.317
179,6835.517,5010.750,7193.266,8861.271,5690.350,7027.264
180,6875.400,5015.074,7192.526,8887.672,5702.138,7025.034
181,6874.250,5025.662,7188.354,8893.167,5731.050,6987.736
182,6855.183,5041.279,7210.281,8921.354,5740.212,7003.372
183,6831.483,5044.912,7191.495,8949.219,5740.725,6989.507
184,6801.900,5011.103,7181.172,8905.474,5721.913,6985.412
185,6821.700,5040.000,7174.203,8932.183,5728.212,6968.588
186,6810.417,5016.368,7185.885,8901.078,5732.900,6964.169
187,6847.700,5024.118,7185.047,8951.859,5717.362,6973.716
188,6852.867,5023.000,7197.193,8940.297,5730.038,7002.771
189,6846.350,5044.044,7184.172,8941.599,5728.862,6986.865
190,6837.867,5024.441,7189.135,8903.453,5719.275,6975.588
191,6845.217,5038.485,7179.052,8904.427,5700.862,6966.831
192,6827.833,5006.794,7190.620,8923.302,5723.362,6955.209
193,6853.200,5004.265,7179.531,8938.422,5719.950,6983.905
194,6835.633,5026.515,7172.969,8915.234,5715.150,6973.716
195,6827.483,4997.574,7171.083,8904.823,5701.450,6954.189
196,6837.433,5009.015,7196.625,8901.203,5692.950,6970.148
197,6850.467,5010.485,7190.219,8882.703,5728.138,6961.953
198,6837.967,5025.382,7196.458,8934.292,5722.375,6974.703
199,6845.767,5022.912,7171.417,8901.729,5717.087,6966.493
200,6813.750,5002.235,7191.104,8901.646,5698.975,6961.271
201,6847.167,5025.456,7164.719,8880.567,5723.875,6961.223
202,6854.717,5005.809,7185.203,8896.323,5723.112,6941.817
203,6858.900,5012.676,7189.594,8919.911,5707.925,6981.176
204,6841.550,5011.044,7173.458,8896.203,5710.112,6978.203
205,6865.717,5006.647,7187.328,8881.047,5702.462,6968.067
206,6864.733,5028.824,7169.667,8881.656,5698.725,6971.264
207,6831.367,5010.559,7184.323,8905.698,5711.450,6983.372
208,6839.283,5020.529,7175.354,8898.214,5701.400,6988.433
209,6838.067,5019.603,7172.938,8875.505,5712.038,6975.000
210,6871.717,5020.471,7170.766,8902.317,5707.800,6992.514
211,6830.517,5019.162,7161.537,8870.817,5695.650,6967.088
212,6839.767,5002.118,7173.646,8894.125,5727.188,7002.791
213,6855.600,5019.015,7178.995,8897.281,5710.888,6982.459
214,6835.250,5012.574,7156.188,8871.703,5706.425,6961.852
215,6844.667,5018.221,7167.838,8879.781,5692.612,6955.966
216,6830.800,4989.559,7160.401,8891.391,5702.925,6957.831
217,6866.100,5022.353,7171.333,8881.339,5704.038,6939.041
218,6814.450,5036.176,7174.927,8886.479,5689.550,6965.696
219,6838.200,5022.118,7165.750,8882.719,5709.525,6964.000
220,6838.800,5003.794,7154.771,8874.880,5711.225,6947.054
221,6839.933,4996.632,7163.682,8901.808,5709.200,6995.521
222,6836.950,4990.647,7157.412,8896.849,5689.175,6962.162
223,6819.350,5006.294,7151.818,8854.692,5683.688,6966.554
224,6842.733,4996.706,7159.760,8881.802,5695.275,6954.804
225,6821.517,5004.412,7157.818,8886.442,5697.475,6952.683
226,6833.833,4997.176,7170.062,8862.911,5690.675,6956.966
227,6832.250,4989.441,7158.047,8870.625,5696.900,6935.209
228,6827.150,5018.118,7167.057,8850.442,5692.812,6948.378
229,6843.833,5006.441,7160.708,8877.844,5691.188,6928.885
230,6802.467,4998.971,7149.302,8850.442,5670.900,6953.277
231,6845.183,5003.353,7159.854,8865.245,5685.862,6941.183
232,6842.117,4994.015,7149.578,8879.808,5680.712,6912.648
233,6807.783,5020.235,7147.323,8837.469,5675.663,6927.041
234,6817.667,5021.015,7151.516,8859.479,5674.925,6909.541
235,6825.650,5009.456,7141.333,8881.333,5672.788,6934.933
236,6801.250,4994.897,7132.948,8830.099,5676.062,6901.919
237,6816.383,4986.441,7141.979,8857.104,5678.100,6891.257
238,6833.800,4998.368,7140.588,8849.521,5687.337,6933.398
239,6802.667,5008.985,7153.385,8850.594,5668.950,6915.804
240,6835.533,4984.868,7143.562,8842.109,5677.850,6919.169
241,6807.150,4985.618,7130.474,8855.942,5662.212,6924.183
242,6788.183,5014.853,7125.229,8840.401,5678.075,6913.635
243,6788.617,5000.044,7144.729,8840.542,5686.150,6920.284
244,6792.000,5024.309,7131.630,8850.234,5689.150,6939.142
245,6812.417,4992.397,7134.995,8856.594,5696.000,6940.973
246,6814.150,4982.912,7137.995,8820.552,5667.138,6910.507
247,6811.517,4990.191,7116.646,8817.734,5666.888,6910.865
248,6802.483,4989.838,7127.625,8848.058,5684.062,6955.933
249,6792.117,5012.294,7128.568,8795.156,5653.487,6921.203
250,6785.467,4994.897,7119.047,8829.552,5662.413,6924.176
251,6814.850,4990.868,7118.068,8809.724,5661.138,6921.128
252,6804.983,5000.088,7129.469,8823.692,5673.350,6922.439
253,6814.583,4986.250,7126.281,8827.328,5655.750,6905.189
254,6804.400,4996.529,7108.484,8815.067,5655.538,6918.486
255,6801.633,4978.706,7125.948,8811.812,5654.400,6910.521
256,6787.867,4985.000,7112.068,8792.984,5658.962,6891.155
257,6769.500,4974.412,7114.927,8816.438,5661.650,6888.973
258,6793.233,4989.691,7111.505,8826.739,5663.212,6894.588
259,6776.833,4962.868,7117.193,8797.109,5650.812,6885.885
260,6745.517,5009.235,7097.552,8794.552,5659.612,6882.135
261,6784.417,4994.471,7107.745,8805.380,5653.038,6886.466
262,6768.900,4973.882,7093.177,8793.667,5639.825,6912.683
263,6760.317,4986.382,7098.641,8774.589,5661.987,6887.797
264,6785.417,4993.294,7101.031,8791.917,5644.962,6872.311
265,6776.783,4984.897,7093.755,8760.344,5636.525,6886.595
266,6776.517,4997.471,7099.104,8771.906,5655.975,6879.291
267,6767.133,4987.441,7095.417,8764.750,5646.425,6889.791
268,6748.200,4963.721,7091.255,8792.011,5682.462,6913.338
269,6793.650,4994.735,7085.948,8752.552,5650.638,6862.973
270,6731.883,4977.000,7086.490,8746.183,5622.163,6853.838
271,6734.933,4974.559,7098.812,8777.458,5660.300,6872.811
272,6754.200,4989.279,7080.531,8771.464,5648.075,6876.183
273,6712.733,4971.426,7078.901,8792.245,5638.487,6874.547
274,6750.817,4984.368,7079.844,8766.573,5619.038,6878.102
275,6749.150,4970.618,7070.245,8756.781,5622.225,6872.953
276,6731.417,4972.426,7070.245,8751.500,5659.500,6850.926
277,6743.817,4980.971,7075.552,8751.969,5637.237,6898.466
278,6736.500,4982.338,7074.979,8744.808,5638.562,6872.148
279,6749.733,4973.456,7080.432,8765.266,5635.475,6860.729
280,6751.000,4949.191,7055.292,8710.453,5629.587,6840.662
281,6745.817,4973.368,7080.068,8755.526,5643.862,6862.804
282,6747.967,4957.279,7061.505,8736.089,5597.263,6842.372
283,6737.150,4957.647,7070.417,8713.031,5607.538,6863.615
284,6731.133,4981.015,7067.328,8733.067,5636.275,6842.209
285,6724.450,4971.294,7079.807,8717.714,5637.300,6858.852
286,6750.083,4975.382,7064.870,8704.109,5608.600,6828.385
287,6717.767,4952.574,7068.510,8710.828,5632.400,6856.223
288,6724.817,4962.103,7072.422,8707.766,5629.888,6855.102
289,6729.867,4973.603,7070.370,8729.245,5632.450,6854.378
290,6745.850,4986.162,7087.755,8727.380,5634.062,6873.858
291,6756.100,4988.324,7076.745,8727.317,5637.462,6850.696
292,6750.900,5013.265,7070.224,8698.683,5637.600,6829.021
293,6762.267,4988.971,7091.281,8735.812,5661.225,6878.527
294,6802.600,5014.897,7093.943,8740.802,5659.400,6888.479
295,6795.817,5027.441,7091.667,8735.817,5666.025,6879.102
296,6799.567,5015.206,7106.255,8760.661,5675.013,6869.973
297,6800.150,5005.647,7102.776,8743.708,5685.913,6880.817
298,6795.250,5012.147,7099.005,8741.688,5672.225,6867.743
299,6796.567,5004.721,7124.620,8765.417,5681.913,6893.635
300,6832.533,5030.074,7111.042,8777.505,5707.750,6909.736
301,6846.567,5012.941,7115.990,8750.433,5674.800,6858.615
302,6832.517,5001.941,7120.880,8752.151,5691.788,6882.446
303,6826.900,5032.265,7118.594,8778.276,5713.300,6899.216
304,6859.133,5013.500,7114.250,8766.151,5688.438,6903.595
305,6802.033,5012.721,7132.271,8763.511,5697.212,6877.622
306,6805.000,5009.632,7109.995,8787.266,5708.237,6873.750
307,6839.417,5034.897,7113.240,8753.755,5670.150,6878.919
308,6820.450,5028.809,7110.323,8768.099,5695.650,6876.567
309,6835.133,5034.000,7102.599,8776.724,5701.013,6885.358
310,6828.517,5009.221,7110.359,8732.328,5688.175,6863.345
311,6834.767,5012.015,7107.594,8735.703,5684.350,6874.723
312,6816.917,5028.176,7090.344,8780.667,5703.500,6908.304
313,6806.567,5020.676,7103.146,8728.511,5676.150,6856.953
314,6816.083,5015.074,7099.182,8737.729,5675.325,6848.777
315,6813.217,5009.485,7114.859,8732.370,5696.638,6879.209
316,6793.500,4990.500,7069.010,8741.797,5673.125,6851.155
317,6791.433,5001.338,7086.391,8730.656,5662.400,6853.473
318,6811.183,5022.000,7077.984,8756.433,5668.288,6870.872
319,6771.050,5003.985,7064.057,8714.729,5682.050,6847.486
320,6805.283,4997.941,7093.365,8710.683,5658.388,6828.561
321,6774.617,4988.824,7082.901,8727.067,5670.862,6846.642
322,6788.567,5005.441,7060.588,8718.688,5679.500,6868.541
323,6782.300,5000.132,7075.969,8728.698,5646.625,6834.797
324,6756.600,5006.971,7058.838,8702.692,5639.288,6844.102
325,6784.100,4987.647,7059.635,8699.625,5635.413,6816.912
326,6779.050,4990.971,7040.979,8715.192,5654.038,6813.676
327,6757.050,4995.118,7067.948,8719.354,5656.663,6843.264
328,6766.700,4992.721,7053.088,8690.808,5645.312,6808.486
329,6744.883,5000.529,7052.349,8682.136,5615.950,6821.602
330,6762.967,4986.853,7049.844,8692.208,5667.475,6851.196
331,6759.733,4993.426,7043.141,8630.083,5627.587,6840.817
332,6757.867,4991.544,7051.260,8649.198,5639.550,6817.412
333,6769.317,4996.471,7044.302,8706.776,5661.225,6836.257
334,6734.167,4978.824,7035.276,8644.844,5591.825,6844.453
335,6728.367,4999.309,7028.213,8630.703,5612.925,6795.324
336,6739.500,4984.529,7047.818,8675.979,5656.587,6861.264
337,6739.867,4973.044,7038.302,8676.755,5637.938,6866.223
338,6763.400,4985.456,7014.677,8635.198,5622.225,6801.771
339,6737.950,4992.882,7040.516,8650.239,5635.825,6837.088
340,6742.150,4981.956,7018.818,8638.396,5632.962,6852.067
341,6730.767,4991.426,7009.026,8640.808,5601.212,6840.933
342,6719.533,4991.074,7021.281,8627.026,5612.500,6818.365
343,6746.150,4974.309,7018.453,8654.167,5614.500,6828.729
344,6730.817,4976.162,7024.938,8607.609,5599.288,6792.784
345,6721.983,4952.294,7009.917,8615.651,5626.250,6805.196
346,6731.617,4972.353,6999.662,8627.692,5609.712,6831.723
347,6678.550,4979.382,6997.568,8587.864,5586.175,6786.317
348,6707.900,4986.221,7003.120,8588.901,5599.700,6786.933
349,6707.300,4982.897,6992.932,8580.797,5604.700,6822.689
350,6714.100,4952.059,6984.484,8598.021,5617.212,6809.466
351,6720.900,4969.897,6995.135,8572.781,5583.475,6798.203
352,6715.317,4960.044,6968.047,8605.933,5587.600,6828.128
353,6706.050,4971.118,6982.005,8581.229,5607.737,6791.209
354,6678.483,4973.882,6985.953,8567.578,5571.688,6782.602
355,6727.533,4964.853,6984.312,8554.854,5591.638,6787.865
356,6683.733,4950.250,6990.474,8556.761,5589.925,6813.608
357,6701.683,4972.000,6967.135,8556.344,5594.975,6768.608
358,6673.650,4964.412,6990.354,8556.292,5586.038,6799.872
359,6685.533,4965.794,6967.542,8562.317,5598.388,6784.831
360,6671.967,4964.103,6953.963,8550.620,5599.938,6789.689
361,6672.033,4947.000,6963.224,8525.984,5554.300,6777.831
362,6653.133,4943.971,6965.000,8561.078,5578.513,6793.574
363,6685.317,4956.853,6961.463,8528.589,5566.562,6769.108
364,6689.967,4956.368,6959.875,8538.734,5562.800,6771.115
365,6681.767,4940.647,6953.938,8517.411,5579.200,6742.378
366,6663.400,4945.294,6964.203,8497.547,5562.275,6762.412
367,6667.267,4965.000,6945.010,8525.646,5582.175,6757.148
368,6654.250,4955.676,6937.562,8502.489,5574.763,6783.527
369,6659.333,4975.588,6945.406,8528.411,5579.700,6737.561
370,6655.317,4941.279,6941.037,8510.302,5587.300,6744.142
371,6621.850,4961.088,6951.141,8477.729,5563.250,6756.433
372,6636.483,4954.485,6941.396,8516.354,5574.300,6740.933
373,6651.700,4934.206,6931.344,8489.255,5541.425,6749.669
374,6633.450,4958.853,6931.849,8502.198,5566.913,6767.264
375,6648.900,4943.324,6926.922,8502.344,5566.350,6743.148
376,6640.367,4945.324,6940.229,8456.089,5541.550,6711.479
377,6649.983,4937.147,6934.391,8488.250,5570.712,6754.108
378,6660.850,4967.765,6937.734,8470.005,5556.513,6749.595
379,6623.367,4951.882,6933.677,8476.250,5570.388,6743.743
380,6631.533,4944.471,6920.396,8477.719,5566.075,6745.757
381,6630.467,4924.956,6913.943,8475.604,5542.225,6744.892
382,6629.350,4962.397,6899.948,8468.620,5540.525,6726.433
383,6630.800,4935.912,6911.828,8461.458,5544.425,6760.750
384,6615.533,4954.603,6908.615,8461.203,5536.650,6726.135
385,6599.583,4945.044,6921.406,8440.031,5564.138,6729.385
386,6615.967,4936.088,6897.307,8435.370,5551.413,6731.304
387,6624.767,4933.426,6895.537,8448.286,5556.413,6710.521
388,6616.767,4934.191,6896.552,8404.276,5514.688,6705.148
389,6616.817,4927.735,6917.875,8461.146,5542.388,6707.574
390,6611.850,4934.324,6898.385,8460.484,5544.900,6703.433
391,6608.300,4935.912,6904.094,8433.500,5540.875,6718.892
392,6655.167,4926.074,6896.370,8446.031,5522.525,6708.892
393,6585.900,4916.721,6905.104,8413.771,5530.212,6734.507
394,6595.717,4943.382,6897.635,8425.984,5534.800,6715.865
395,6597.483,4925.441,6898.078,8447.692,5548.888,6723.223
396,6598.533,4927.515,6902.344,8412.396,5511.013,6706.162
397,6544.417,4938.529,6902.203,8414.167,5516.263,6685.297
398,6586.133,4929.294,6876.370,8384.469,5517.438,6688.602
399,6584.033,4938.971,6886.990,8428.942,5534.425,6716.683
400,6616.450,4947.353,6883.083,8397.599,5515.587,6712.797
401,6559.350,4927.206,6889.708,8414.417,5551.775,6698.358
402,6570.433,4931.265,6880.682,8381.620,5530.388,6690.723
403,6587.083,4929.765,6880.521,8361.922,5507.413,6700.412
404,6593.817,4932.971,6885.359,8404.536,5522.775,6697.622
405,6579.333,4957.588,6878.963,8397.297,5522.263,6691.162
406,6579.633,4927.662,6865.500,8387.109,5523.850,6684.027
407,6571.267,4934.574,6862.156,8375.401,5523.788,6678.365
408,6581.783,4922.853,6889.703,8377.661,5534.850,6690.081
409,6550.267,4960.162,6858.307,8353.875,5516.237,6686.595
410,6574.450,4923.279,6855.495,8358.833,5533.825,6691.777
411,6551.067,4914.912,6862.713,8378.812,5531.400,6705.628
412,6555.217,4915.309,6856.266,8362.984,5518.212,6718.433
413,6559.550,4917.162,6870.448,8361.511,5510.737,6688.169
414,6572.967,4923.765,6865.688,8370.328,5521.450,6688.128
415,6557.483,4912.074,6843.432,8327.255,5505.487,6693.352
416,6576.717,4926.059,6854.073,8354.558,5516.200,6684.304
417,6543.867,4925.662,6848.078,8312.870,5511.538,6680.021
418,6567.150,4913.971,6859.422,8326.214,5529.225,6669.872
419,6559.200,4903.118,6847.208,8312.203,5511.837,6682.892
420,6566.633,4928.603,6851.234,8321.354,5500.600,6674.439
421,6549.467,4922.779,6836.969,8312.526,5519.013,6690.054
422,6556.017,4930.412,6840.776,8353.359,5501.775,6667.412
423,6540.117,4912.412,6840.912,8319.141,5510.413,6678.223
424,6532.150,4934.882,6839.000,8308.500,5508.625,6671.912
425,6569.067,4919.191,6833.573,8303.245,5494.725,6668.405
426,6547.567,4902.500,6843.781,8329.062,5492.525,6680.271
427,6539.683,4933.559,6833.630,8296.422,5502.038,6653.757
428,6534.767,4928.353,6828.651,8276.214,5487.837,6641.176
429,6548.033,4900.412,6828.604,8276.938,5488.763,6668.358
430,6518.833,4916.074,6822.552,8285.771,5468.062,6664.061
431,6484.933,4921.603,6814.198,8286.401,5484.688,6668.102
432,6519.533,4908.000,6830.078,8275.536,5520.475,6678.169
433,6504.217,4922.000,6814.646,8270.114,5491.038,6645.939
434,6533.067,4926.265,6812.104,8262.823,5490.975,6640.405
435,6532.767,4920.162,6802.594,8250.099,5482.775,6654.196
436,6526.133,4900.941,6809.198,8269.198,5502.413,6668.608
437,6520.850,4909.103,6803.250,8236.255,5479.100,6654.608
438,6508.500,4903.926,6804.229,8242.646,5464.962,6653.852
439,6532.817,4912.147,6807.057,8217.359,5475.650,6647.304
440,6509.100,4922.868,6797.099,8210.011,5471.875,6633.453
441,6527.083,4914.529,6794.463,8264.667,5495.325,6661.439
442,6497.200,4885.941,6796.359,8246.823,5480.212,6641.716
443,6495.250,4914.382,6807.688,8222.927,5463.087,6637.027
444,6518.800,4895.618,6800.505,8211.521,5472.100,6623.993
445,6497.267,4918.368,6773.109,8206.750,5468.825,6634.757
446,6518.917,4906.691,6787.838,8217.417,5484.612,6639.412
447,6513.350,4904.147,6772.656,8233.464,5484.712,6641.338
448,6502.633,4917.941,6781.630,8201.808,5471.013,6625.865
449,6519.017,4916.074,6787.740,8189.422,5453.850,6628.223
450,6505.317,4900.662,6774.906,8178.078,5453.150,6631.939
451,6525.900,4912.103,6792.547,8197.614,5466.450,6635.459
452,6532.200,4927.926,6779.469,8192.714,5474.288,6620.683
453,6504.500,4898.147,6765.833,8192.026,5484.750,6628.574
454,6480.567,4927.456,6776.266,8174.224,5451.688,6628.845
455,6486.533,4914.265,6774.594,8183.375,5455.650,6615.229
456,6484.367,4924.382,6767.787,8191.120,5481.100,6619.696
457,6509.833,4898.059,6762.724,8160.250,5453.462,6616.797
458,6476.433,4899.529,6771.609,8170.917,5475.587,6616.067
459,6455.867,4913.618,6770.755,8180.656,5451.138,6623.027
460,6497.517,4906.750,6766.448,8160.068,5447.100,6614.203
461,6480.767,4910.706,6739.458,8170.115,5470.175,6618.986
462,6501.933,4898.985,6749.734,8145.750,5454.112,6623.311
463,6486.417,4894.206,6750.099,8158.938,5447.562,6617.014
464,6483.017,4925.353,6756.380,8152.833,5465.025,6613.628
465,6488.300,4903.853,6745.302,8133.281,5457.375,6607.946
466,6487.800,4920.985,6751.078,8149.880,5466.225,6611.797
467,6494.783,4890.235,6740.162,8126.083,5458.900,6627.628
468,6480.100,4895.838,6732.531,8171.542,5457.550,6618.831
469,6479.933,4898.397,6708.443,8128.531,5453.737,6627.466
470,6455.150,4895.897,6722.755,8114.073,5458.275,6614.412
471,6488.583,4889.456,6706.120,8130.229,5449.413,6633.027
472,6468.383,4896.926,6722.370,8132.865,5444.900,6627.493
473,6470.300,4898.088,6719.026,8143.172,5466.663,6619.554
474,6470.167,4888.676,6726.391,8121.880,5435.950,6616.203
475,6471.067,4899.971,6713.469,8107.234,5463.225,6619.236
476,6442.867,4898.132,6721.510,8114.599,5435.587,6600.027
477,6480.367,4903.412,6706.958,8119.526,5460.050,6630.953
478,6459.417,4899.676,6703.906,8133.198,5473.425,6606.176
479,6460.567,4900.176,6710.604,8089.838,5430.425,6629.311
480,6449.833,4890.265,6705.906,8092.193,5436.087,6601.398
481,6463.850,4878.544,6690.719,8101.583,5464.575,6592.858
482,6471.050,4895.574,6693.297,8073.005,5438.087,6583.426
483,6485.650,4904.515,6699.604,8087.375,5479.362,6592.784
484,6452.867,4882.103,6691.693,8066.828,5465.175,6597.521
485,6466.950,4895.176,6689.729,8057.010,5418.700,6577.196
486,6467.567,4870.574,6695.396,8064.396,5459.737,6577.581
487,6478.717,4894.794,6697.255,8049.167,5457.688,6585.236
488,6456.700,4887.485,6681.005,8061.271,5419.138,6576.196
489,6469.083,4896.779,6685.662,8053.162,5444.150,6571.729
490,6454.967,4884.691,6681.078,8052.365,5464.938,6579.764
491,6453.450,4888.603,6692.109,8052.812,5423.150,6575.297
492,6439.333,4890.971,6666.792,8030.391,5426.487,6585.784
493,6484.500,4887.397,6684.094,8063.573,5431.775,6575.257
494,6450.200,4911.897,6673.833,8018.260,5423.750,6568.865
495,6436.983,4910.176,6650.068,8048.068,5441.962,6569.243
496,6432.217,4884.324,6662.812,8029.432,5440.325,6576.716
497,6443.517,4892.691,6650.109,8020.667,5431.587,6564.588
498,6469.317,4894.397,6652.724,8034.182,5456.013,6562.108
499,6452.483,4881.265,6664.438,8016.802,5426.237,6579.581
500,6445.917,4884.191,6663.573,8006.713,5447.850,6564.493
501,6450.900,4880.574,6643.818,8015.984,5429.362,6558.966
502,6445.900,4895.279,6649.302,8007.708,5433.400,6550.297
503,6449.283,4879.088,6633.302,8016.838,5445.362,6560.615
504,6432.983,4904.412,6651.156,7993.724,5431.013,6561.703
505,6433.983,4892.015,6630.177,7996.677,5445.812,6578.061
506,6434.417,4897.956,6638.781,7976.672,5426.150,6548.979
507,6441.367,4873.294,6624.698,7957.354,5405.913,6549.811
508,6423.067,4880.456,6621.516,7982.271,5432.438,6558.250
509,6413.717,4873.000,6643.057,7974.375,5430.938,6551.250
510,6420.617,4883.294,6619.943,7966.729,5433.112,6542.534
511,6421.550,4887.029,6617.302,7956.682,5425.025,6540.858
512,6385.833,4895.706,6626.797,7937.531,5418.013,6541.933
513,6407.550,4890.441,6606.312,7949.703,5431.587,6528.398
514,6421.117,4892.074,6604.776,7944.870,5432.312,6537.709
515,6453.800,4879.103,6599.896,7943.370,5422.475,6541.966
516,6411.383,4889.574,6588.177,7921.479,5412.350,6533.628
517,6418.917,4879.221,6594.229,7915.885,5420.975,6537.622
518,6432.333,4872.529,6597.979,7953.865,5435.450,6540.966
519,6437.050,4886.809,6597.713,7918.891,5433.712,6536.628
520,6427.300,4881.941,6593.130,7908.963,5409.612,6528.817
521,6410.650,4885.294,6588.177,7887.135,5404.300,6536.608
522,6398.933,4880.206,6578.682,7894.042,5420.087,6522.135
523,6413.217,4861.294,6570.734,7911.713,5428.913,6525.588
524,6418.683,4878.074,6588.547,7901.338,5415.300,6532.183
525,6404.100,4896.559,6582.302,7876.047,5394.462,6498.709
526,6390.433,4866.691,6570.495,7884.963,5412.862,6510.081
527,6431.833,4875.574,6568.010,7892.276,5409.538,6526.750
528,6394.300,4874.103,6566.557,7871.516,5431.788,6531.979
529,6424.867,4876.250,6573.234,7872.573,5415.212,6516.209
530,6404.550,4866.015,6573.838,7873.891,5432.200,6531.074
531,6414.300,4863.074,6555.213,7851.578,5418.375,6515.088
532,6413.483,4866.353,6543.953,7863.963,5434.500,6525.628
533,6404.083,4855.985,6545.688,7864.328,5397.288,6513.926
534,6393.900,4872.485,6533.750,7863.338,5417.888,6517.034
535,6399.933,4877.132,6542.318,7820.625,5404.175,6492.176
536,6408.783,4868.029,6542.552,7833.885,5417.138,6530.264
537,6396.900,4871.824,6552.984,7862.995,5433.587,6525.433
538,6422.000,4847.662,6533.859,7831.208,5416.650,6532.655
539,6405.583,4853.691,6516.719,7810.479,5416.388,6501.176
540,6406.683,4880.647,6522.963,7818.526,5415.275,6488.514
541,6398.100,4879.441,6528.292,7819.849,5398.500,6525.595
542,6402.017,4862.103,6534.703,7838.859,5405.400,6524.676
543,6393.617,4850.632,6511.125,7833.797,5427.987,6542.128
544,6390.600,4867.132,6522.438,7813.891,5392.862,6503.446
545,6400.867,4859.426,6509.005,7785.016,5383.950,6501.662
546,6396.633,4869.588,6499.443,7804.505,5401.112,6505.115
547,6380.850,4848.456,6512.818,7817.359,5388.638,6508.135
548,6385.183,4858.765,6521.740,7774.792,5388.212,6529.014
549,6377.633,4872.529,6538.182,7787.948,5386.725,6503.061
550,6378.717,4853.956,6541.588,7774.740,5381.900,6488.554
551,6389.317,4856.309,6538.943,7784.526,5389.562,6485.716
552,6383.617,4851.250,6535.812,7773.922,5420.675,6505.250
553,6385.883,4852.176,6523.078,7786.453,5407.087,6510.250
554,6370.083,4851.882,6514.927,7759.599,5392.913,6496.264
555,6374.633,4862.824,6512.651,7760.766,5396.763,6469.236
556,6381.267,4859.603,6512.604,7745.818,5396.688,6486.615
557,6361.933,4851.985,6495.906,7752.266,5404.388,6494.459
558,6377.533,4864.956,6495.182,7726.891,5388.975,6474.588
559,6360.217,4860.544,6494.573,7760.547,5414.288,6497.689
560,6380.317,4866.044,6489.276,7733.912,5403.875,6485.534
561,6357.367,4850.882,6479.365,7739.516,5394.875,6475.453
562,6375.617,4837.559,6474.974,7737.458,5389.712,6487.378
563,6346.067,4853.971,6488.948,7723.594,5400.062,6497.574
564,6376.417,4838.956,6470.854,7721.281,5390.025,6454.074
565,6384.033,4869.735,6450.328,7738.844,5413.837,6485.203
566,6368.167,4847.485,6459.380,7731.385,5368.038,6471.014
567,6381.167,4854.235,6440.010,7706.490,5375.625,6447.622
568,6355.733,4858.029,6451.370,7688.932,5409.962,6470.507
569,6350.233,4840.059,6458.125,7727.995,5411.712,6478.933
570,6349.600,4832.676,6428.177,7673.406,5382.800,6483.507
571,6364.883,4848.309,6416.838,7681.625,5386.950,6450.229
572,6398.900,4842.824,6443.557,7700.260,5390.600,6487.608
573,6364.350,4835.485,6410.094,7679.688,5386.550,6477.926
574,6347.367,4842.412,6394.917,7701.912,5404.638,6481.277
575,6347.367,4846.074,6400.646,7690.016,5402.250,6468.581
576,6358.867,4832.235,6404.177,7674.760,5380.000,6464.872
577,6338.017,4844.662,6386.031,7652.792,5370.438,6458.959
578,6353.967,4833.515,6396.807,7678.427,5387.850,6476.554
579,6336.117,4836.265,6377.068,7656.062,5389.875,6466.939
580,6347.283,4835.500,6383.266,7659.391,5393.075,6461.054
581,6346.850,4845.176,6389.719,7639.188,5383.987,6465.500
582,6362.733,4837.044,6375.224,7655.172,5391.312,6462.784
583,6332.383,4841.912,6359.000,7645.526,5379.888,6480.257
584,6335.833,4858.515,6348.948,7658.188,5377.538,6462.602
585,6386.133,4831.779,6368.266,7628.599,5383.450,6480.392
586,6339.283,4839.368,6346.906,7607.557,5367.550,6473.648
587,6350.967,4821.500,6362.219,7640.073,5394.250,6478.912
588,6343.933,4840.618,6345.578,7631.016,5379.263,6477.155
589,6353.233,4873.147,6338.146,7632.599,5383.763,6464.027
590,6341.200,4844.750,6340.912,7634.297,5391.050,6475.196
591,6358.850,4834.118,6339.432,7634.125,5387.525,6472.122
592,6350.933,4833.559,6319.537,7609.083,5382.200,6462.433
593,6335.717,4835.838,6329.688,7674.396,5382.325,6451.905
594,6331.533,4834.809,6332.588,7693.797,5386.575,6466.574
595,6321.133,4835.662,6326.135,7692.245,5374.862,6441.743
596,6317.533,4831.206,6308.406,7702.333,5389.462,6450.933
597,6342.683,4847.324,6318.042,7699.677,5388.675,6449.095
598,6338.650,4833.368,6297.667,7689.438,5380.500,6426.615
599,6334.767,4836.103,6308.724,7663.594,5384.950,6448.885
600,6341.733,4841.897,6294.943,7671.115,5372.150,6461.507
601,6358.100,4846.926,6296.328,7668.198,5367.150,6449.797
602,6352.717,4826.721,6282.802,7650.958,5370.675,6437.419
603,6348.733,4829.235,6277.490,7648.203,5344.312,6454.074
604,6367.083,4857.279,6272.771,7638.104,5367.788,6431.372
605,6351.917,4821.441,6264.167,7638.391,5364.425,6446.061
606,6343.033,4842.000,6264.766,7640.427,5372.275,6446.757
607,6345.083,4814.191,6251.615,7635.521,5390.150,6442.196
608,6326.900,4818.559,6249.037,7603.026,5353.750,6413.486
609,6316.417,4812.676,6258.802,7607.276,5368.275,6441.433
610,6324.267,4822.882,6245.854,7609.995,5365.438,6430.622
611,6338.750,4823.985,6238.802,7627.365,5360.325,6461.095
612,6339.983,4818.765,6236.698,7598.573,5361.987,6418.479
613,6313.150,4819.691,6232.099,7599.328,5368.225,6424.398
614,6326.367,4832.132,6234.365,7582.463,5362.175,6431.209
615,6351.450,4827.662,6221.927,7599.354,5373.650,6449.750
616,6338.833,4818.574,6206.880,7583.453,5372.975,6438.567
617,6323.433,4827.750,6208.771,7577.755,5364.612,6426.838
618,6350.633,4816.574,6214.958,7578.391,5373.100,6443.595
619,6316.317,4843.426,6190.505,7569.891,5359.125,6427.683
620,6324.283,4826.794,6184.521,7558.099,5340.163,6437.297
621,6341.400,4829.338,6201.573,7568.349,5358.062,6435.892
622,6296.133,4836.765,6186.307,7548.167,5348.312,6449.729
623,6335.000,4829.059,6179.338,7575.526,5372.600,6448.662
624,6302.133,4821.897,6167.912,7560.953,5353.462,6442.595
625,6327.850,4835.853,6160.255,7546.375,5369.612,6447.385
626,6315.067,4820.706,6159.573,7554.495,5356.025,6445.986
627,6348.383,4820.603,6147.083,7519.229,5354.450,6427.236
628,6316.683,4810.353,6151.474,7540.547,5368.175,6427.852
629,6287.433,4810.868,6130.990,7517.615,5349.562,6452.791
630,6315.033,4817.956,6152.583,7532.016,5358.337,6430.831
631,6299.400,4823.735,6128.526,7529.406,5347.875,6415.074
632,6313.483,4825.971,6109.474,7514.338,5337.650,6422.142
633,6293.217,4820.235,6099.099,7508.766,5360.925,6439.479
634,6266.717,4805.324,6110.948,7497.484,5358.962,6433.514
635,6316.833,4800.691,6100.031,7486.568,5333.000,6428.716
636,6276.433,4810.544,6103.021,7488.391,5345.188,6420.642
637,6316.917,4796.706,6081.568,7470.088,5341.288,6415.257
638,6309.083,4814.618,6080.229,7504.370,5346.487,6437.939
639,6314.850,4803.044,6081.073,7479.318,5361.788,6429.115
640,6285.317,4794.779,6063.729,7486.219,5349.250,6421.304
641,6297.483,4784.647,6079.745,7467.771,5326.413,6418.439
642,6294.367,4798.588,6065.792,7459.516,5351.987,6419.648
643,6287.800,4809.794,6060.719,7499.042,5351.150,6434.054
644,6303.300,4797.471,6040.755,7466.130,5333.312,6414.561
645,6275.983,4816.897,6034.698,7472.995,5344.800,6408.581
646,6299.850,4802.574,6032.370,7486.875,5372.413,6420.534
647,6284.033,4796.338,6034.995,7450.412,5338.900,6408.959
648,6293.067,4814.397,6025.427,7471.370,5352.237,6432.973
649,6288.283,4819.897,6022.880,7453.969,5333.725,6425.541
650,6307.667,4830.265,6018.552,7431.401,5323.425,6429.858
651,6289.200,4805.294,6013.963,7443.354,5333.938,6415.074
652,6280.300,4790.765,5997.568,7424.979,5345.850,6413.479
653,6295.500,4789.324,6002.380,7437.474,5346.862,6426.398
654,6297.717,4801.500,5989.521,7428.229,5357.750,6415.250
655,6270.033,4784.221,5996.297,7429.026,5334.013,6412.439
656,6265.183,4810.706,5979.005,7409.938,5341.600,6399.291
657,6256.833,4782.221,6042.953,7407.713,5344.700,6385.148
658,6283.650,4786.206,6067.333,7428.380,5341.288,6417.979
659,6302.550,4786.029,6085.609,7424.812,5346.913,6425.095
660,6299.483,4785.971,6075.062,7387.807,5322.125,6416.933
661,6292.033,4802.956,6077.620,7410.276,5327.925,6401.514
662,6252.350,4796.162,6052.208,7392.208,5328.775,6394.317
663,6278.167,4791.000,6032.854,7382.599,5339.288,6384.655
664,6281.350,4806.912,6017.005,7375.109,5342.812,6421.946
665,6269.667,4790.441,6024.016,7410.526,5331.350,6395.345
666,6275.433,4805.279,6016.849,7371.865,5305.388,6384.554
667,6282.600,4815.074,6011.599,7365.787,5312.188,6375.176
668,6262.550,4797.426,5997.479,7365.287,5328.150,6366.858
669,6229.367,4799.765,5990.703,7377.438,5328.250,6396.662
670,6241.483,4783.471,5980.182,7374.047,5311.775,6412.554
671,6254.850,4779.779,5963.042,7377.271,5337.300,6403.304
672,6282.133,4777.574,5963.490,7344.932,5312.600,6381.135
673,6255.317,4802.926,5951.208,7367.995,5306.163,6411.683
674,6242.067,4790.324,5948.245,7376.073,5322.737,6403.561
675,6253.417,4770.912,5946.229,7378.479,5310.188,6384.817
676,6267.617,4799.015,5931.042,7343.849,5314.875,6387.642
677,6253.983,4794.838,5936.807,7348.427,5301.475,6389.291
678,6255.683,4803.691,5925.818,7327.838,5317.688,6390.628
679,6266.817,4773.868,5914.724,7342.677,5337.462,6389.257
680,6255.483,4773.838,5915.453,7352.474,5329.938,6399.561
681,6253.250,4779.162,5897.266,7347.604,5315.763,6390.622
682,6252.717,4766.471,5884.901,7333.745,5320.812,6412.014
683,6249.633,4781.603,5895.052,7333.713,5307.612,6393.771
684,6234.933,4760.397,5886.490,7336.828,5306.013,6386.229
685,6250.967,4765.000,5879.422,7341.588,5326.138,6378.750
686,6259.433,4783.103,5853.787,7331.240,5321.062,6373.466
687,6255.117,4770.382,5852.083,7319.891,5317.513,6370.628
688,6247.383,4753.882,5835.172,7334.766,5314.388,6383.229
689,6235.200,4778.029,5827.693,7329.307,5319.250,6392.358
690,6247.650,4756.809,5829.245,7340.328,5305.763,6381.527
691,6233.283,4775.559,5825.177,7318.130,5312.850,6393.027
692,6229.350,4759.926,5810.922,7326.021,5320.087,6397.047
693,6234.367,4757.103,5812.333,7305.130,5273.987,6361.574
694,6237.150,4766.588,5791.604,7318.463,5300.700,6374.979
695,6237.900,4766.221,5797.537,7313.745,5292.300,6375.534
696,6225.233,4777.471,5779.562,7288.297,5307.362,6357.933
697,6207.500,4751.868,5769.625,7303.693,5301.450,6391.014
698,6223.500,4767.632,5760.260,7288.781,5304.200,6378.933
699,6222.717,4764.500,5746.635,7262.776,5290.862,6364.912
700,6215.183,4756.574,5750.776,7306.115,5299.913,6389.345
701,6190.983,4768.059,5741.625,7272.912,5290.138,6388.696
702,6217.733,4749.265,5731.755,7278.182,5302.812,6357.155
703,6220.700,4763.279,5733.615,7268.724,5303.362,6373.602
704,6227.250,4749.603,5722.010,7271.094,5257.337,6357.655
705,6206.750,4745.809,5707.156,7273.302,5296.275,6354.412
706,6207.233,4764.456,5791.750,7272.370,5277.388,6378.304
707,6204.650,4763.338,5829.979,7268.307,5301.500,6376.547
708,6181.883,4774.456,5834.474,7252.667,5282.875,6373.128
709,6212.750,4733.088,5836.588,7258.021,5301.250,6345.655
710,6199.683,4743.794,5825.307,7251.443,5297.400,6357.865
711,6199.117,4744.897,5807.349,7256.021,5301.638,6379.007
712,6192.250,4742.309,5804.573,7252.338,5306.650,6375.264
713,6220.750,4739.456,5798.271,7257.052,5323.913,6383.196
714,6200.967,4721.574,5799.630,7224.417,5267.525,6358.554
715,6213.950,4732.426,5768.922,7253.578,5286.288,6361.000
716,6185.767,4761.162,5761.443,7242.677,5277.025,6354.878
717,6167.450,4723.147,5756.594,7234.276,5281.237,6343.567
718,6183.817,4728.000,5737.838,7217.172,5284.013,6351.628
719,6206.450,4733.456,5732.812,7226.896,5282.538,6365.135
720,6190.533,4717.868,5716.724,7213.620,5265.638,6332.527
721,6196.333,4730.176,5720.625,7217.948,5291.862,6333.561
722,6183.483,4715.794,5707.802,7215.349,5272.050,6356.088
723,6187.150,4737.368,5704.391,7224.734,5290.188,6344.764
724,6167.283,4724.456,5683.359,7193.135,5270.462,6327.885
725,6188.900,4718.029,5678.958,7202.938,5272.788,6341.433
726,6180.367,4714.265,5668.297,7188.021,5251.038,6331.521
727,6158.183,4727.647,5662.354,7171.292,5281.675,6338.547
728,6163.667,4700.382,5658.693,7165.708,5270.450,6328.007
729,6167.800,4723.662,5639.135,7180.734,5247.225,6330.845
730,6161.550,4717.676,5630.755,7164.037,5252.013,6318.027
731,6184.533,4718.221,5627.802,7165.453,5248.913,6319.054
732,6158.000,4721.191,5618.448,7167.615,5241.525,6332.804
733,6183.883,4710.794,5616.521,7160.828,5251.700,6327.757
734,6154.150,4708.838,5592.849,7170.922,5259.663,6346.655
735,6139.317,4694.265,5589.922,7148.245,5260.475,6331.419
736,6143.767,4691.000,5573.453,7163.599,5254.188,6331.007
737,6137.983,4710.647,5583.255,7151.016,5239.500,6326.229
738,6135.517,4716.897,5559.734,7159.255,5270.812,6330.169
739,6151.517,4714.029,5587.682,7169.583,5268.725,6333.257
740,6159.950,4712.176,5648.490,7168.427,5235.962,6343.811
741,6157.400,4714.412,5670.901,7146.463,5241.675,6340.574
742,6156.350,4695.794,5656.745,7171.479,5253.163,6338.324
743,6143.667,4702.324,5650.484,7133.745,5268.050,6347.554
744,6125.850,4720.309,5641.734,7168.865,5271.212,6323.405
745,6164.550,4706.471,5649.651,7141.656,5229.163,6333.635
746,6177.433,4715.368,5635.604,7140.083,5252.337,6317.027
747,6154.567,4700.971,5615.849,7141.750,5266.450,6322.946
748,6151.883,4709.529,5610.885,7138.682,5258.250,6359.041
749,6150.917,4697.912,5606.844,7148.771,5252.875,6327.122
750,6119.183,4688.426,5602.375,7153.490,5266.038,6333.243
751,6153.883,4700.059,5587.250,7128.734,5241.150,6310.723
752,6123.167,4694.647,5569.297,7119.599,5248.050,6327.142
753,6122.133,4697.985,5566.401,7131.833,5251.600,6324.689
754,6132.667,4687.191,5559.797,7140.193,5263.525,6323.547
755,6127.200,4688.868,5552.135,7118.635,5258.700,6327.817
756,6128.917,4686.132,5552.932,7099.068,5230.688,6309.324
757,6124.500,4695.176,5541.094,7099.713,5256.312,6339.764
758,6109.117,4687.985,5527.656,7104.167,5254.212,6339.628
759,6105.583,4697.750,5519.510,7100.537,5239.925,6326.554
760,6102.817,4683.926,5509.010,7095.417,5235.575,6330.061
761,6130.617,4674.588,5505.068,7075.229,5244.425,6281.973
762,6112.233,4674.926,5503.088,7077.844,5229.000,6293.392
763,6128.667,4691.059,5489.135,7075.266,5228.850,6329.311
764,6092.517,4690.691,5465.438,7080.260,5227.862,6309.189
765,6102.183,4674.353,5485.609,7068.312,5229.288,6322.041
766,6105.400,4670.529,5457.781,7065.208,5216.925,6302.771
767,6091.483,4686.500,5444.083,7061.588,5223.600,6304.750
768,6097.667,4679.765,5449.318,7042.224,5219.513,6300.398
769,6121.467,4660.721,5438.641,7053.500,5212.388,6331.919
770,6102.083,4672.265,5425.047,7051.708,5217.663,6323.074
771,6109.850,4673.588,5426.979,7063.578,5215.675,6306.264
772,6075.733,4667.147,5406.438,7030.099,5222.150,6300.216
773,6101.633,4673.221,5413.604,7026.385,5210.350,6289.622
774,6083.017,4687.588,5395.552,7038.010,5222.925,6330.567
775,6088.367,4672.632,5398.708,7054.615,5206.600,6329.507
776,6085.500,4652.132,5382.302,7014.500,5207.075,6314.736
777,6082.783,4637.368,5371.479,7014.963,5197.562,6316.602
778,6081.533,4649.897,5377.443,7017.562,5202.812,6306.291
779,6086.650,4661.559,5358.307,7031.354,5226.325,6320.102
780,6077.533,4652.632,5353.453,6997.479,5209.587,6318.554
781,6082.817,4652.515,5362.521,7021.990,5224.750,6328.743
782,6072.250,4647.706,5338.276,6977.125,5197.550,6303.284
783,6078.567,4654.118,5341.802,6986.807,5216.925,6306.067
784,6077.833,4655.838,5335.963,7026.865,5212.100,6312.628
785,6088.383,4663.838,5326.969,7000.073,5191.850,6305.324
786,6083.967,4639.779,5331.490,6995.432,5218.788,6325.352
787,6036.500,4651.618,5315.880,6977.047,5200.263,6316.209
788,6080.333,4650.000,5307.396,6990.141,5197.025,6314.169
789,6042.450,4643.735,5287.260,6971.740,5206.462,6305.128
790,6045.917,4649.265,5295.391,6976.802,5216.975,6301.041
791,6047.283,4633.897,5279.781,6975.198,5203.550,6306.324
792,6063.167,4633.515,5293.578,6954.469,5210.688,6287.878
793,6061.983,4633.485,5280.010,6960.917,5177.562,6295.993
794,6039.600,4630.368,5261.453,6953.927,5213.375,6302.047
795,6033.267,4629.838,5247.297,6956.016,5189.075,6299.959
796,6049.967,4622.309,5258.443,6964.052,5209.087,6315.831
797,6054.183,4627.044,5251.901,6958.438,5192.975,6299.135
798,6030.317,4620.691,5233.537,6962.250,5201.312,6301.986
799,6034.767,4628.059,5231.083,6945.203,5204.050,6299.372
800,6063.700,4639.853,5230.193,6951.021,5193.375,6303.500
