 ,Mean1,Mean2,Mean3,Mean4,Mean5,Mean6,Mean7,Mean8,Mean9
1,4523.607,4032.100,3276.750,3063.750,2939.419,3215.438,2963.281,4312.312,4254.643
2,4506.714,4039.171,3227.125,3073.083,2970.452,3217.938,2948.438,4328.125,4258.500
3,4500.107,4047.186,3210.375,3058.083,2951.226,3245.375,2939.938,4325.438,4249.548
4,4498.179,4039.557,3238.250,3064.083,2960.742,3246.625,2953.438,4319.156,4255.214
5,4510.679,4045.729,3272.000,3084.250,2978.936,3198.062,2962.625,4298.156,4262.667
6,4523.393,4044.671,3262.125,3052.000,2948.677,3208.750,2943.625,4311.062,4255.833
7,4542.143,4036.114,3241.250,3052.250,2976.613,3244.188,2965.594,4326.344,4243.310
8,4517.964,4046.771,3250.375,3115.583,2961.032,3240.375,2958.312,4335.781,4240.524
9,4527.286,4039.700,3299.750,3071.000,2955.645,3212.062,2940.781,4289.562,4265.190
10,4523.321,4033.414,3268.250,3085.333,2945.323,3228.000,2949.594,4315.438,4224.690
11,4512.964,4022.014,3305.000,3071.583,2961.645,3208.500,2951.781,4325.031,4221.833
12,4517.857,4047.943,3323.125,3058.000,2960.258,3202.875,2961.406,4306.156,4254.905
13,4521.536,4026.543,3312.625,3058.750,2958.452,3236.375,2949.812,4316.688,4245.786
14,4531.786,4036.486,3284.500,3059.083,2962.806,3221.375,2947.156,4290.406,4249.190
15,4508.607,4037.072,3264.750,3085.833,2951.129,3238.375,2953.438,4305.531,4265.738
16,4529.786,4065.000,3296.875,3071.500,2961.194,3211.875,2950.312,4340.000,4254.833
17,4506.143,4035.057,3293.250,3057.583,2954.323,3237.938,2961.844,4338.594,4231.143
18,4497.821,4052.714,3288.875,3096.917,2959.161,3207.625,2938.219,4311.750,4230.262
19,4520.607,4036.428,3304.625,3068.167,2957.419,3224.250,2938.656,4342.719,4244.976
20,4495.464,4029.314,3304.750,3081.833,2945.000,3217.688,2959.500,4323.156,4247.238
21,4513.821,4030.243,3244.000,3081.333,2945.806,3217.562,2946.312,4301.281,4255.905
22,4526.786,4025.100,3286.625,3066.750,2939.000,3229.062,2961.062,4347.656,4239.738
23,4496.107,4023.800,3280.125,3094.750,2949.548,3204.938,2974.625,4349.469,4229.595
24,4521.036,4049.671,3286.875,3089.750,2959.064,3222.500,2954.531,4333.156,4253.810
25,4489.036,4025.729,3248.250,3079.083,2949.645,3233.000,2947.031,4319.781,4231.429
26,4481.643,4040.800,3316.375,3071.833,2961.645,3251.438,2960.312,4325.250,4229.643
27,4531.679,4044.857,3251.375,3074.333,2944.323,3223.500,2956.938,4317.875,4231.095
28,4489.464,4035.057,3286.625,3038.917,2954.581,3225.312,2941.281,4319.094,4228.262
29,4515.786,4029.371,3312.250,3079.083,2941.419,3215.812,2939.250,4275.531,4262.238
30,4509.929,4030.371,3273.125,3051.583,2939.710,3202.750,2948.500,4308.812,4224.452
31,4507.821,4029.900,3311.875,3095.250,2955.645,3226.062,2927.812,4318.562,4252.881
32,4546.393,4041.786,3279.750,3081.167,2974.871,3200.812,2959.281,4309.969,4273.595
33,4504.964,4031.928,3303.875,3076.167,2970.710,3229.812,2958.188,4293.781,4249.595
34,4496.071,4060.543,3282.125,3073.167,2967.645,3211.750,2950.844,4302.250,4242.048
35,4520.357,4054.243,3302.500,3091.167,2949.097,3217.500,2960.125,4334.188,4224.190
36,4515.500,4051.157,3253.750,3061.917,2951.258,3221.500,2950.688,4299.906,4244.476
37,4510.250,4049.629,3286.375,3076.667,2978.839,3204.250,2981.375,4306.344,4248.119
38,4504.857,4045.186,3288.125,3049.333,2957.323,3227.125,2955.969,4304.062,4249.500
39,4509.500,4056.829,3311.500,3104.500,2943.097,3214.812,2953.594,4293.969,4252.405
40,4523.250,4017.643,3285.500,3073.917,2957.097,3220.750,2959.688,4329.906,4251.929
41,4508.179,4036.943,3248.250,3093.000,2950.903,3233.812,2956.500,4323.656,4263.024
42,4490.429,4029.371,3312.750,3051.333,2968.484,3195.312,2938.312,4317.344,4258.548
43,4496.250,4034.786,3271.625,3047.083,2944.806,3207.375,2944.531,4312.844,4219.952
44,4524.750,4023.671,3234.250,3090.667,2947.548,3201.188,2952.531,4320.500,4221.524
45,4512.679,4033.443,3277.875,3061.250,2941.064,3199.938,2968.469,4314.156,4236.357
46,4492.643,4040.671,3251.250,3064.083,2953.516,3204.438,2963.562,4330.906,4251.381
47,4527.286,4038.557,3311.000,3085.917,2956.710,3215.312,2945.594,4310.375,4239.167
48,4516.607,4031.171,3292.125,3097.333,2954.452,3196.750,2943.188,4318.031,4220.857
49,4525.214,4014.129,3237.500,3092.417,2964.968,3244.250,2960.750,4323.344,4232.262
50,4506.357,4019.114,3263.875,3039.500,2942.548,3215.250,2945.094,4296.656,4232.190
51,4507.250,4034.957,3256.125,3068.833,2955.484,3213.812,2935.656,4324.750,4224.429
52,4500.321,4041.986,3250.000,3071.250,2953.645,3221.688,2970.094,4342.562,4249.238
53,4486.643,4027.843,3270.250,3029.250,2942.710,3186.875,2950.062,4297.625,4254.524
54,4504.464,4021.457,3232.875,3060.750,2954.613,3212.375,2946.062,4299.906,4248.381
55,4514.071,4018.243,3294.875,3042.917,2948.452,3213.625,2945.781,4313.219,4239.143
56,4507.036,4039.671,3228.125,3100.917,2953.452,3209.938,2951.969,4312.875,4225.310
57,4502.750,4047.986,3286.625,3061.750,2956.742,3219.750,2953.500,4329.500,4228.905
58,4508.679,4028.543,3253.500,3089.333,2949.839,3202.875,2943.281,4329.219,4242.810
59,4486.000,4043.700,3260.250,3062.250,2944.387,3217.688,2937.344,4294.969,4234.905
60,4492.821,4035.829,3285.750,3072.083,2955.903,3203.062,2958.312,4300.312,4241.690
61,4499.214,4048.200,3317.500,3091.167,2937.903,3171.000,2939.188,4314.688,4233.000
62,4474.536,4019.714,3313.375,3060.083,2940.355,3213.688,2962.938,4294.781,4235.667
63,4471.964,4037.286,3187.750,3092.583,2933.194,3220.375,2960.219,4308.656,4236.786
64,4514.143,4048.886,3281.625,3074.333,2934.774,3247.312,2940.594,4300.188,4237.262
65,4484.714,4047.829,3301.250,3080.667,2998.129,3226.000,2960.938,4304.156,4236.667
66,4530.500,4061.514,3295.750,3138.333,3007.774,3234.000,3004.969,4303.281,4241.857
67,4507.536,4046.572,3317.250,3129.333,3024.645,3223.750,2973.844,4329.750,4226.286
68,4495.571,4048.714,3269.625,3107.500,3028.032,3243.938,3003.094,4281.500,4234.119
69,4522.857,4033.229,3307.250,3103.750,3027.677,3220.125,2990.031,4330.125,4257.643
70,4489.571,4055.343,3333.000,3151.333,3026.129,3241.562,2998.219,4317.562,4223.952
71,4505.500,4046.928,3321.250,3135.333,3019.484,3273.875,3001.719,4306.062,4241.714
72,4529.179,4046.229,3358.375,3073.083,3013.226,3232.625,3008.469,4303.406,4226.833
73,4513.607,4046.086,3318.000,3124.000,2993.677,3246.250,2988.438,4341.000,4228.714
74,4476.393,4042.900,3311.375,3125.083,3004.677,3246.938,2972.625,4304.438,4229.476
75,4501.571,4040.514,3285.750,3085.250,3023.161,3199.312,2998.344,4332.000,4239.738
76,4508.786,4031.314,3319.750,3092.083,3005.161,3225.000,2982.312,4312.531,4213.857
77,4487.750,4047.371,3265.250,3107.167,2985.742,3224.875,2981.562,4322.688,4221.024
78,4506.607,4031.943,3265.625,3110.750,2977.936,3239.875,2979.188,4299.688,4244.048
79,4523.464,4039.714,3284.875,3091.333,2974.548,3239.375,2976.531,4308.969,4224.524
80,4478.750,4023.243,3328.125,3085.667,2988.419,3210.000,2980.156,4291.219,4235.048
81,4489.393,4026.271,3279.250,3118.833,2972.581,3209.500,2970.406,4292.375,4214.905
82,4497.357,4040.329,3312.875,3082.250,2972.000,3216.250,2960.688,4293.531,4231.214
83,4495.893,4040.957,3265.625,3094.833,2987.710,3200.062,2971.719,4288.188,4243.095
84,4490.821,4036.286,3294.000,3076.500,2979.936,3227.000,2964.969,4318.125,4214.167
85,4498.429,4021.471,3283.375,3079.750,2984.387,3201.312,2960.531,4302.844,4227.071
86,4522.643,4016.243,3302.500,3075.333,2970.452,3206.812,2970.906,4301.344,4217.786
87,4480.357,4031.314,3286.250,3068.333,2986.258,3243.375,2950.844,4322.812,4223.643
88,4522.929,4025.971,3266.000,3104.333,2967.516,3244.312,2956.500,4306.094,4242.214
89,4513.714,4034.572,3339.250,3100.833,2988.839,3219.000,2957.312,4293.094,4239.381
90,4499.607,4050.814,3299.625,3095.833,2988.839,3244.750,2971.469,4289.844,4241.024
91,4491.000,4055.943,3276.125,3097.833,2941.677,3229.438,2952.125,4294.156,4258.619
92,4502.964,4042.314,3314.125,3066.000,2968.323,3221.000,2961.906,4311.125,4228.619
93,4499.607,4044.743,3258.625,3082.000,2967.226,3210.625,2964.281,4281.688,4237.738
94,4551.857,4033.729,3241.875,3067.750,2961.968,3211.625,2960.312,4342.031,4236.024
95,4482.857,4031.343,3262.250,3074.667,2973.968,3226.375,2950.312,4308.156,4241.000
96,4512.500,4043.371,3277.625,3079.000,2965.000,3212.500,2956.531,4299.562,4243.262
97,4517.643,4042.314,3250.750,3091.417,2959.097,3200.125,2974.312,4308.719,4256.714
98,4489.857,4069.871,3288.875,3077.833,2963.936,3218.375,2949.438,4323.344,4227.310
99,4498.964,4028.329,3295.375,3072.333,2965.936,3226.188,2958.125,4284.156,4235.476
100,4510.500,4042.900,3319.000,3036.250,2957.581,3205.812,2931.281,4296.125,4229.405
101,4497.286,4039.514,3255.625,3086.583,2952.516,3182.125,2948.656,4283.219,4223.286
102,4487.750,4036.743,3281.250,3082.167,2971.581,3200.250,2945.969,4321.281,4206.357
103,4501.071,4055.343,3251.125,3061.000,2968.903,3216.250,2952.281,4290.438,4240.143
104,4485.393,4036.086,3258.125,3091.083,2970.323,3219.250,2944.188,4317.281,4231.452
105,4504.321,4051.671,3297.875,3078.917,2947.613,3237.438,2944.969,4302.031,4245.071
106,4497.821,4047.057,3278.000,3073.750,2976.645,3205.250,2972.094,4303.812,4242.976
107,4482.750,4024.171,3280.375,3071.250,2950.387,3245.125,2963.219,4292.750,4225.500
108,4522.286,4034.271,3283.625,3048.333,2947.903,3234.188,2946.156,4286.750,4253.905
109,4470.750,4043.600,3285.750,3066.000,2945.129,3224.562,2970.312,4289.000,4228.810
110,4498.357,4037.629,3288.750,3046.583,2946.710,3204.812,2970.719,4322.000,4238.714
111,4509.679,4037.957,3277.125,3069.000,2955.839,3227.812,2959.562,4321.344,4232.262
112,4504.536,4025.843,3314.125,3089.750,2952.968,3238.250,2944.969,4318.375,4234.214
113,4489.607,4050.671,3302.000,3083.083,2945.710,3241.812,2938.094,4303.250,4210.619
114,4524.250,4034.300,3248.625,3075.167,2936.194,3182.438,2944.031,4305.094,4244.500
115,4466.036,4038.443,3293.500,3057.167,2959.387,3197.312,2936.031,4277.844,4221.429
116,4517.964,4050.829,3331.875,3173.083,3006.064,3306.188,2963.438,4334.344,4232.690
117,4596.750,4127.386,3521.875,3595.167,3424.581,3711.625,3183.906,4534.125,4232.786
118,4796.357,4266.071,3811.500,4254.833,4006.355,4213.750,3614.250,4795.469,4283.381
119,5038.393,4377.271,4074.375,4880.500,4487.419,4568.625,4030.000,5064.031,4360.619
120,5185.393,4491.429,4272.875,5404.833,4849.903,4792.938,4332.875,5220.875,4487.952
121,5375.893,4584.186,4445.500,5867.083,5080.903,4975.125,4608.688,5389.281,4578.905
122,5547.571,4657.500,4531.000,6258.583,5210.032,5055.125,4759.281,5514.688,4626.167
123,5665.964,4726.900,4597.250,6388.500,5297.291,5150.875,4853.625,5588.094,4669.310
124,5859.786,4779.943,4664.625,6599.500,5374.161,5200.000,4928.062,5638.250,4696.548
125,5972.000,4868.014,4724.375,6634.750,5412.774,5201.938,4991.875,5697.000,4778.262
126,6087.714,4869.929,4787.625,6673.833,5453.936,5233.000,5050.219,5697.250,4838.071
127,6218.214,4915.657,4794.125,6676.000,5491.387,5273.750,5033.906,5733.438,4906.190
128,6272.429,4924.043,4817.000,6724.417,5474.387,5274.562,5078.469,5735.438,4913.262
129,6389.214,4967.057,4831.500,6832.667,5466.161,5280.500,5083.000,5750.625,4927.690
130,6440.964,4956.443,4797.000,6801.667,5516.000,5322.500,5067.094,5755.500,4911.857
131,6522.929,4960.729,4892.500,6846.250,5541.613,5291.188,5092.344,5750.531,4896.095
132,6585.821,4985.643,4839.750,6770.750,5534.323,5326.812,5100.406,5767.188,4889.095
133,6639.357,4991.443,4840.625,6805.750,5518.936,5351.312,5120.812,5799.844,4959.976
134,6714.500,4985.872,4886.875,6785.167,5554.258,5376.812,5143.844,5769.000,5033.310
135,6753.000,5017.543,4886.750,6819.333,5515.097,5367.000,5126.344,5731.438,5047.762
136,6797.321,5028.986,4862.500,6712.083,5554.774,5380.938,5134.219,5771.844,5055.952
137,6798.857,5023.200,4913.500,6797.667,5546.645,5362.500,5137.250,5770.062,5046.690
138,6854.857,4998.300,4924.125,6833.750,5547.613,5390.312,5128.875,5765.938,5039.500
139,6849.536,5021.243,4859.375,6876.500,5545.129,5375.250,5134.156,5755.719,5034.190
140,6905.571,5022.343,4904.625,6803.500,5532.774,5366.438,5119.438,5731.906,5008.786
141,6942.786,5033.186,4932.375,6805.083,5557.258,5368.062,5160.344,5756.031,5007.214
142,6949.071,5010.143,4864.875,6804.333,5585.903,5367.750,5107.719,5760.250,4972.310
143,6931.643,5018.843,4886.500,6809.083,5572.839,5398.125,5142.938,5755.188,4941.976
144,6954.607,5001.457,4908.000,6770.000,5558.903,5401.562,5159.312,5760.000,4953.833
145,6969.643,5011.857,4875.125,6770.000,5557.452,5398.438,5137.031,5774.875,4932.690
146,6960.643,5003.429,4938.500,6780.417,5534.291,5360.000,5147.125,5746.281,4924.357
147,6941.393,5012.500,4866.125,6814.250,5563.709,5415.750,5165.750,5761.844,4942.095
148,6957.964,4996.628,4869.875,6733.750,5549.452,5373.812,5116.938,5761.156,4901.476
149,6968.857,5018.243,4910.250,6762.000,5565.903,5371.125,5164.156,5774.594,4866.024
150,6974.500,5013.286,4903.125,6810.333,5596.936,5432.750,5136.312,5741.812,4890.619
151,6946.821,4988.357,4888.000,6769.000,5576.581,5423.000,5129.406,5762.906,4862.595
152,6981.679,5005.128,4922.625,6815.917,5546.516,5368.438,5140.000,5732.469,4841.643
153,7015.357,5013.614,4879.750,6727.750,5571.516,5399.062,5152.500,5754.906,4826.810
154,6963.750,5000.057,4876.625,6748.917,5565.032,5350.500,5156.656,5718.688,4826.238
155,6983.964,5001.200,4916.125,6791.500,5540.032,5371.125,5135.469,5733.219,4828.071
156,7006.286,5014.257,4896.500,6754.667,5567.226,5419.812,5110.062,5709.188,4805.571
157,7007.821,5000.229,4923.000,6785.833,5540.226,5376.562,5084.281,5714.031,4797.429
158,7024.786,5002.414,4913.625,6748.917,5551.226,5380.000,5136.656,5721.500,4779.524
159,6981.071,5002.143,4907.875,6776.750,5584.129,5334.062,5105.562,5685.219,4789.500
160,7040.357,4987.000,4868.125,6770.583,5501.258,5372.000,5121.656,5661.781,4757.262
161,7001.929,4997.586,4866.125,6766.583,5528.097,5346.750,5120.062,5689.156,4782.976
162,6997.000,5011.628,4794.375,6718.917,5514.548,5350.750,5109.562,5698.531,4760.714
163,7014.679,5014.914,4858.000,6716.417,5553.387,5378.562,5094.250,5714.562,4747.524
164,7010.643,5012.600,4857.000,6752.000,5497.548,5374.312,5090.250,5712.062,4721.310
165,6952.964,4987.571,4874.625,6770.917,5545.000,5352.688,5120.656,5680.844,4720.190
166,6990.321,5004.686,4864.000,6710.750,5537.742,5344.625,5126.000,5677.062,4692.929
167,7009.250,4988.300,4807.500,6718.167,5545.387,5407.188,5099.375,5652.219,4703.405
168,7003.857,4957.443,4801.750,6706.583,5504.161,5356.812,5074.156,5664.625,4676.786
169,6964.321,4980.714,4800.875,6651.083,5534.709,5323.688,5060.906,5689.375,4689.548
170,6972.071,4972.786,4822.250,6741.083,5488.613,5317.750,5079.844,5681.938,4688.310
171,6954.143,4970.500,4764.000,6690.417,5523.226,5359.438,5094.781,5660.469,4653.690
172,6971.286,4956.386,4724.250,6694.250,5498.774,5337.625,5066.938,5679.344,4663.857
173,7021.286,4952.200,4744.500,6724.333,5532.419,5335.688,5062.750,5682.094,4624.929
174,6936.643,4946.343,4781.250,6761.333,5498.064,5331.875,5044.969,5651.938,4619.881
175,6977.321,4949.843,4702.375,6707.750,5467.774,5291.812,5090.531,5635.812,4625.095
176,6876.679,4943.943,4750.000,6639.083,5479.323,5342.438,5073.094,5634.469,4613.119
177,6914.714,4936.014,4727.875,6646.333,5487.936,5337.000,5035.656,5639.281,4592.381
178,6914.321,4938.586,4738.125,6611.917,5470.968,5327.688,5043.469,5590.250,4615.929
179,6877.036,4926.686,4626.125,6653.250,5460.807,5273.188,5029.469,5590.188,4591.714
180,6886.036,4924.300,4691.875,6690.000,5477.613,5337.438,5064.438,5624.000,4574.405
181,6875.607,4916.386,4643.625,6660.000,5481.258,5289.312,5057.438,5598.344,4559.429
182,6925.714,4908.029,4587.250,6613.833,5432.032,5306.938,5034.812,5608.250,4556.619
183,6861.250,4933.786,4584.500,6691.750,5414.581,5303.562,5052.156,5588.312,4548.667
184,6846.714,4945.243,4661.000,6702.167,5434.291,5314.062,5033.594,5582.625,4559.929
185,6844.321,4905.743,4693.125,6657.167,5412.581,5300.688,5024.688,5574.250,4531.381
186,6787.214,4917.257,4646.000,6600.750,5422.807,5232.375,5008.344,5550.844,4541.024
187,6792.357,4903.429,4685.125,6685.083,5392.968,5236.375,4995.375,5547.906,4527.548
188,6808.179,4928.000,4588.000,6720.167,5368.871,5270.125,4987.406,5552.375,4535.952
189,6778.286,4913.571,4595.500,6631.833,5373.742,5244.375,5001.875,5546.406,4524.143
190,6749.036,4913.714,4653.375,6662.583,5372.484,5228.000,4997.594,5569.719,4506.381
191,6762.821,4891.686,4640.250,6667.667,5377.226,5289.938,5012.031,5548.094,4528.190
192,6752.071,4900.214,4650.250,6622.667,5373.226,5241.188,4979.094,5581.375,4499.214
193,6795.214,4909.429,4574.750,6632.250,5368.161,5266.438,5010.531,5581.531,4505.548
194,6832.607,4880.571,4576.625,6622.583,5332.032,5267.562,4979.531,5573.344,4494.452
195,6822.464,4886.314,4511.375,6687.167,5344.742,5255.500,4945.281,5577.375,4496.238
196,6795.286,4877.372,4518.750,6697.833,5292.097,5236.438,4969.188,5551.250,4474.976
197,6783.143,4871.214,4488.125,6582.833,5315.032,5190.688,4982.531,5583.125,4461.595
198,6778.679,4858.243,4510.375,6582.417,5316.774,5188.875,4928.500,5584.281,4461.429
199,6773.607,4848.229,4438.125,6595.833,5297.032,5194.750,4931.250,5483.094,4449.500
200,6732.893,4865.886,4415.750,6609.583,5317.226,5237.250,4923.750,5525.531,4455.548
201,6732.107,4864.186,4322.250,6664.750,5295.258,5235.812,4923.000,5526.438,4449.976
202,6716.357,4851.614,4350.000,6570.500,5270.226,5216.375,4927.000,5558.938,4456.024
203,6708.071,4831.029,4361.250,6600.250,5246.161,5233.125,4919.250,5474.750,4424.262
204,6710.679,4858.186,4348.875,6617.833,5261.323,5202.188,4923.500,5518.500,4431.286
205,6667.286,4839.286,4355.750,6575.583,5275.645,5160.250,4926.594,5480.188,4419.071
206,6610.429,4830.357,4274.750,6586.333,5259.936,5200.125,4887.750,5457.469,4412.786
207,6616.964,4835.900,4365.000,6591.750,5275.677,5184.250,4901.188,5484.688,4406.738
208,6594.857,4850.943,4347.500,6624.333,5216.742,5223.062,4887.875,5408.969,4407.667
209,6567.714,4821.457,4407.375,6530.917,5190.709,5128.000,4903.562,5469.562,4414.976
210,6538.321,4833.543,4394.125,6564.083,5246.871,5184.312,4865.219,5493.000,4403.167
211,6517.179,4844.443,4360.750,6646.333,5185.516,5207.625,4873.469,5473.750,4366.976
212,6481.500,4828.900,4403.750,6633.417,5173.484,5211.438,4878.531,5423.781,4394.810
213,6502.179,4826.914,4344.125,6627.167,5199.613,5138.438,4873.719,5422.031,4380.643
214,6475.071,4809.471,4286.750,6501.750,5197.129,5159.938,4857.312,5455.406,4379.881
215,6459.714,4804.414,4285.375,6599.333,5183.193,5199.188,4861.219,5436.031,4383.690
216,6464.536,4817.100,4286.000,6531.083,5187.387,5150.688,4877.312,5464.750,4378.667
217,6424.179,4808.243,4240.750,6555.417,5185.097,5211.375,4889.094,5419.062,4395.262
218,6406.464,4804.586,4237.375,6473.833,5200.355,5165.312,4884.406,5403.594,4376.714
219,6404.036,4795.700,4281.500,6549.583,5153.516,5174.250,4850.844,5398.125,4390.714
220,6355.500,4790.929,4200.375,6534.083,5131.064,5147.000,4880.781,5368.344,4370.738
221,6355.214,4805.229,4230.250,6497.417,5179.226,5103.938,4831.906,5367.000,4350.238
222,6339.714,4804.286,4200.500,6437.583,5169.226,5148.500,4843.406,5355.031,4355.976
223,6329.250,4821.043,4170.625,6524.917,5126.193,5120.375,4853.812,5358.750,4362.500
224,6291.964,4794.729,4129.000,6514.500,5092.968,5077.125,4822.406,5343.219,4351.619
225,6284.000,4787.571,4120.250,6544.417,5105.613,5074.188,4791.594,5332.656,4356.571
226,6276.857,4785.128,4131.875,6470.833,5072.193,5078.625,4801.500,5314.656,4355.119
227,6198.464,4781.957,4121.250,6477.083,5082.419,5077.062,4833.688,5326.375,4325.738
228,6249.071,4781.086,4084.625,6513.167,5115.097,5104.688,4806.812,5334.375,4356.333
229,6163.179,4803.114,4051.125,6523.333,5113.291,5099.062,4813.688,5345.562,4352.929
230,6211.536,4800.729,4000.375,6526.917,5096.032,5140.312,4798.938,5405.438,4314.238
231,6203.107,4795.600,3965.750,6533.917,5122.258,5119.750,4797.281,5379.781,4325.667
232,6165.679,4792.557,4022.500,6484.250,5055.387,5169.688,4813.656,5380.594,4321.048
233,6126.393,4783.128,4046.625,6485.167,5059.387,5108.750,4769.719,5355.844,4312.143
234,6141.036,4768.128,3998.000,6494.583,5060.742,5147.500,4778.625,5363.062,4340.214
235,6113.321,4780.114,3975.500,6484.250,5073.419,5113.875,4779.312,5346.125,4332.167
236,6102.000,4782.271,3938.125,6504.000,5024.645,5049.562,4772.812,5336.375,4320.262
237,6070.286,4798.557,3915.750,6450.500,5047.839,5054.625,4763.094,5307.438,4319.571
238,6025.321,4777.486,3962.250,6402.917,5063.742,5086.000,4754.688,5296.594,4312.286
239,6033.464,4774.071,3904.375,6486.417,5030.709,5063.875,4746.219,5313.469,4329.476
240,6043.000,4766.300,3917.125,6418.417,5031.516,5080.688,4743.656,5282.938,4309.548
241,5977.393,4764.171,3904.000,6493.000,4991.807,5034.438,4729.250,5280.062,4296.262
242,5980.214,4770.100,3888.125,6441.417,5028.226,5041.688,4717.812,5284.781,4312.881
243,5995.643,4749.771,3857.625,6455.250,4972.387,5068.938,4727.844,5239.125,4311.524
244,5924.786,4754.757,3854.625,6409.750,4975.129,5029.312,4694.750,5243.875,4317.048
245,5906.286,4762.386,3810.000,6377.667,4981.419,5003.625,4715.875,5246.250,4311.000
246,5887.321,4754.771,3842.875,6426.500,4962.903,5011.125,4715.750,5205.219,4300.190
247,5876.214,4737.214,3836.250,6383.250,4947.419,5013.812,4730.031,5220.781,4296.571
248,5866.536,4764.343,3830.750,6407.167,4952.064,5029.125,4724.312,5184.875,4275.071
249,5900.214,4772.743,3786.750,6414.750,4914.452,4981.188,4715.406,5219.188,4309.786
250,5847.714,4729.571,3771.875,6456.667,4907.516,5007.625,4692.281,5178.000,4308.762
251,5834.179,4731.514,3849.125,6403.833,4935.548,4969.812,4721.969,5185.594,4312.167
252,5827.964,4757.486,3804.875,6398.250,4923.000,4949.562,4744.219,5153.750,4301.952
253,5802.607,4763.714,3790.375,6397.583,4932.291,4947.562,4745.156,5125.656,4299.714
254,5794.857,4741.500,3770.625,6417.833,4891.936,4978.375,4745.938,5164.062,4300.190
255,5781.286,4765.543,3774.250,6400.750,4908.161,4950.625,4719.406,5129.406,4283.238
256,5727.071,4759.671,3759.000,6398.833,4896.903,5025.688,4734.781,5173.906,4296.833
257,5744.429,4753.729,3741.250,6381.917,4948.452,5073.750,4747.156,5173.312,4282.571
258,5779.429,4767.771,3805.875,6404.417,4921.097,5014.625,4744.125,5197.969,4286.476
259,5745.821,4764.586,3723.125,6419.333,4919.774,5062.938,4738.094,5232.000,4270.310
260,5709.143,4756.886,3740.875,6444.500,4923.452,5061.000,4753.344,5194.969,4270.786
261,5694.500,4745.300,3793.250,6426.083,4900.807,5009.375,4737.156,5224.375,4287.190
262,5676.000,4751.829,3890.000,6379.750,4889.000,5047.625,4748.312,5215.500,4291.595
263,5703.357,4746.743,3975.500,6473.583,4890.516,4997.375,4755.094,5210.781,4271.833
264,5704.321,4725.886,4042.750,6432.250,4902.839,4996.125,4746.406,5183.344,4281.405
265,5674.321,4729.886,4050.625,6350.500,4872.709,4992.938,4740.938,5240.281,4270.071
266,5613.429,4723.443,4021.125,6413.750,4884.161,5091.938,4748.938,5264.188,4240.333
267,5655.857,4726.771,4112.500,6424.667,4895.548,5052.812,4755.625,5290.281,4272.167
268,5644.679,4728.500,4015.375,6398.500,4885.355,5116.250,4736.656,5262.312,4281.548
269,5616.357,4740.857,4024.750,6421.667,4862.097,5059.000,4730.781,5262.406,4278.524
270,5590.750,4730.500,4006.125,6377.917,4854.936,5065.500,4728.438,5239.812,4274.714
271,5640.929,4713.657,3928.250,6378.750,4837.291,5065.312,4702.500,5207.750,4293.762
272,5557.000,4730.943,3969.000,6387.417,4864.936,5004.875,4701.812,5218.125,4274.190
273,5548.964,4711.771,3983.250,6403.667,4871.452,5059.500,4702.469,5227.438,4292.929
274,5543.464,4708.314,3930.375,6376.667,4814.871,5034.438,4690.375,5214.188,4266.452
275,5507.964,4704.200,3817.750,6399.250,4785.032,5015.000,4711.656,5213.531,4260.119
276,5514.857,4711.071,3856.500,6431.750,4794.516,4998.312,4702.281,5167.875,4277.071
277,5505.286,4715.529,3885.750,6433.917,4777.709,4997.125,4695.812,5184.125,4246.262
278,5494.321,4689.671,3883.000,6405.083,4766.548,4979.500,4701.844,5198.719,4237.595
279,5479.250,4708.286,3876.375,6410.750,4785.452,4973.875,4665.531,5192.844,4269.214
280,5458.893,4686.671,3773.125,6431.333,4790.258,4952.125,4675.531,5158.844,4267.833
281,5462.964,4694.600,3825.875,6396.583,4758.871,5006.188,4658.094,5167.375,4259.810
282,5458.536,4700.657,3770.250,6413.250,4767.226,5012.812,4658.469,5215.094,4259.548
283,5420.250,4701.814,3764.125,6435.250,4782.516,5052.500,4697.438,5208.500,4252.048
284,5449.679,4693.500,3803.250,6404.750,4776.645,5008.750,4661.094,5216.250,4248.595
285,5406.964,4700.771,3794.125,6384.083,4750.484,5049.812,4678.156,5212.438,4231.238
286,5400.786,4692.357,3744.500,6413.083,4745.452,5005.938,4669.562,5205.594,4241.333
287,5394.429,4691.829,3748.875,6363.417,4730.613,4977.938,4650.969,5199.812,4266.714
288,5380.929,4710.714,3719.625,6363.750,4710.129,5022.312,4641.375,5195.438,4250.762
289,5372.536,4664.386,3689.750,6377.583,4736.936,5017.062,4628.344,5169.875,4246.881
290,5386.321,4697.414,3725.125,6406.083,4661.226,4941.500,4642.781,5167.469,4227.619
291,5365.357,4681.628,3738.125,6345.833,4667.097,4975.750,4628.406,5184.938,4258.548
292,5314.679,4688.443,3715.875,6410.083,4681.226,4987.938,4644.375,5160.406,4255.762
293,5327.321,4703.586,3682.000,6384.583,4706.097,4972.312,4699.469,5136.031,4244.214
294,5339.607,4702.943,3662.250,6359.417,4675.291,5000.812,4673.594,5138.969,4251.429
295,5299.607,4680.400,3668.250,6301.000,4656.226,4941.188,4652.375,5125.875,4243.357
296,5298.107,4664.943,3620.125,6312.917,4659.097,4941.438,4653.000,5103.281,4232.429
297,5294.679,4674.057,3722.250,6364.833,4637.258,4877.062,4628.969,5091.500,4254.000
298,5304.143,4677.486,3655.625,6374.000,4615.709,4934.062,4636.156,5079.906,4240.738
299,5281.179,4667.086,3672.625,6341.500,4623.419,4877.875,4645.031,5073.406,4264.952
300,5255.536,4663.557,3652.875,6368.417,4618.193,4898.812,4642.969,5096.969,4257.190
301,5219.500,4668.757,3699.750,6374.417,4604.226,4916.750,4636.062,5118.625,4250.214
302,5245.607,4661.171,3626.875,6338.750,4633.936,4988.125,4634.625,5090.844,4272.214
303,5219.821,4657.128,3619.500,6428.583,4599.323,4991.688,4630.844,5085.812,4242.190
304,5239.536,4644.200,3634.125,6388.167,4589.709,4984.562,4625.469,5099.750,4234.905
305,5227.714,4645.614,3619.625,6331.417,4599.581,4989.250,4591.875,5063.000,4253.000
306,5177.179,4641.500,3604.500,6310.333,4556.097,5001.562,4590.219,5084.562,4238.929
307,5189.393,4628.729,3670.000,6321.917,4557.839,4972.125,4612.094,5059.375,4236.238
308,5163.214,4647.271,3602.250,6291.667,4533.355,4934.812,4605.312,5046.000,4233.476
309,5181.750,4654.143,3621.750,6315.583,4528.291,4953.438,4619.844,5072.000,4243.690
310,5193.643,4671.757,3620.875,6360.000,4537.064,4913.125,4628.938,5058.250,4250.452
311,5168.714,4674.843,3634.000,6300.250,4528.452,4971.750,4681.062,5084.969,4241.595
312,5150.893,4689.486,3602.375,6305.333,4505.709,4938.500,4661.938,5078.500,4235.357
313,5157.786,4702.100,3617.000,6294.917,4504.839,4905.188,4637.625,5034.750,4228.357
314,5150.429,4690.043,3535.875,6310.333,4490.839,4905.250,4644.094,5052.312,4242.452
315,5132.393,4680.171,3584.875,6317.167,4468.419,4923.625,4638.906,5007.000,4264.905
316,5134.643,4680.614,3624.125,6319.750,4458.000,4890.000,4631.094,5050.188,4204.095
317,5108.679,4693.128,3581.125,6382.417,4483.516,4941.750,4631.594,5037.562,4237.762
318,5120.393,4669.114,3570.000,6366.500,4499.064,4884.812,4639.375,5010.844,4221.167
319,5082.179,4691.500,3561.875,6329.500,4442.452,4902.312,4622.781,5022.469,4266.571
320,5107.893,4665.657,3523.875,6318.500,4438.291,4878.312,4598.500,5012.625,4259.405
321,5067.679,4662.143,3552.125,6339.167,4409.613,4857.000,4591.594,4981.625,4228.429
322,5074.821,4658.214,3585.750,6287.667,4430.291,4867.875,4600.625,5022.719,4249.310
323,5107.214,4635.757,3556.250,6353.750,4426.323,4847.938,4561.031,4958.500,4242.286
324,5051.107,4637.157,3552.625,6239.833,4384.807,4870.188,4548.594,4939.875,4264.857
325,5047.000,4635.857,3550.000,6305.333,4390.161,4835.625,4552.375,4965.125,4260.000
326,5034.357,4657.071,3541.750,6322.250,4389.807,4835.312,4542.469,4993.500,4242.667
327,5045.393,4644.300,3515.625,6263.500,4387.161,4887.812,4530.656,5002.219,4223.619
328,5041.964,4658.729,3537.625,6316.750,4364.774,4975.500,4571.812,5076.625,4241.881
329,5057.321,4658.986,3563.250,6405.750,4387.387,5023.375,4541.375,5099.031,4236.667
330,5019.143,4636.900,3538.625,6349.500,4382.323,4954.062,4524.688,5072.656,4242.524
331,5043.536,4658.157,3566.125,6329.750,4323.258,4980.812,4542.281,5091.562,4208.952
332,5029.071,4647.286,3556.500,6338.333,4351.032,4952.125,4517.344,5099.000,4234.786
333,5032.964,4624.929,3527.250,6317.333,4358.226,4961.562,4523.969,5077.625,4250.476
334,5034.071,4623.300,3566.000,6320.833,4347.968,4986.938,4509.125,5059.281,4243.048
335,5022.393,4636.886,3572.875,6327.667,4293.903,4927.438,4512.469,5064.469,4246.524
336,5003.929,4613.471,3527.000,6291.167,4296.516,4934.375,4508.688,5105.312,4226.286
337,4996.964,4611.386,3537.250,6306.583,4284.355,4940.625,4493.000,5118.656,4234.810
338,5004.321,4632.872,3531.250,6376.000,4276.645,4911.875,4469.625,5103.156,4237.190
339,4965.643,4615.143,3524.750,6325.583,4278.097,4901.062,4478.312,5115.219,4264.905
340,4984.821,4620.086,3507.375,6257.500,4243.355,4885.375,4452.688,5084.125,4249.643
341,4987.893,4612.157,3521.750,6290.583,4267.291,4900.062,4472.344,5092.594,4244.952
342,4964.286,4631.229,3518.125,6317.333,4251.064,4876.438,4439.906,5063.062,4241.548
343,4969.893,4607.857,3506.750,6367.500,4222.968,4904.688,4466.469,5075.594,4221.357
344,4931.929,4596.929,3489.250,6359.750,4234.709,4873.688,4454.938,5051.281,4224.405
345,4971.393,4612.543,3525.125,6337.750,4251.871,4844.875,4428.438,5048.500,4231.429
346,4955.536,4598.543,3534.875,6311.333,4204.291,4839.688,4442.469,5045.375,4247.214
347,4951.536,4601.557,3511.000,6296.250,4214.677,4846.438,4440.062,5037.906,4245.976
348,4970.071,4579.857,3500.750,6333.833,4180.129,4844.438,4407.344,5017.406,4235.262
349,4910.500,4582.271,3497.750,6329.333,4184.613,4854.125,4417.469,5000.938,4237.167
350,4920.107,4593.000,3510.000,6288.417,4147.968,4872.125,4386.594,4999.375,4233.452
351,4880.786,4579.843,3529.250,6319.250,4149.484,4814.688,4399.531,4968.906,4226.667
352,4897.750,4569.957,3512.875,6321.583,4166.064,4813.688,4412.531,4978.719,4250.905
353,4897.393,4606.586,3474.500,6353.500,4151.032,4835.375,4456.219,4958.969,4213.024
354,4897.286,4603.471,3508.625,6365.417,4152.968,4805.625,4419.062,4993.812,4239.524
355,4892.107,4609.114,3529.875,6380.000,4149.193,4835.375,4438.906,4961.281,4257.690
356,4890.143,4613.771,3551.250,6329.167,4122.903,4791.438,4437.500,4928.688,4261.690
357,4894.750,4596.657,3484.375,6277.417,4149.452,4775.188,4420.875,4959.344,4232.452
358,4881.357,4608.200,3467.750,6349.333,4106.516,4770.938,4394.688,4947.812,4239.238
359,4889.286,4595.486,3459.000,6256.167,4107.677,4783.125,4411.594,4934.469,4214.881
360,4852.143,4597.814,3465.500,6300.667,4099.968,4772.750,4342.281,4915.000,4237.167
361,4855.821,4586.900,3424.875,6287.417,4068.064,4771.812,4376.344,4909.375,4231.024
362,4827.393,4604.000,3517.875,6344.833,4084.806,4744.250,4387.188,4914.156,4202.643
363,4845.500,4605.372,3496.125,6275.167,4062.097,4755.562,4355.531,4909.125,4241.167
364,4857.821,4584.071,3478.125,6321.083,4066.323,4744.812,4391.000,4902.875,4205.167
365,4871.571,4587.471,3463.625,6356.333,4057.226,4734.688,4379.750,4900.250,4218.643
366,4837.821,4590.872,3455.375,6353.000,4073.613,4710.812,4366.375,4871.031,4239.976
367,4831.286,4596.186,3514.750,6358.083,4054.871,4804.375,4385.188,4896.062,4219.905
368,4813.107,4604.614,3478.125,6273.167,4089.710,4851.812,4363.906,4922.500,4224.571
369,4817.536,4604.386,3478.375,6358.750,4089.548,4859.438,4383.906,4917.094,4192.929
370,4816.571,4614.729,3472.375,6305.500,4051.710,4862.125,4398.938,4869.594,4212.310
371,4811.143,4615.957,3430.250,6282.917,4037.806,4836.812,4372.438,4921.094,4226.762
372,4817.071,4597.643,3518.500,6342.667,3995.129,4829.375,4351.750,4888.188,4227.619
373,4776.000,4591.643,3476.875,6314.833,4046.903,4820.500,4342.469,4885.125,4212.929
374,4832.107,4574.029,3504.250,6333.917,4005.871,4828.625,4340.844,4863.625,4232.524
375,4799.071,4560.857,3435.500,6315.583,3968.613,4864.250,4360.719,4849.500,4224.643
376,4790.571,4594.700,3458.375,6256.083,4007.581,4773.000,4329.156,4825.281,4211.690
377,4808.000,4561.557,3477.750,6293.500,3981.581,4799.000,4321.500,4839.125,4213.095
378,4775.929,4530.628,3506.000,6352.833,3971.516,4763.938,4304.125,4826.344,4201.619
379,4774.929,4559.443,3436.625,6307.083,3968.064,4789.875,4315.094,4850.375,4207.857
380,4771.821,4553.029,3445.125,6281.000,3960.645,4781.688,4294.062,4845.188,4205.762
381,4796.321,4541.529,3443.375,6318.917,3944.290,4806.250,4299.906,4823.125,4243.619
382,4756.679,4589.386,3471.375,6266.083,3960.936,4792.062,4294.000,4841.688,4238.119
383,4800.071,4568.400,3498.375,6288.000,3966.387,4795.938,4396.750,4907.344,4212.548
384,4836.036,4599.900,3556.750,6261.417,3974.000,4881.625,4411.062,4933.094,4234.000
385,4798.071,4625.529,3548.500,6325.833,3975.161,4917.625,4442.750,4974.875,4217.571
386,4784.429,4620.643,3643.750,6324.500,3989.452,4895.938,4444.250,4956.906,4217.881
387,4788.321,4609.329,3704.875,6284.750,3980.903,4914.000,4465.094,4952.625,4214.595
388,4762.357,4610.286,3739.625,6292.000,3978.064,4915.438,4421.969,4907.719,4205.071
389,4757.107,4602.429,3764.625,6317.333,3977.323,4894.812,4439.188,4945.250,4239.476
390,4755.321,4609.114,3748.000,6347.333,3980.839,4929.812,4458.500,4945.156,4247.024
391,4783.000,4600.543,3754.750,6327.667,3958.097,4900.188,4425.219,4891.938,4228.000
392,4740.964,4602.914,3736.625,6374.833,3958.548,4859.375,4439.062,4925.469,4225.262
393,4756.393,4586.329,3761.875,6346.417,3935.484,4801.812,4381.938,4907.344,4210.262
394,4722.464,4583.600,3778.125,6335.667,3947.161,4870.000,4434.750,4914.812,4221.976
395,4725.357,4588.386,3666.625,6326.750,3941.548,4828.188,4463.688,4859.531,4234.262
396,4736.500,4595.471,3699.750,6338.917,3935.645,4813.188,4452.219,4870.969,4227.643
397,4745.357,4593.386,3662.000,6330.333,3950.710,4813.250,4479.812,4881.656,4223.810
398,4756.321,4578.386,3649.875,6302.083,3925.677,4811.250,4486.250,4829.812,4236.310
399,4750.571,4580.257,3661.875,6382.917,3920.129,4879.688,4479.312,4820.531,4229.310
400,4730.000,4594.857,3667.750,6349.000,3918.774,4836.812,4435.000,4830.250,4198.952
401,4717.821,4587.486,3626.250,6326.917,3916.742,4845.750,4412.156,4823.125,4252.643
402,4710.071,4572.800,3596.500,6276.917,3897.419,4749.312,4435.000,4824.188,4231.024
403,4722.036,4566.643,3604.750,6349.500,3899.903,4766.188,4430.375,4810.406,4217.881
404,4708.286,4577.372,3620.625,6325.583,3903.613,4767.062,4427.969,4798.281,4211.643
405,4728.071,4583.800,3572.875,6287.417,3885.419,4764.875,4401.969,4784.531,4211.738
406,4738.357,4568.814,3598.750,6297.417,3873.968,4741.062,4398.094,4801.438,4229.548
407,4705.750,4567.171,3587.375,6237.250,3905.161,4781.312,4401.469,4787.625,4222.429
408,4727.179,4556.986,3571.250,6338.167,3908.161,4842.125,4402.125,4871.250,4241.167
409,4721.071,4558.372,3554.375,6307.333,3893.968,4932.250,4372.250,4882.312,4238.762
410,4710.071,4555.471,3531.250,6258.583,3885.839,4938.750,4404.781,4913.750,4210.286
411,4717.929,4555.829,3574.500,6336.833,3853.742,4936.750,4363.812,4970.000,4219.500
412,4736.714,4556.157,3529.250,6251.167,3855.355,4939.875,4342.000,4952.469,4241.762
413,4723.143,4564.872,3487.750,6305.500,3849.774,4933.125,4343.938,4909.812,4248.929
414,4713.429,4549.414,3510.875,6275.333,3866.064,4927.188,4361.562,4927.562,4214.190
415,4697.429,4558.986,3564.500,6253.000,3837.677,4888.125,4354.969,4885.375,4203.952
416,4706.179,4559.571,3542.125,6261.167,3848.613,4876.875,4354.250,4879.844,4223.214
417,4697.321,4572.086,3540.125,6303.167,3841.258,4860.812,4350.906,4850.438,4217.405
418,4702.607,4558.000,3507.000,6313.083,3847.968,4890.312,4340.719,4863.719,4220.548
419,4673.000,4559.186,3524.625,6311.333,3816.548,4854.688,4339.656,4861.062,4211.381
420,4704.857,4573.900,3506.750,6284.167,3801.548,4824.625,4347.375,4846.500,4228.167
421,4681.929,4548.414,3476.375,6253.417,3791.936,4835.938,4322.125,4818.938,4223.548
422,4690.393,4574.429,3494.000,6299.583,3810.484,4811.875,4300.469,4822.250,4215.976
423,4696.857,4552.628,3496.625,6240.167,3796.161,4790.562,4319.875,4804.938,4214.595
424,4670.393,4569.029,3475.250,6249.833,3771.000,4802.875,4324.312,4798.375,4214.524
425,4662.321,4550.800,3470.875,6249.250,3754.710,4774.375,4311.500,4778.938,4240.548
426,4648.000,4542.529,3455.750,6284.750,3772.484,4793.062,4302.969,4779.250,4217.095
427,4661.536,4550.500,3476.625,6184.167,3751.871,4799.938,4252.562,4774.500,4205.762
428,4689.893,4534.886,3470.375,6224.167,3784.129,4789.062,4266.875,4776.906,4208.976
429,4652.321,4539.314,3449.125,6232.250,3755.194,4724.125,4243.625,4736.188,4227.262
430,4682.071,4535.186,3442.000,6309.417,3738.452,4717.062,4247.312,4715.688,4213.714
431,4639.143,4541.929,3425.750,6283.083,3775.806,4726.312,4250.375,4716.625,4220.833
432,4648.143,4540.743,3499.125,6322.583,3746.806,4723.188,4270.938,4752.469,4205.024
433,4649.071,4537.543,3429.250,6228.417,3769.548,4716.562,4268.656,4740.656,4203.762
434,4659.179,4543.486,3443.125,6274.750,3745.355,4688.750,4261.125,4731.781,4230.000
435,4661.714,4540.614,3467.750,6229.417,3756.806,4703.000,4264.250,4714.625,4172.905
436,4648.643,4535.872,3463.500,6216.583,3726.129,4732.125,4231.312,4715.875,4208.262
437,4679.964,4527.329,3464.375,6251.667,3730.806,4692.875,4242.344,4719.531,4206.429
438,4656.714,4536.114,3472.375,6246.500,3702.613,4679.062,4228.688,4697.438,4224.952
439,4674.321,4531.671,3401.125,6176.333,3721.387,4685.062,4195.469,4699.031,4210.214
440,4628.393,4516.329,3410.125,6257.167,3718.000,4672.625,4237.875,4703.875,4218.667
441,4641.536,4520.657,3456.250,6199.250,3719.258,4657.125,4214.094,4695.938,4207.548
442,4647.500,4515.229,3453.250,6165.917,3681.226,4677.375,4186.312,4682.938,4206.595
443,4641.750,4513.343,3438.250,6182.083,3695.710,4614.312,4220.500,4669.375,4230.452
444,4663.821,4503.086,3490.500,6171.250,3714.968,4712.750,4191.219,4698.125,4225.714
445,4639.893,4510.086,3445.750,6207.917,3711.129,4803.812,4177.438,4813.344,4218.905
446,4693.571,4519.500,3468.875,6266.250,3722.064,4861.000,4191.656,4828.656,4212.500
447,4666.429,4490.571,3469.625,6320.250,3704.871,4846.750,4197.938,4865.250,4216.429
448,4647.607,4513.529,3444.375,6247.667,3749.839,4840.000,4180.250,4843.531,4220.143
449,4649.000,4498.057,3474.500,6309.167,3744.581,4857.125,4206.062,4837.812,4217.690
450,4652.821,4516.714,3519.125,6304.750,3732.742,4842.688,4213.344,4856.281,4214.262
451,4650.357,4512.214,3517.250,6250.750,3715.129,4798.438,4227.312,4827.344,4223.095
452,4641.893,4508.229,3466.750,6219.667,3711.968,4820.562,4227.750,4787.250,4210.381
453,4592.643,4513.186,3495.625,6185.750,3696.129,4797.500,4205.844,4790.281,4208.952
454,4628.393,4508.400,3490.125,6175.750,3693.968,4766.812,4210.781,4774.344,4218.190
455,4615.214,4501.029,3500.875,6193.750,3668.097,4779.812,4214.781,4765.031,4215.929
456,4612.750,4500.514,3476.750,6201.917,3716.581,4757.062,4196.719,4762.812,4226.452
457,4640.500,4485.614,3448.250,6264.417,3677.581,4722.062,4174.844,4749.156,4219.190
458,4666.821,4507.671,3469.750,6247.417,3676.806,4718.625,4171.000,4772.250,4202.714
459,4634.429,4527.071,3530.500,6269.083,3678.677,4733.750,4217.812,4767.656,4245.238
460,4607.536,4502.514,3482.500,6256.667,3675.194,4719.562,4251.469,4741.125,4220.548
461,4605.036,4518.114,3459.125,6252.333,3677.258,4739.750,4264.281,4710.156,4232.071
462,4630.893,4531.014,3462.875,6236.000,3679.710,4739.000,4265.594,4753.938,4212.238
463,4599.143,4506.071,3424.125,6229.083,3678.032,4748.562,4276.719,4734.031,4235.976
464,4636.214,4502.600,3478.625,6224.333,3672.419,4668.500,4266.406,4688.562,4242.524
465,4623.964,4504.143,3447.250,6173.500,3672.903,4688.188,4227.906,4704.938,4228.738
466,4611.786,4491.128,3477.125,6245.167,3656.677,4682.250,4239.938,4663.125,4223.048
467,4626.036,4482.157,3438.250,6214.917,3651.871,4633.750,4234.969,4687.844,4220.238
468,4618.000,4493.457,3445.000,6226.583,3634.161,4663.625,4214.969,4659.188,4235.595
469,4599.821,4486.571,3482.250,6180.833,3634.129,4673.562,4213.875,4682.281,4216.214
470,4600.393,4472.057,3420.125,6196.083,3651.774,4673.688,4184.062,4678.625,4235.548
471,4584.071,4485.829,3432.375,6247.250,3611.774,4682.188,4213.844,4648.375,4230.071
472,4602.393,4482.200,3458.875,6265.167,3627.936,4622.375,4204.906,4677.781,4236.262
473,4585.500,4459.171,3422.625,6213.083,3624.806,4592.438,4187.875,4657.906,4227.357
474,4606.536,4472.571,3398.500,6211.000,3637.452,4604.875,4134.062,4651.781,4208.571
475,4613.321,4476.500,3435.750,6251.167,3608.419,4576.750,4141.188,4633.188,4226.690
476,4615.071,4452.271,3443.375,6149.083,3607.032,4572.188,4140.281,4635.500,4227.833
477,4612.964,4457.529,3403.500,6222.750,3599.581,4627.938,4128.594,4630.250,4226.548
478,4618.857,4459.143,3423.125,6154.833,3609.064,4601.812,4139.906,4625.688,4215.429
479,4596.107,4457.800,3433.375,6233.250,3583.387,4553.375,4112.062,4645.406,4234.500
480,4611.107,4471.700,3456.500,6196.500,3593.290,4526.875,4131.156,4597.094,4211.595
481,4589.214,4469.143,3400.000,6197.167,3597.742,4567.000,4114.469,4628.094,4202.690
482,4612.929,4475.186,3383.500,6209.167,3615.290,4541.125,4094.156,4637.219,4213.619
483,4595.393,4463.271,3426.375,6208.167,3596.871,4578.250,4128.750,4666.906,4225.000
484,4574.143,4485.286,3452.000,6184.417,3620.677,4691.062,4104.500,4768.562,4217.429
485,4579.750,4475.171,3481.625,6175.667,3622.936,4737.438,4101.500,4748.031,4193.881
486,4596.893,4475.500,3476.125,6194.250,3617.516,4701.562,4099.812,4752.844,4205.357
487,4610.286,4464.200,3421.875,6134.583,3618.290,4726.875,4097.062,4760.625,4187.881
488,4598.143,4478.914,3414.750,6095.333,3602.839,4669.375,4077.812,4759.250,4203.619
489,4586.821,4461.128,3473.125,6125.417,3604.226,4666.812,4076.812,4732.688,4208.976
490,4579.536,4445.271,3440.625,6144.583,3584.710,4679.375,4072.625,4717.688,4218.143
491,4630.214,4473.029,3444.500,6066.167,3581.581,4661.875,4052.656,4729.062,4220.095
492,4591.643,4462.843,3420.750,6119.667,3564.194,4645.562,4083.031,4717.688,4213.619
493,4592.893,4490.586,3463.750,6144.500,3583.645,4640.125,4061.156,4706.250,4224.857
494,4599.000,4485.143,3428.875,6192.583,3552.000,4649.875,4044.312,4710.031,4208.643
495,4606.321,4461.429,3450.500,6183.000,3585.613,4632.062,4041.031,4697.062,4216.500
496,4624.964,4440.171,3449.875,6185.583,3572.129,4665.312,4016.812,4678.219,4211.310
497,4573.964,4447.214,3479.625,6286.833,3554.774,4570.938,4006.750,4663.312,4209.238
498,4580.214,4437.814,3443.500,6164.833,3571.258,4608.625,4045.719,4687.312,4218.143
499,4585.714,4438.429,3441.375,6211.167,3552.516,4579.688,4055.719,4665.219,4211.524
500,4583.107,4459.357,3388.500,6221.167,3555.613,4551.688,4075.594,4633.250,4215.190
501,4575.214,4463.157,3422.125,6178.833,3560.936,4566.375,4086.875,4631.406,4227.071
502,4570.929,4463.643,3401.750,6189.167,3583.161,4545.625,4079.844,4630.500,4226.929
503,4559.107,4456.200,3438.500,6137.583,3578.161,4582.188,4045.406,4621.344,4232.143
504,4563.964,4436.114,3450.000,6162.500,3531.645,4529.625,4050.000,4611.531,4212.071
505,4555.857,4445.900,3437.000,6168.250,3548.226,4477.000,4037.656,4653.844,4199.548
506,4590.250,4429.671,3438.625,6133.500,3538.903,4495.000,4050.781,4628.781,4196.952
507,4571.679,4438.286,3404.375,6125.417,3578.194,4522.438,4069.500,4628.969,4231.786
508,4566.464,4471.071,3401.375,6198.083,3561.064,4526.188,4107.688,4644.062,4206.119
509,4586.357,4480.729,3449.125,6205.083,3604.581,4628.938,4168.219,4691.812,4200.667
510,4601.714,4465.257,3410.875,6267.000,3581.645,4680.938,4191.125,4759.906,4220.571
511,4589.143,4488.229,3473.000,6207.000,3631.032,4757.438,4172.531,4777.219,4219.571
512,4593.643,4480.171,3481.500,6251.083,3571.645,4803.250,4193.500,4794.031,4212.381
513,4596.250,4467.914,3442.375,6230.833,3594.032,4755.000,4181.094,4773.344,4200.095
514,4557.714,4463.128,3461.500,6261.000,3583.355,4768.000,4174.500,4775.781,4209.976
515,4590.536,4462.171,3411.125,6223.750,3604.806,4707.500,4149.938,4769.938,4239.310
516,4569.964,4461.271,3453.250,6239.750,3587.032,4705.625,4142.406,4756.531,4210.548
517,4575.071,4444.214,3456.125,6234.917,3598.548,4690.125,4149.375,4752.906,4195.262
518,4606.571,4450.486,3435.375,6162.417,3581.097,4626.812,4124.500,4729.562,4227.024
519,4594.143,4437.057,3430.875,6147.167,3590.839,4652.312,4107.031,4678.312,4225.333
520,4598.036,4445.943,3410.000,6136.417,3597.097,4662.062,4112.750,4678.406,4250.524
521,4579.179,4448.372,3417.000,6149.833,3579.548,4650.812,4130.969,4687.844,4208.357
522,4557.071,4429.000,3470.750,6095.583,3585.645,4648.312,4106.000,4672.625,4194.357
523,4566.607,4441.757,3434.625,6278.333,3555.097,4613.812,4099.406,4680.062,4194.119
524,4548.571,4439.714,3448.000,6158.750,3560.032,4612.812,4103.344,4653.781,4195.833
525,4551.179,4431.886,3428.000,6210.583,3551.452,4596.250,4092.812,4645.250,4219.238
526,4591.107,4464.500,3404.500,6154.083,3561.839,4628.438,4062.812,4647.000,4209.143
527,4536.179,4450.214,3422.125,6169.417,3560.903,4579.250,4080.719,4642.844,4195.095
528,4544.679,4444.014,3413.125,6192.667,3555.581,4570.562,4059.406,4603.781,4198.095
529,4567.500,4441.900,3452.875,6169.833,3559.677,4571.875,4043.312,4659.156,4190.119
530,4571.500,4436.686,3401.500,6099.250,3559.000,4533.312,4035.312,4607.688,4210.976
531,4555.964,4456.543,3430.875,6173.750,3561.742,4552.438,4033.562,4612.688,4196.357
532,4552.536,4444.900,3404.375,6206.667,3543.000,4522.938,4067.875,4611.312,4208.238
533,4560.071,4446.914,3433.125,6190.917,3551.936,4512.562,4023.844,4623.906,4202.810
534,4580.607,4443.957,3403.625,6187.667,3552.194,4540.938,4028.438,4601.625,4195.071
535,4567.321,4444.386,3469.500,6205.500,3556.936,4496.312,4023.750,4617.281,4216.286
536,4541.929,4460.929,3420.500,6173.750,3549.226,4559.062,4045.875,4616.531,4195.190
537,4569.321,4458.386,3416.625,6165.167,3539.774,4502.250,4073.812,4619.094,4211.619
538,4576.714,4461.971,3441.750,6170.917,3544.355,4498.125,4063.250,4634.250,4196.881
539,4555.536,4463.271,3414.000,6192.833,3574.226,4481.500,4055.688,4643.688,4195.619
540,4557.036,4471.929,3417.750,6216.500,3510.161,4474.250,4065.031,4659.406,4198.738
541,4581.929,4482.229,3431.375,6083.333,3546.516,4443.438,4050.688,4625.531,4207.333
542,4570.321,4485.714,3404.500,6184.583,3544.774,4462.062,3996.250,4626.125,4202.452
543,4580.571,4452.143,3404.125,6118.083,3540.290,4417.125,4023.562,4589.844,4206.310
544,4561.464,4449.029,3413.250,6126.500,3524.355,4427.750,4020.062,4580.281,4213.262
545,4551.857,4461.986,3396.000,6146.667,3526.645,4408.625,4010.312,4580.000,4193.024
546,4565.964,4448.429,3409.750,6109.833,3527.290,4395.625,4005.531,4575.062,4187.333
547,4548.821,4451.229,3438.625,6121.750,3514.516,4433.375,3985.562,4535.469,4198.429
548,4560.964,4480.886,3402.375,6105.083,3527.097,4437.375,3996.594,4573.969,4207.619
549,4543.500,4483.257,3375.625,6146.083,3504.903,4417.625,3980.750,4603.500,4209.405
550,4544.643,4471.786,3412.625,6184.333,3532.774,4388.500,4004.969,4559.469,4201.452
551,4566.429,4463.486,3447.125,6189.167,3512.516,4403.625,3962.688,4594.562,4228.357
552,4544.357,4473.414,3403.875,6127.333,3506.290,4364.938,3992.688,4611.719,4187.548
553,4556.357,4470.200,3390.000,6125.333,3529.968,4429.062,3982.938,4664.438,4213.000
554,4537.536,4447.714,3431.625,6170.583,3527.903,4582.062,4013.406,4698.688,4221.381
555,4549.071,4448.457,3403.000,6199.667,3533.355,4642.000,3997.906,4739.344,4208.452
556,4541.250,4451.300,3383.750,6184.750,3537.097,4692.125,3974.812,4739.156,4195.976
557,4555.464,4456.443,3465.125,6144.917,3539.129,4675.125,4011.000,4734.719,4229.976
558,4560.214,4460.314,3449.625,6098.750,3541.355,4666.062,3955.531,4740.125,4218.429
559,4573.214,4458.786,3567.750,6128.750,3536.323,4688.188,3956.125,4729.281,4211.476
560,4569.786,4438.971,3647.125,6151.000,3558.000,4660.438,4002.656,4714.469,4196.667
561,4555.214,4451.829,3620.375,6196.083,3524.968,4601.688,4001.750,4685.938,4209.333
562,4532.107,4459.414,3655.375,6143.417,3552.677,4583.812,4004.250,4676.094,4207.119
563,4552.214,4453.486,3621.000,6135.917,3540.710,4548.812,4029.719,4659.812,4208.381
564,4546.000,4441.557,3679.125,6173.167,3524.839,4587.250,3998.406,4653.250,4229.976
565,4533.071,4432.743,3610.000,6120.583,3521.387,4555.062,4012.125,4657.594,4237.905
566,4564.786,4426.400,3610.250,6082.750,3515.064,4548.562,3983.562,4650.531,4221.571
567,4520.143,4435.643,3623.875,6111.417,3511.645,4518.312,3971.250,4615.125,4223.667
568,4534.464,4422.529,3564.000,6122.500,3494.581,4515.938,3953.656,4650.719,4184.214
569,4533.643,4412.100,3583.250,6107.250,3498.548,4514.250,3957.562,4597.281,4241.190
570,4544.964,4404.700,3563.875,6014.833,3469.871,4463.250,3968.562,4591.812,4206.952
571,4511.714,4424.771,3527.500,6126.250,3485.903,4467.562,3899.562,4587.031,4196.048
572,4543.500,4408.943,3564.750,6100.417,3469.516,4455.875,3961.219,4606.719,4201.905
573,4518.000,4429.372,3535.125,6169.167,3500.290,4461.562,3954.469,4634.312,4240.690
574,4551.714,4421.471,3517.750,6122.083,3494.774,4444.375,3933.031,4619.312,4214.024
575,4556.107,4432.671,3519.625,6163.667,3472.774,4463.875,3936.000,4626.625,4223.214
576,4567.786,4422.086,3558.750,6159.083,3491.742,4585.750,3974.781,4671.812,4238.548
577,4533.429,4428.357,3531.500,6211.250,3516.903,4664.062,3935.656,4679.656,4199.929
578,4540.429,4410.729,3470.625,6202.417,3520.226,4735.125,3944.562,4705.500,4226.952
579,4551.821,4397.329,3469.875,6097.833,3496.742,4725.438,3926.969,4669.500,4212.714
580,4550.393,4425.229,3482.875,6122.750,3472.581,4733.062,3922.312,4654.219,4255.000
581,4567.750,4410.600,3508.375,6160.167,3503.806,4658.000,3908.750,4657.125,4238.095
582,4553.607,4389.614,3477.625,6123.583,3491.774,4660.500,3890.125,4617.125,4241.643
583,4549.179,4384.043,3480.375,6088.833,3497.516,4701.500,3880.875,4589.688,4244.143
584,4550.214,4382.943,3466.000,6133.417,3498.581,4613.688,3904.469,4648.656,4240.286
585,4532.286,4387.314,3449.250,6101.250,3465.419,4665.188,3884.406,4583.062,4222.929
586,4529.000,4396.100,3465.125,6065.250,3453.548,4600.250,3874.781,4567.781,4235.429
587,4529.107,4382.386,3485.750,6078.917,3489.064,4568.938,3887.719,4570.562,4231.524
588,4530.750,4389.029,3469.000,6156.000,3493.677,4582.625,3883.469,4581.406,4224.024
589,4544.250,4391.571,3418.250,6175.250,3486.710,4588.938,3857.969,4608.906,4220.976
590,4502.750,4372.229,3432.875,6213.833,3480.161,4540.625,3865.969,4608.500,4229.429
591,4557.893,4372.929,3449.250,6219.500,3470.452,4575.000,3843.781,4587.938,4224.095
592,4560.286,4379.743,3427.375,6163.250,3488.000,4568.812,3865.031,4641.625,4232.714
593,4513.607,4375.786,3437.875,6177.833,3470.581,4510.500,3845.125,4622.469,4209.524
594,4559.286,4348.986,3441.125,6144.000,3464.194,4528.125,3845.625,4612.125,4220.857
595,4522.071,4345.014,3427.250,6140.250,3449.484,4494.500,3827.156,4587.625,4246.000
596,4533.929,4358.043,3407.500,6149.250,3461.258,4493.375,3842.219,4579.250,4240.738
597,4552.714,4355.543,3418.750,6123.750,3453.000,4442.688,3840.625,4608.094,4226.786
598,4542.250,4375.557,3414.875,6126.750,3462.226,4458.438,3821.344,4569.031,4232.095
599,4541.429,4380.657,3423.875,6142.667,3450.742,4452.250,3827.875,4566.688,4225.071
600,4509.536,4379.628,3439.875,6067.000,3441.226,4450.812,3872.531,4573.531,4231.548
601,4549.250,4417.243,3433.750,6165.833,3461.516,4426.750,3874.812,4547.812,4226.262
602,4531.107,4412.043,3375.750,6172.750,3498.871,4394.750,3877.438,4537.875,4225.143
603,4523.071,4404.314,3427.875,6265.667,3463.064,4439.375,3897.750,4579.969,4214.429
604,4530.857,4403.829,3440.500,6178.500,3470.226,4415.812,3916.062,4528.781,4214.071
605,4533.393,4398.100,3407.125,6135.250,3448.968,4393.750,3886.812,4568.438,4218.738
606,4489.214,4399.643,3389.625,6140.500,3458.645,4386.875,3892.281,4558.156,4211.976
607,4526.214,4378.300,3418.125,6187.167,3455.710,4364.625,3873.562,4540.531,4231.571
608,4514.607,4381.186,3418.750,6201.750,3446.645,4347.312,3846.156,4518.062,4223.786
609,4513.250,4380.486,3399.000,6165.833,3435.548,4368.750,3835.469,4500.938,4209.738
610,4494.536,4378.200,3344.750,6215.083,3469.452,4373.062,3850.562,4514.969,4206.405
611,4489.893,4380.157,3413.500,6098.250,3439.452,4338.688,3820.438,4491.531,4219.167
612,4480.714,4382.157,3394.250,6117.250,3434.968,4322.875,3810.156,4467.688,4207.357
613,4509.036,4366.171,3357.250,6071.417,3435.806,4313.938,3826.875,4465.062,4201.286
614,4495.107,4380.057,3405.750,6080.917,3437.710,4282.500,3814.188,4497.875,4228.071
615,4499.107,4357.029,3391.000,6115.583,3453.742,4287.500,3794.375,4460.094,4219.833
616,4509.821,4361.128,3425.250,6091.250,3440.645,4332.625,3826.594,4457.062,4220.929
617,4502.679,4377.186,3414.250,6054.000,3452.290,4270.562,3803.219,4456.062,4220.595
618,4522.214,4353.500,3345.750,6101.167,3444.032,4260.500,3799.781,4447.281,4223.976
619,4525.393,4341.029,3363.875,6122.250,3467.613,4271.062,3794.594,4469.219,4214.881
620,4513.286,4350.229,3379.750,6142.917,3436.806,4293.688,3793.250,4468.812,4224.452
621,4514.107,4349.700,3416.125,6126.833,3435.064,4243.375,3788.875,4490.219,4218.833
622,4516.464,4350.429,3403.375,6144.167,3421.097,4269.688,3799.438,4498.062,4221.405
623,4489.143,4352.057,3391.000,6120.250,3429.097,4242.562,3773.062,4444.438,4219.262
624,4524.357,4362.257,3409.750,6122.583,3417.387,4235.188,3789.000,4423.062,4194.381
625,4540.179,4356.329,3351.000,6101.667,3421.548,4205.188,3794.438,4428.062,4201.833
626,4537.929,4368.057,3399.500,6113.583,3430.226,4208.938,3774.438,4436.719,4223.381
627,4530.893,4367.000,3397.125,6007.417,3414.677,4179.000,3753.625,4434.594,4204.714
628,4498.464,4344.014,3390.250,6131.333,3420.097,4225.500,3761.719,4452.719,4201.381
629,4508.357,4341.614,3371.000,6102.333,3415.903,4180.312,3747.875,4423.750,4215.190
630,4515.071,4347.171,3379.000,6114.250,3421.419,4177.188,3747.031,4431.406,4212.214
631,4503.214,4347.114,3424.750,6058.417,3417.000,4137.812,3755.281,4445.156,4213.214
632,4525.607,4337.157,3409.375,6082.583,3434.452,4164.750,3755.625,4433.750,4204.952
633,4488.607,4352.314,3394.250,6104.333,3431.323,4178.438,3764.562,4420.125,4189.881
634,4509.107,4315.329,3469.500,6159.500,3429.516,4192.750,3753.438,4433.469,4206.905
635,4519.821,4333.600,3411.500,6217.083,3429.774,4377.750,3750.062,4426.938,4195.857
636,4478.893,4341.628,3433.125,6206.083,3455.871,4411.500,3764.344,4456.000,4211.024
637,4505.643,4335.771,3415.750,6205.583,3438.581,4406.812,3772.281,4449.938,4216.571
638,4489.071,4326.900,3420.375,6123.583,3440.806,4415.938,3762.844,4448.531,4184.333
639,4516.000,4333.100,3392.000,6154.250,3447.645,4429.125,3751.625,4446.562,4204.024
640,4524.429,4333.714,3398.875,6113.833,3425.516,4396.312,3741.469,4431.469,4196.262
641,4537.000,4341.829,3395.500,6128.000,3450.194,4407.000,3778.812,4424.250,4222.000
642,4514.071,4340.957,3378.000,6102.750,3472.355,4374.375,3857.438,4412.500,4205.310
643,4503.214,4371.086,3414.250,6060.500,3473.290,4344.625,3971.969,4407.375,4208.024
644,4488.679,4371.372,3393.250,6105.917,3463.064,4322.562,4006.906,4403.656,4200.810
645,4514.857,4372.443,3365.625,6108.667,3444.194,4314.625,3965.656,4399.312,4194.119
646,4488.179,4370.057,3372.375,6103.667,3480.613,4301.250,3998.219,4417.656,4222.857
647,4526.607,4361.614,3444.875,6097.750,3470.645,4326.000,4001.781,4411.031,4193.429
648,4500.357,4368.814,3411.500,6092.250,3480.323,4291.750,3954.531,4407.281,4210.833
649,4491.786,4375.171,3388.750,6100.750,3462.484,4264.625,3976.938,4420.656,4198.000
650,4528.179,4377.000,3390.250,6172.333,3433.677,4319.500,3983.375,4397.469,4211.071
651,4473.000,4378.700,3386.750,6141.917,3435.097,4285.562,3943.469,4410.188,4201.071
652,4504.964,4364.829,3372.000,6095.250,3458.548,4225.875,3922.781,4399.344,4199.762
653,4522.071,4370.957,3387.125,6129.917,3444.871,4277.250,3945.375,4401.375,4200.048
654,4502.393,4374.400,3403.625,6145.833,3450.452,4202.812,3936.812,4402.000,4204.238
655,4495.036,4369.229,3399.000,6114.917,3450.161,4224.875,3913.688,4379.188,4226.690
656,4525.464,4354.914,3379.375,6132.083,3456.774,4205.375,3924.406,4397.125,4188.333
657,4502.607,4354.514,3371.250,6103.333,3432.161,4209.438,3917.562,4377.688,4203.762
658,4488.536,4344.957,3410.625,6105.333,3420.161,4217.125,3889.719,4367.688,4207.190
659,4503.179,4345.057,3378.125,6108.750,3436.258,4200.312,3897.656,4389.719,4207.119
660,4483.643,4333.157,3327.500,6150.583,3428.548,4167.250,3917.969,4386.250,4188.024
661,4487.143,4332.243,3415.875,6120.250,3448.226,4157.000,3879.062,4442.938,4203.095
662,4514.929,4350.986,3366.500,6187.250,3440.774,4193.250,3881.688,4478.594,4194.024
663,4482.607,4339.628,3321.125,6125.250,3452.258,4197.062,3876.938,4486.750,4210.810
664,4509.250,4325.057,3399.375,6153.750,3420.484,4159.812,3853.500,4476.906,4182.619
665,4488.036,4359.543,3381.125,6100.167,3426.129,4140.750,3860.812,4500.219,4212.500
666,4493.893,4328.200,3377.750,6107.583,3437.323,4130.875,3864.438,4502.156,4182.929
667,4527.071,4325.628,3396.625,6149.833,3421.419,4135.750,3818.812,4497.094,4188.262
668,4497.857,4320.071,3396.500,6125.417,3423.936,4113.000,3859.250,4464.438,4177.571
669,4506.464,4307.943,3362.000,6120.083,3426.419,4114.875,3825.844,4474.312,4193.667
670,4512.964,4328.557,3403.375,6081.167,3411.258,4091.125,3817.188,4469.312,4222.762
671,4510.107,4310.829,3375.375,6104.167,3413.226,4082.500,3814.938,4442.375,4216.857
672,4503.214,4270.700,3365.625,6071.417,3379.871,4072.312,3790.344,4460.781,4193.833
673,4468.679,4317.486,3388.500,6057.250,3412.581,4098.375,3834.219,4424.344,4190.214
674,4490.821,4292.600,3369.500,6034.083,3377.419,4055.688,3791.188,4464.656,4203.690
675,4488.214,4304.243,3385.500,6094.583,3385.484,4067.562,3786.438,4442.500,4206.333
676,4516.607,4282.043,3390.375,6016.000,3378.839,4061.312,3799.625,4418.000,4210.786
677,4483.321,4278.029,3425.250,6010.583,3400.064,4053.562,3771.125,4418.938,4186.095
678,4497.786,4302.786,3367.125,6020.083,3386.871,4060.312,3747.281,4447.875,4183.071
679,4492.429,4293.271,3354.500,5955.250,3400.581,4037.625,3774.688,4409.469,4206.905
680,4468.464,4274.929,3350.250,6015.250,3386.581,4031.750,3764.156,4435.812,4205.500
681,4493.821,4304.600,3390.625,6010.917,3410.194,4026.750,3731.844,4387.500,4201.667
682,4496.357,4285.043,3403.625,5965.500,3393.097,4009.562,3758.719,4398.750,4188.286
683,4502.036,4289.157,3389.000,5999.167,3401.452,4002.062,3742.125,4421.031,4190.976
684,4517.071,4273.814,3373.125,6045.667,3399.742,3977.875,3739.688,4397.469,4191.810
685,4495.821,4293.314,3403.125,6071.500,3382.419,3997.938,3752.062,4418.750,4193.619
686,4484.143,4291.128,3382.500,5983.167,3385.871,3985.188,3731.969,4408.969,4202.357
687,4515.571,4258.872,3375.375,6067.667,3364.742,3992.000,3746.188,4393.406,4189.762
688,4464.321,4282.100,3362.625,6088.167,3377.387,3966.875,3742.188,4416.562,4191.857
689,4496.036,4288.257,3356.375,6075.250,3402.936,4003.000,3738.562,4394.344,4193.333
690,4497.321,4282.200,3350.625,6059.417,3406.387,3971.312,3726.125,4417.656,4208.262
691,4458.500,4299.486,3406.500,6014.917,3390.032,3966.312,3716.844,4414.094,4187.714
692,4518.893,4313.029,3384.375,6022.417,3395.839,3956.375,3724.781,4389.500,4219.762
693,4515.607,4308.143,3388.250,6008.417,3375.548,3958.562,3721.219,4401.219,4190.357
694,4543.071,4325.386,3391.500,5993.750,3376.548,3948.500,3710.594,4384.969,4173.048
695,4490.214,4324.743,3384.500,5978.417,3372.936,3963.188,3717.312,4392.250,4185.000
696,4475.643,4313.757,3435.625,5968.917,3364.290,3917.500,3698.312,4374.375,4191.476
697,4463.964,4316.557,3385.625,5965.167,3368.806,3961.812,3696.969,4368.219,4207.452
698,4485.893,4303.486,3355.625,5958.583,3373.742,3906.125,3697.219,4364.188,4188.643
699,4493.893,4289.343,3349.500,5986.417,3389.581,3928.000,3684.906,4327.531,4198.476
700,4481.821,4307.857,3369.875,5960.250,3367.806,4051.562,3711.844,4364.250,4205.976
701,4528.357,4316.628,3400.500,5987.917,3410.806,4250.062,3795.906,4391.281,4194.833
702,4509.929,4332.229,3372.500,6072.583,3442.097,4392.875,3892.219,4471.250,4230.619
703,4514.714,4345.171,3390.375,6120.333,3467.161,4426.938,3946.625,4527.938,4202.952
704,4501.500,4374.486,3407.750,6126.583,3458.129,4400.625,3956.781,4527.031,4188.786
705,4507.750,4359.029,3443.000,6107.250,3461.387,4367.812,3973.031,4506.312,4207.548
706,4493.607,4364.329,3421.125,6050.833,3448.323,4361.500,3965.000,4557.094,4201.714
707,4508.071,4352.686,3405.250,6057.333,3442.742,4383.562,3964.469,4529.938,4187.762
708,4513.607,4354.557,3424.750,6045.167,3414.548,4322.938,3964.844,4503.938,4210.381
709,4505.571,4341.157,3471.625,6117.583,3437.742,4326.312,3914.781,4508.000,4194.524
710,4526.214,4347.329,3418.875,6007.500,3470.419,4288.625,3940.875,4480.938,4216.500
711,4472.714,4317.700,3471.125,6050.333,3412.581,4312.938,3894.438,4483.000,4196.262
712,4483.607,4350.243,3417.375,6097.750,3424.806,4301.188,3887.125,4492.531,4201.095
713,4504.179,4345.128,3474.500,6096.083,3460.806,4244.688,3898.938,4485.719,4207.429
714,4487.750,4334.614,3436.625,6095.167,3414.258,4284.250,3885.469,4446.438,4194.786
715,4493.643,4316.743,3392.375,6119.000,3414.064,4263.562,3887.719,4443.438,4195.476
716,4498.964,4338.171,3406.125,6085.167,3425.484,4211.000,3898.531,4438.594,4200.524
717,4469.500,4320.486,3386.250,6073.417,3404.290,4207.750,3851.562,4442.125,4186.548
718,4493.750,4321.800,3390.500,6091.833,3395.613,4171.688,3842.312,4443.406,4218.667
719,4471.964,4315.329,3408.375,6099.167,3405.548,4212.562,3808.875,4418.688,4212.500
720,4473.714,4308.543,3432.125,6094.417,3403.645,4134.438,3808.875,4414.438,4200.595
721,4490.250,4310.786,3426.375,6039.167,3420.194,4209.875,3814.969,4422.594,4204.714
722,4484.536,4295.671,3388.875,6059.333,3389.806,4163.750,3798.469,4395.375,4173.643
723,4482.179,4304.743,3416.375,6043.000,3398.742,4115.438,3782.656,4455.250,4199.762
724,4454.179,4298.829,3425.375,6064.250,3376.548,4151.000,3768.562,4386.062,4183.714
725,4522.786,4292.400,3413.500,6067.417,3387.806,4121.500,3777.812,4403.719,4186.333
726,4470.857,4292.743,3388.750,5997.167,3383.742,4126.875,3796.812,4415.688,4191.119
727,4498.607,4255.557,3385.250,5958.417,3357.677,4082.125,3761.188,4389.250,4191.476
728,4467.857,4296.486,3377.500,5964.000,3390.452,4082.500,3729.688,4392.281,4192.881
729,4476.393,4282.286,3358.500,5938.250,3361.936,4064.812,3748.562,4390.750,4188.167
730,4472.393,4264.043,3413.625,6019.500,3362.161,4078.750,3746.938,4352.125,4190.476
731,4467.714,4278.372,3398.750,5936.583,3358.645,4034.562,3761.969,4378.375,4189.857
732,4457.250,4275.886,3391.125,5924.167,3370.064,4038.688,3712.906,4395.438,4198.452
733,4487.036,4264.600,3395.125,5952.167,3372.806,4036.062,3727.062,4359.125,4201.762
734,4474.857,4262.300,3412.625,5989.417,3353.032,4056.500,3722.062,4387.906,4189.643
735,4484.893,4267.271,3378.375,5962.167,3362.258,4014.062,3714.562,4385.656,4195.405
736,4461.393,4262.372,3405.000,5923.583,3354.806,4028.562,3720.125,4337.594,4202.881
737,4496.250,4288.957,3387.875,5998.750,3365.806,4027.125,3723.000,4361.500,4202.405
738,4459.143,4292.257,3430.750,6055.500,3363.806,3983.000,3706.969,4392.438,4184.238
739,4503.107,4297.586,3488.125,6044.750,3369.258,4021.375,3701.906,4382.062,4191.357
740,4512.143,4292.571,3426.500,6023.167,3349.064,3975.875,3704.844,4378.719,4204.238
741,4482.393,4295.829,3406.625,6051.083,3360.903,3959.250,3698.688,4361.062,4197.190
742,4490.679,4296.043,3387.375,5997.167,3361.581,3967.875,3682.938,4367.188,4191.714
743,4474.179,4277.557,3405.500,6030.500,3348.452,3980.250,3712.312,4332.625,4197.976
744,4476.321,4296.700,3383.000,6061.417,3368.516,3979.938,3698.844,4376.656,4199.214
745,4490.250,4259.043,3383.875,6083.583,3350.677,3991.250,3707.938,4356.500,4203.810
746,4483.357,4269.471,3381.875,6030.833,3378.032,3970.375,3695.656,4365.188,4198.476
747,4491.250,4293.128,3410.875,5990.333,3392.355,3962.875,3696.469,4356.812,4185.333
748,4491.036,4277.200,3379.875,5991.000,3381.613,3936.250,3681.688,4360.719,4207.595
749,4485.179,4279.986,3375.125,6021.000,3369.000,3933.562,3702.625,4374.812,4209.524
750,4460.357,4272.814,3370.875,6055.917,3386.839,4086.250,3709.094,4394.375,4186.286
751,4483.536,4280.957,3414.125,6123.417,3382.839,4275.312,3706.031,4409.250,4192.595
752,4501.357,4272.628,3385.500,6052.583,3426.516,4355.938,3736.688,4449.062,4213.905
753,4477.393,4267.372,3425.750,6125.083,3401.355,4392.250,3692.656,4436.562,4210.357
754,4510.750,4277.071,3393.750,6050.333,3418.516,4368.438,3689.062,4406.750,4208.595
755,4481.571,4270.057,3422.125,6099.000,3394.871,4355.812,3672.469,4387.188,4228.262
756,4469.571,4273.514,3387.750,6071.583,3386.032,4356.938,3672.969,4376.031,4219.500
757,4502.964,4249.671,3396.625,6005.167,3369.968,4328.062,3692.312,4399.906,4200.405
758,4491.821,4263.114,3434.375,6061.333,3372.290,4325.250,3672.406,4401.562,4192.286
759,4500.321,4268.171,3362.250,5946.833,3394.000,4288.062,3649.125,4398.562,4192.929
760,4482.036,4257.671,3416.125,6006.750,3385.355,4282.062,3669.844,4366.844,4168.262
761,4463.036,4270.214,3351.000,6022.750,3373.548,4236.375,3673.312,4376.125,4210.000
762,4477.500,4246.329,3386.625,5997.000,3349.226,4259.750,3654.062,4357.656,4197.262
763,4442.607,4264.471,3376.750,6009.167,3374.452,4229.062,3666.812,4355.469,4213.286
764,4512.321,4234.943,3396.375,5996.500,3409.484,4259.250,3649.781,4363.188,4171.762
765,4445.964,4255.586,3430.750,5974.000,3368.032,4213.250,3650.469,4376.594,4188.429
766,4458.893,4257.700,3370.125,5950.167,3388.903,4227.875,3635.312,4341.125,4200.333
767,4474.179,4260.743,3359.750,6004.083,3392.387,4185.125,3636.031,4352.219,4190.429
768,4481.393,4254.800,3385.000,5970.333,3381.064,4193.250,3623.531,4340.250,4202.905
769,4498.071,4246.286,3387.500,5927.750,3359.581,4153.250,3598.125,4342.031,4207.119
770,4473.821,4243.786,3377.000,5990.250,3368.871,4149.125,3614.375,4365.844,4220.119
771,4503.464,4256.500,3400.125,6008.083,3373.484,4218.812,3617.469,4356.219,4214.643
772,4476.536,4258.300,3348.625,6023.667,3361.484,4138.562,3621.781,4360.188,4194.429
773,4469.964,4234.114,3401.625,6056.417,3370.355,4198.312,3625.781,4328.656,4200.810
774,4472.750,4240.114,3428.500,6093.500,3367.161,4163.938,3604.312,4368.594,4187.524
775,4511.893,4247.171,3384.625,6112.583,3340.710,4135.438,3634.781,4325.719,4197.643
776,4522.429,4241.729,3380.750,6066.917,3382.613,4171.438,3633.062,4341.125,4201.024
777,4459.071,4238.400,3379.875,6058.167,3370.548,4179.188,3619.188,4357.562,4212.286
778,4493.500,4251.214,3410.375,6038.667,3360.677,4152.562,3615.688,4347.094,4229.143
779,4499.107,4239.771,3385.750,6033.167,3343.161,4166.188,3614.062,4364.625,4200.310
780,4483.821,4237.971,3381.250,6037.417,3358.645,4153.250,3621.219,4358.438,4179.095
781,4467.393,4238.600,3405.750,5990.917,3344.484,4148.188,3580.625,4353.688,4204.762
782,4469.679,4244.886,3377.375,6041.583,3355.968,4148.125,3603.406,4369.312,4189.452
783,4483.857,4237.514,3366.875,6002.167,3372.032,4147.938,3603.750,4329.656,4200.381
784,4474.214,4254.557,3332.375,5957.667,3349.710,4122.500,3599.281,4344.188,4213.500
785,4480.821,4239.986,3369.875,5993.500,3335.936,4127.188,3618.438,4351.625,4210.571
786,4467.643,4234.757,3365.875,5997.083,3342.323,4130.938,3605.562,4353.844,4224.500
787,4508.893,4235.071,3386.000,5940.417,3338.806,4138.812,3573.781,4317.812,4204.429
788,4465.714,4230.343,3455.500,5983.750,3369.097,4132.000,3603.188,4322.844,4207.976
789,4460.107,4231.100,3386.750,6092.500,3370.806,4085.625,3581.969,4348.250,4186.167
790,4483.714,4252.386,3406.750,6011.167,3353.613,4103.875,3638.625,4362.656,4186.119
791,4496.964,4244.857,3354.625,6019.250,3363.613,4134.500,3656.000,4336.625,4203.619
792,4494.750,4263.600,3339.000,6084.583,3360.226,4078.562,3695.938,4353.250,4187.667
793,4519.429,4263.543,3397.250,6024.583,3380.871,4103.312,3690.250,4353.969,4185.119
794,4466.500,4267.571,3377.875,6012.833,3369.064,4067.688,3693.344,4337.219,4198.190
795,4489.464,4272.786,3352.500,6099.500,3354.710,4056.688,3694.375,4353.250,4201.310
796,4469.250,4274.586,3367.875,6055.417,3365.032,4086.938,3675.344,4319.062,4208.667
797,4511.321,4266.743,3347.625,6015.500,3345.323,4057.250,3662.344,4321.594,4205.024
798,4468.857,4276.986,3401.125,6010.167,3367.806,4067.438,3653.906,4319.000,4223.905
799,4472.464,4262.071,3399.625,6005.583,3349.774,4055.188,3638.844,4328.906,4186.286
800,4487.429,4263.557,3398.750,6005.917,3343.613,4013.812,3660.719,4340.438,4200.690
