 ,Mean1,Mean2,Mean3,Mean4,Mean5,Mean6,Mean7,Mean8,Mean9,Mean10,Mean11
1,4190.929,4089.933,4215.800,4993.962,4474.606,4366.909,5001.667,3707.324,3469.375,3081.188,3494.947
2,4192.043,4091.307,4209.433,5007.025,4473.672,4361.636,5015.083,3683.622,3469.875,3078.750,3499.053
3,4183.943,4108.787,4242.583,5027.788,4466.967,4313.545,5015.333,3715.784,3479.562,3101.156,3494.973
4,4204.529,4109.960,4217.267,5029.950,4465.229,4356.273,4965.667,3692.622,3438.312,3065.469,3494.773
5,4202.171,4087.160,4220.667,5011.188,4456.131,4333.455,4984.583,3694.838,3475.000,3077.344,3501.787
6,4207.614,4092.040,4200.017,4999.513,4458.541,4385.000,5011.417,3710.594,3471.250,3071.875,3494.827
7,4189.372,4107.400,4205.683,4975.987,4470.951,4348.091,5043.333,3704.973,3472.188,3077.719,3500.587
8,4198.514,4080.333,4206.167,4981.538,4466.492,4371.818,4981.417,3696.594,3480.938,3070.469,3498.840
9,4194.100,4096.320,4207.467,5005.650,4448.164,4360.000,4993.750,3715.784,3471.812,3077.844,3498.187
10,4187.686,4098.093,4209.350,5037.350,4466.672,4357.545,5020.167,3697.784,3452.625,3079.312,3492.760
11,4186.786,4083.467,4219.467,5037.013,4462.262,4386.545,4955.417,3710.838,3466.375,3081.625,3508.627
12,4198.471,4082.187,4213.400,5027.400,4463.229,4352.455,5076.250,3686.568,3443.438,3081.188,3509.173
13,4195.529,4091.693,4215.767,5018.350,4466.639,4355.273,4996.167,3665.865,3455.688,3081.844,3483.280
14,4205.314,4079.907,4213.300,5049.538,4465.492,4363.818,4972.833,3710.838,3514.000,3082.781,3505.587
15,4200.600,4096.453,4224.517,5021.562,4480.229,4379.727,4985.583,3706.459,3458.125,3078.594,3500.653
16,4182.171,4094.413,4216.817,4981.663,4461.344,4354.909,4951.750,3679.081,3459.062,3078.781,3496.973
17,4204.671,4096.146,4198.183,5044.737,4481.131,4314.636,5017.333,3699.135,3416.562,3092.688,3501.920
18,4168.357,4072.507,4215.533,5077.225,4470.967,4382.909,5007.583,3695.108,3475.688,3088.594,3498.133
19,4199.471,4092.773,4219.850,5107.038,4460.836,4337.727,5001.333,3710.108,3466.125,3058.312,3493.293
20,4218.271,4096.374,4228.367,5160.225,4464.312,4354.545,4999.333,3694.811,3481.438,3094.656,3515.480
21,4192.243,4104.680,4218.400,5168.962,4440.705,4365.364,4959.417,3702.594,3478.625,3084.062,3498.333
22,4194.300,4108.907,4214.633,5192.750,4450.344,4373.636,5058.917,3694.568,3459.938,3074.500,3509.853
23,4201.600,4110.187,4227.417,5236.962,4487.902,4356.000,4995.667,3682.378,3439.812,3080.906,3499.200
24,4201.114,4091.053,4203.683,5239.150,4470.869,4355.091,5048.500,3670.676,3445.250,3097.094,3514.373
25,4196.086,4118.227,4229.667,5242.337,4471.328,4373.364,4994.417,3692.108,3469.500,3093.125,3504.427
26,4194.443,4082.733,4202.650,5204.600,4481.918,4365.273,5006.000,3691.081,3479.062,3075.094,3504.973
27,4193.457,4090.387,4203.683,5196.538,4457.295,4369.273,4984.583,3711.216,3449.562,3062.188,3499.480
28,4188.929,4106.480,4216.117,5189.300,4462.197,4327.000,5013.000,3703.108,3504.312,3056.438,3511.227
29,4191.857,4110.867,4218.517,5148.775,4459.869,4375.727,5005.000,3686.892,3463.812,3081.094,3493.893
30,4185.914,4092.093,4221.217,5121.538,4455.426,4327.091,5013.667,3697.378,3470.938,3066.406,3508.093
31,4193.257,4099.933,4206.900,5113.725,4466.295,4372.273,4987.167,3694.243,3449.562,3057.594,3495.173
32,4191.200,4084.293,4217.750,5108.675,4465.935,4341.364,4981.250,3713.054,3496.750,3072.000,3506.160
33,4220.586,4099.493,4204.433,5169.038,4439.639,4362.727,4987.333,3698.162,3456.750,3084.094,3510.293
34,4193.700,4086.293,4218.567,5163.625,4463.803,4377.909,4975.917,3693.162,3457.688,3039.625,3511.027
35,4184.286,4082.680,4202.850,5153.938,4455.476,4350.455,5020.083,3699.919,3502.688,3074.125,3506.680
36,4197.714,4093.560,4221.350,5151.237,4472.492,4350.818,4974.583,3725.081,3479.000,3056.375,3504.800
37,4186.386,4091.027,4211.700,5198.788,4471.033,4379.636,4990.083,3715.324,3466.500,3049.406,3516.680
38,4196.143,4095.587,4217.300,5201.400,4457.721,4367.364,4987.500,3717.162,3468.375,3065.094,3507.800
39,4209.043,4089.720,4209.850,5202.400,4471.262,4361.727,4994.167,3694.108,3454.438,3071.406,3516.307
40,4188.329,4099.067,4189.567,5255.962,4478.197,4345.727,4983.500,3699.487,3508.500,3064.719,3517.573
41,4194.657,4080.067,4219.050,5264.250,4475.328,4342.545,5051.583,3695.487,3448.812,3066.125,3501.933
42,4213.014,4083.907,4208.050,5271.325,4443.065,4344.091,5003.833,3712.189,3491.562,3057.125,3519.920
43,4193.571,4095.280,4212.000,5276.438,4474.476,4346.273,4973.500,3688.487,3495.125,3072.312,3510.093
44,4197.043,4090.800,4212.767,5236.975,4442.606,4384.636,5046.917,3717.541,3491.625,3047.406,3520.733
45,4197.343,4086.600,4205.867,5245.612,4483.017,4301.636,4962.500,3699.757,3481.625,3087.156,3527.227
46,4186.743,4089.827,4214.917,5299.750,4456.426,4406.909,4964.500,3704.838,3483.750,3048.375,3518.027
47,4210.957,4099.840,4222.317,5319.288,4465.476,4351.727,4999.583,3710.432,3473.625,3047.156,3511.227
48,4184.257,4086.040,4206.217,5283.150,4470.017,4322.091,5001.500,3678.108,3490.750,3080.031,3520.387
49,4221.628,4098.120,4238.100,5277.737,4455.426,4367.091,4920.000,3696.865,3479.562,3081.125,3505.787
50,4204.343,4086.253,4226.300,5239.400,4453.065,4338.818,5004.083,3703.406,3464.438,3049.094,3497.027
51,4196.657,4086.027,4223.850,5236.837,4456.574,4296.273,5028.583,3691.568,3486.875,3058.219,3517.787
52,4186.229,4096.867,4212.550,5195.212,4473.836,4335.636,4997.083,3695.135,3470.562,3057.062,3498.293
53,4208.543,4079.133,4204.833,5193.250,4459.476,4382.182,5011.250,3724.757,3483.375,3074.250,3495.293
54,4191.500,4081.707,4223.600,5148.500,4458.410,4363.455,5015.417,3721.054,3481.562,3051.969,3507.347
55,4220.843,4090.293,4204.750,5146.188,4470.098,4348.273,5011.917,3706.594,3435.375,3036.062,3496.787
56,4201.571,4086.813,4202.500,5165.150,4448.508,4350.909,5007.667,3707.919,3492.500,3062.062,3510.640
57,4191.614,4087.787,4211.400,5217.250,4454.033,4368.182,4993.750,3697.757,3496.500,3078.969,3524.840
58,4217.300,4120.987,4208.667,5219.087,4455.524,4379.364,4997.833,3703.838,3490.438,3055.094,3514.547
59,4199.957,4104.493,4222.483,5197.612,4477.180,4376.273,4995.250,3681.081,3494.375,3057.594,3502.387
60,4191.757,4092.973,4219.833,5191.788,4460.885,4367.273,4999.250,3700.892,3439.188,3069.906,3500.347
61,4179.486,4097.400,4204.900,5239.337,4481.787,4364.727,4984.333,3703.351,3480.000,3060.156,3501.707
62,4190.800,4086.267,4228.700,5256.025,4453.541,4357.909,4997.417,3718.865,3493.875,3036.844,3500.853
63,4196.000,4085.760,4213.017,5271.788,4460.672,4368.000,4954.083,3683.432,3476.250,3057.969,3521.373
64,4182.471,4098.720,4210.133,5252.987,4472.754,4359.636,4994.667,3703.297,3435.875,3056.469,3507.560
65,4195.486,4094.747,4213.950,5219.062,4475.115,4403.455,5018.917,3700.351,3462.500,3054.688,3503.000
66,4195.929,4106.280,4215.017,5203.987,4455.983,4392.273,5040.000,3712.838,3483.062,3074.781,3499.733
67,4198.586,4088.387,4208.833,5200.550,4486.836,4354.455,4975.750,3713.189,3482.188,3059.906,3510.027
68,4210.643,4083.667,4231.700,5172.138,4479.623,4362.545,4959.250,3715.703,3469.312,3057.562,3496.613
69,4198.771,4091.160,4215.667,5163.038,4489.229,4365.636,5047.750,3720.108,3477.000,3085.625,3496.147
70,4207.386,4092.760,4222.800,5212.737,4466.803,4393.455,5011.250,3705.865,3467.562,3057.938,3505.493
71,4203.029,4092.347,4201.400,5223.362,4468.623,4370.273,4981.917,3724.622,3452.188,3057.562,3532.533
72,4203.400,4106.293,4215.583,5226.550,4463.853,4308.091,5020.667,3714.541,3500.375,3033.406,3510.173
73,4204.800,4102.520,4210.250,5205.025,4475.721,4348.000,4999.667,3709.027,3446.750,3052.188,3501.120
74,4203.029,4090.067,4194.450,5184.450,4460.902,4328.000,5027.167,3704.378,3453.812,3044.344,3499.027
75,4196.486,4094.587,4208.417,5158.650,4485.197,4378.273,4983.167,3718.054,3451.500,3056.844,3499.653
76,4196.857,4081.307,4227.117,5161.150,4476.787,4389.727,5028.167,3690.081,3505.188,3056.531,3518.733
77,4211.657,4106.707,4233.933,5120.763,4463.295,4377.091,4957.417,3712.946,3473.312,3035.875,3488.747
78,4209.729,4098.067,4217.400,5127.138,4454.885,4381.909,5071.583,3713.892,3480.125,3059.344,3506.213
79,4196.857,4102.213,4204.600,5144.763,4467.918,4360.455,4963.333,3721.703,3491.875,3049.312,3503.040
80,4218.157,4101.173,4221.150,5194.513,4493.180,4371.545,5020.000,3697.297,3459.625,3064.344,3513.520
81,4206.757,4091.067,4203.217,5181.400,4448.229,4370.818,5001.167,3711.216,3474.562,3081.469,3498.627
82,4192.872,4080.307,4199.700,5220.638,4468.361,4372.727,4971.000,3705.378,3482.688,3058.625,3510.187
83,4201.343,4080.987,4219.717,5265.888,4469.377,4361.273,4954.250,3718.081,3464.938,3065.688,3505.760
84,4192.171,4103.533,4219.400,5278.587,4469.229,4396.273,5047.500,3707.919,3467.125,3070.406,3496.107
85,4202.686,4089.600,4224.683,5273.025,4480.180,4393.818,5006.667,3720.459,3477.125,3081.469,3516.907
86,4211.100,4086.827,4210.533,5257.587,4481.574,4358.273,5018.500,3704.000,3487.000,3064.969,3493.467
87,4199.357,4102.960,4227.100,5222.575,4480.721,4333.636,5003.083,3710.487,3483.375,3065.250,3493.520
88,4179.029,4097.320,4226.367,5222.025,4455.771,4306.636,5023.250,3702.568,3461.812,3059.750,3507.440
89,4214.200,4087.013,4239.433,5212.625,4469.476,4374.091,5018.167,3727.189,3492.188,3060.031,3498.787
90,4211.157,4107.600,4222.133,5224.000,4468.738,4356.818,4980.750,3708.054,3460.188,3057.969,3525.347
91,4195.872,4090.013,4211.767,5242.938,4464.541,4359.727,5013.833,3718.216,3458.188,3059.188,3497.133
92,4194.957,4099.707,4206.283,5258.950,4481.197,4383.091,5017.417,3723.324,3497.500,3064.250,3517.413
93,4226.200,4096.693,4205.100,5243.112,4446.705,4389.091,4971.250,3703.676,3489.812,3057.781,3497.053
94,4214.386,4108.680,4203.000,5224.288,4471.967,4383.091,5044.333,3717.135,3468.312,3062.969,3520.413
95,4203.971,4113.480,4210.783,5197.987,4486.098,4357.273,5021.417,3702.378,3471.500,3066.844,3502.867
96,4198.900,4089.293,4226.033,5180.600,4480.033,4411.364,5000.750,3704.378,3467.375,3062.562,3498.973
97,4198.057,4097.533,4227.650,5234.112,4467.229,4337.636,4994.250,3691.946,3505.875,3056.344,3517.360
98,4224.829,4094.413,4208.483,5236.575,4484.131,4326.545,5017.000,3716.324,3458.812,3061.594,3504.320
99,4220.286,4105.400,4236.950,5259.188,4474.885,4391.909,5011.333,3702.784,3486.250,3045.938,3509.480
100,4206.443,4099.227,4229.617,5244.900,4477.180,4339.545,4994.083,3697.487,3502.438,3061.938,3509.053
101,4199.443,4110.374,4206.667,5242.413,4493.213,4348.364,5035.750,3699.541,3476.812,3064.062,3510.093
102,4204.886,4090.013,4237.567,5219.650,4489.098,4346.000,5016.750,3702.865,3471.000,3052.969,3504.027
103,4214.457,4084.827,4209.117,5188.200,4464.098,4374.818,5078.583,3710.027,3467.188,3075.469,3518.240
104,4216.900,4113.813,4204.650,5165.925,4474.410,4405.545,5013.583,3694.027,3485.188,3065.969,3513.147
105,4215.614,4101.573,4217.583,5154.188,4469.180,4354.364,4997.500,3726.594,3462.000,3047.031,3505.733
106,4209.671,4106.800,4199.333,5110.013,4453.361,4325.000,5015.333,3716.892,3506.812,3064.938,3516.307
107,4202.000,4099.973,4229.550,5126.650,4464.279,4388.182,4998.167,3718.541,3483.250,3068.406,3514.920
108,4220.029,4114.560,4222.117,5138.350,4467.476,4408.636,5005.833,3699.622,3463.625,3093.594,3488.840
109,4225.586,4130.613,4228.683,5162.288,4461.524,4400.545,5031.833,3726.973,3447.000,4248.062,3514.413
110,4378.671,4228.547,4239.700,5166.388,4494.787,4367.818,4999.417,3799.459,3573.000,5495.344,3566.400
111,4551.000,4398.933,4248.800,5172.275,4540.820,4415.364,5050.583,3995.189,3784.125,6357.969,3717.387
112,4773.071,4681.973,4286.167,5174.538,4574.492,4541.727,5089.833,4488.027,4339.438,6874.750,3961.920
113,4956.571,5073.013,4303.500,5157.737,4630.328,4632.182,5254.167,5170.595,5085.312,7326.156,4245.573
114,5132.071,5519.213,4324.150,5156.413,4705.344,4828.818,5407.917,6015.486,5749.062,7585.594,4516.267
115,5264.057,5968.133,4346.600,5164.675,4757.606,4990.818,5636.833,6877.919,6370.688,7820.938,4758.307
116,5367.557,6349.160,4347.567,5155.337,4789.098,5308.364,5812.833,7799.000,6775.188,7887.844,5024.027
117,5473.814,6590.813,4368.683,5135.550,4854.312,5421.273,6060.500,8630.729,7021.188,8025.344,5261.173
118,5549.671,6801.547,4388.267,5144.712,4915.524,5592.364,6259.333,9386.027,7261.250,7863.031,5475.640
119,5578.829,6856.374,4409.267,5189.025,4964.918,5769.000,6454.417,10152.595,7435.312,7887.375,5648.253
120,5667.114,6898.493,4432.600,5258.550,5030.033,5893.727,6743.500,10748.297,7525.562,7903.688,5854.320
121,5674.271,6925.733,4452.050,5303.288,5060.606,6104.455,7049.417,11179.729,7638.875,7937.469,5997.160
122,5720.829,6943.933,4474.283,5368.175,5142.000,6251.909,7487.167,11473.135,7681.875,7873.938,6170.680
123,5795.271,6938.880,4491.983,5455.237,5203.344,6408.636,7862.333,11696.162,7734.625,7905.000,6278.000
124,5812.643,6964.053,4528.917,5538.087,5257.164,6482.000,8336.417,11790.135,7676.750,7802.000,6446.040
125,5857.157,6962.773,4544.767,5609.538,5318.164,6643.364,8578.167,11828.405,7721.500,7849.781,6588.187
126,5901.586,6971.347,4587.400,5695.000,5370.312,6700.364,9056.333,11907.459,7775.500,7874.312,6734.987
127,5917.314,6969.347,4634.933,5750.300,5420.705,6789.273,9267.250,11895.919,7767.062,7814.594,6879.000
128,5915.486,6996.414,4675.450,5825.688,5430.935,6794.909,9562.667,11964.919,7796.688,7719.500,6968.693
129,5935.543,6986.480,4715.800,5893.850,5488.197,6822.364,9819.083,11973.297,7778.312,7780.531,7047.067
130,5967.286,6994.960,4743.383,5967.025,5525.197,6830.182,9990.500,11955.378,7798.875,7720.688,7108.880
131,5995.029,6977.800,4798.817,6028.712,5574.541,6847.091,10330.833,11965.865,7787.750,7743.000,7151.787
132,6003.257,6991.360,4852.417,6085.188,5604.098,6774.909,10608.917,12027.838,7754.750,7661.469,7237.000
133,6003.186,6984.320,4932.850,6170.775,5631.508,6819.636,10916.417,12003.622,7764.688,7593.469,7236.267
134,6054.657,7017.813,4983.633,6222.737,5646.115,6848.364,11041.167,12004.108,7771.125,7645.781,7267.480
135,6057.157,7001.267,4996.583,6236.225,5660.442,6774.000,11230.000,12021.784,7720.188,7625.969,7281.533
136,6028.786,6982.613,5100.033,6292.925,5706.328,6854.545,11424.000,12031.352,7724.875,7591.844,7321.586
137,6040.729,7001.827,5154.350,6306.750,5722.705,6872.818,11680.750,12097.514,7741.562,7513.406,7338.747
138,6076.171,6978.067,5169.217,6362.362,5750.590,6825.455,11892.250,12039.352,7784.125,7535.719,7316.680
139,6105.343,7013.813,5210.300,6382.675,5752.967,6844.818,11976.750,11999.189,7703.688,7484.812,7345.093
140,6108.957,6995.400,5217.150,6417.825,5769.902,6877.545,12150.667,11968.676,7740.062,7509.594,7351.293
141,6077.529,7023.027,5259.300,6402.788,5791.869,6903.091,12297.750,11980.865,7790.562,7430.812,7344.493
142,6103.757,7007.320,5236.450,6451.663,5803.476,6935.909,12320.500,11971.243,7769.812,7449.375,7339.867
143,6116.214,7023.080,5267.267,6461.950,5820.295,6914.727,12489.167,12038.324,7803.750,7448.500,7330.626
144,6109.771,7004.187,5265.417,6484.225,5817.213,6862.818,12435.167,12000.811,7808.562,7454.188,7348.387
145,6125.786,6998.374,5295.200,6496.400,5812.508,6900.545,12552.000,11955.729,7779.250,7372.156,7382.120
146,6167.000,7008.827,5284.967,6515.650,5876.902,6871.727,12517.000,11974.648,7754.875,7357.719,7378.080
147,6149.571,7025.440,5317.400,6564.888,5830.688,6901.364,12574.333,12054.243,7826.625,7278.438,7373.293
148,6159.700,7020.760,5294.917,6549.775,5847.558,6822.000,12615.667,11989.973,7771.188,7307.188,7359.880
149,6159.900,7006.440,5283.733,6566.575,5844.738,6864.455,12617.167,12002.865,7692.688,7310.531,7370.387
150,6149.529,7005.440,5302.283,6609.975,5886.672,6901.545,12749.917,11948.648,7758.125,7304.719,7347.493
151,6161.971,6997.907,5296.917,6656.812,5851.902,6936.091,12810.667,11991.027,7760.125,7274.531,7329.507
152,6149.128,7023.680,5336.250,6691.312,5838.082,6837.818,12745.667,11963.135,7757.312,7312.594,7347.547
153,6148.829,7006.693,5322.917,6703.000,5848.639,6816.636,12758.167,11927.865,7771.750,7272.469,7327.613
154,6166.643,7021.573,5317.967,6730.163,5884.541,6810.727,12647.333,11951.054,7726.312,7236.375,7332.347
155,6147.886,7024.106,5285.983,6746.038,5854.902,6833.727,12752.083,11960.541,7793.312,7233.250,7316.347
156,6156.200,7014.240,5309.883,6786.337,5893.705,6834.455,12728.417,11961.405,7729.500,7232.094,7318.973
157,6152.943,7034.733,5326.933,6793.300,5857.902,6794.182,12745.750,11935.838,7758.750,7173.844,7308.333
158,6157.714,6983.680,5300.233,6843.587,5863.606,6792.273,12780.833,11920.081,7769.562,7201.250,7300.067
159,6161.214,7042.293,5319.233,6856.300,5871.394,6880.636,12766.750,11923.054,7775.000,7205.094,7307.707
160,6188.986,7025.427,5324.000,6902.663,5858.902,6850.727,12854.833,11932.271,7685.000,7250.656,7293.027
161,6174.443,7023.160,5312.517,6943.075,5853.017,6891.455,12793.167,11943.703,7695.250,7217.781,7287.053
162,6170.128,7031.333,5313.250,6986.675,5847.147,6794.091,12741.750,11875.189,7707.500,7211.656,7278.440
163,6171.386,7026.586,5322.267,7006.300,5853.410,6841.364,12805.500,11858.567,7738.188,7208.156,7248.160
164,6181.386,7035.027,5338.000,7056.350,5884.508,6795.091,12759.583,11806.189,7732.938,7237.094,7266.573
165,6171.114,7033.840,5302.450,7088.538,5866.229,6804.364,12748.583,11839.243,7755.500,7194.656,7244.374
166,6171.843,7014.387,5305.567,7081.638,5884.820,6836.000,12754.833,11855.973,7679.812,7181.594,7245.293
167,6169.571,6999.414,5305.850,7132.050,5874.442,6787.364,12748.583,11821.216,7711.375,7137.625,7223.480
168,6167.029,7036.680,5320.367,7167.900,5884.442,6819.727,12881.500,11859.081,7713.312,7102.344,7223.453
169,6183.800,6995.027,5315.317,7180.913,5872.787,6835.818,12801.500,11895.027,7704.312,7144.875,7251.173
170,6167.571,7020.693,5296.467,7172.163,5879.082,6786.273,12783.250,11845.081,7707.250,7134.719,7201.200
171,6181.586,7016.547,5295.233,7204.500,5885.639,6737.727,12717.917,11856.216,7721.875,7120.469,7223.333
172,6192.257,7016.173,5306.350,7203.438,5883.328,6802.909,12671.333,11859.324,7700.188,7082.906,7190.894
173,6187.500,7024.787,5308.117,7236.138,5859.606,6736.182,12719.917,11859.216,7664.375,7078.625,7183.987
174,6200.214,6999.987,5295.500,7266.150,5884.623,6790.182,12719.833,11815.946,7638.938,7077.562,7161.640
175,6187.157,7004.813,5292.850,7249.000,5852.983,6767.727,12708.417,11797.838,7705.500,7087.688,7164.347
176,6196.414,7007.680,5288.483,7273.100,5864.754,6750.273,12693.417,11879.648,7678.625,7038.375,7156.840
177,6185.029,7015.667,5300.333,7285.275,5881.885,6778.636,12721.333,11854.757,7682.500,7089.750,7156.987
178,6172.943,7029.533,5285.083,7311.475,5865.361,6760.909,12678.500,11825.162,7710.375,7082.469,7154.894
179,6179.014,7018.106,5285.167,7306.225,5881.820,6740.364,12743.000,11735.676,7662.125,7041.062,7121.187
180,6182.500,7025.760,5289.083,7341.350,5877.426,6744.364,12686.000,11800.514,7661.062,7061.688,7127.280
181,6184.343,7010.440,5304.317,7334.013,5855.967,6798.636,12749.083,11794.271,7707.250,7068.656,7105.640
182,6176.671,7013.360,5276.150,7369.312,5877.754,6796.727,12635.417,11842.433,7644.375,6992.188,7076.813
183,6163.686,7027.973,5297.750,7383.700,5861.836,6702.273,12680.917,11860.541,7639.938,6968.031,7095.760
184,6178.257,6968.467,5290.517,7392.388,5855.312,6749.091,12606.917,11781.595,7696.625,6945.500,7080.173
185,6188.343,6986.693,5276.417,7409.875,5879.951,6726.636,12598.583,11754.135,7625.188,6984.438,7063.907
186,6170.457,7022.093,5282.700,7411.175,5849.820,6703.727,12650.583,11773.541,7668.625,6925.250,7049.733
187,6183.128,6995.400,5261.533,7436.400,5856.492,6658.818,12537.083,11748.973,7610.125,6929.406,7026.693
188,6216.771,6996.667,5284.450,7415.175,5863.197,6692.182,12636.500,11754.162,7644.938,6924.562,7029.267
189,6189.957,6992.374,5263.550,7407.125,5841.672,6651.273,12557.833,11802.567,7608.062,6908.312,7041.560
190,6169.043,6980.586,5269.733,7432.263,5849.246,6614.455,12589.167,11770.135,7659.125,6943.469,7003.307
191,6185.857,6971.187,5244.883,7442.688,5880.180,6666.091,12439.167,11791.054,7624.062,6830.969,6986.414
192,6189.128,6987.067,5256.367,7416.062,5874.426,6596.909,12477.833,11783.433,7609.625,6837.719,6996.173
193,6191.229,6968.586,5232.600,7459.750,5853.738,6639.182,12549.583,11740.054,7610.250,6884.000,6976.827
194,6177.314,6960.827,5244.267,7455.975,5862.967,6620.364,12430.667,11758.108,7643.250,6842.250,6954.280
195,6194.386,6985.000,5258.483,7490.987,5819.394,6628.545,12585.083,11759.919,7631.188,6843.188,6952.333
196,6175.743,6969.467,5251.583,7483.025,5844.033,6601.636,12418.250,11715.243,7628.938,6825.875,6948.387
197,6178.514,6976.213,5233.733,7526.925,5834.688,6584.273,12488.083,11730.352,7628.562,6822.406,6963.240
198,6171.957,6956.040,5233.333,7554.100,5813.869,6649.091,12462.917,11724.676,7604.562,6737.594,6960.560
199,6187.043,6957.573,5231.400,7589.775,5844.262,6588.364,12433.250,11681.027,7611.312,6853.062,6939.440
200,6195.314,6992.640,5221.217,7553.275,5832.754,6584.091,12346.417,11689.648,7566.000,6824.531,6898.146
201,6167.686,6966.427,5230.383,7604.375,5812.606,6647.000,12439.667,11680.729,7590.000,6796.656,6876.320
202,6169.014,6955.467,5213.383,7617.837,5815.476,6643.818,12507.750,11690.784,7601.875,6789.750,6885.667
203,6175.486,6967.573,5211.833,7633.725,5841.017,6600.000,12427.917,11688.189,7548.812,6795.250,6886.106
204,6143.957,6992.293,5232.367,7640.275,5829.508,6640.727,12459.417,11686.676,7604.938,6780.250,6861.227
205,6170.986,6994.613,5229.350,7658.663,5836.574,6673.727,12441.250,11679.973,7525.500,6800.750,6862.547
206,6195.057,6969.040,5218.417,7642.325,5819.377,6604.636,12463.417,11653.216,7545.562,6804.219,6826.867
207,6161.171,6960.293,5224.200,7658.975,5825.721,6687.455,12516.167,11646.189,7582.375,6741.500,6821.146
208,6173.157,6977.507,5205.217,7667.638,5809.558,6573.909,12537.750,11632.352,7536.625,6769.062,6836.854
209,6152.571,6962.760,5212.517,7695.275,5826.197,6584.545,12507.750,11599.784,7562.312,6796.156,6810.160
210,6164.372,6983.586,5200.983,7708.788,5837.295,6604.636,12465.833,11600.352,7627.562,6728.500,6769.040
211,6131.029,6966.160,5180.683,7715.812,5821.639,6650.818,12482.750,11598.433,7574.750,6726.188,6795.894
212,6148.486,6955.586,5170.200,7680.625,5817.541,6580.364,12461.833,11635.135,7602.312,6760.219,6783.813
213,6144.128,6984.547,5195.033,7699.513,5832.262,6635.545,12395.583,11655.297,7550.062,6677.375,6759.667
214,6123.186,6980.427,5184.167,7682.013,5828.459,6655.091,12406.833,11604.514,7602.188,6724.094,6768.013
215,6133.643,6994.907,5195.283,7701.625,5826.131,6650.455,12539.667,11568.135,7588.438,6707.594,6719.427
216,6107.429,6993.653,5203.917,7712.112,5819.541,6713.909,12569.167,11556.514,7601.812,6727.500,6749.493
217,6104.229,6989.907,5182.533,7719.300,5838.295,6676.000,12555.333,11517.054,7580.188,6726.500,6736.360
218,6106.943,6975.013,5177.983,7742.600,5858.902,6730.455,12655.917,11498.216,7615.562,6734.562,6729.414
219,6079.386,6980.307,5179.633,7767.525,5829.377,6697.273,12602.083,11516.892,7581.625,6734.594,6715.987
220,6123.571,6991.293,5167.867,7801.500,5821.017,6726.000,12490.667,11491.135,7624.188,6716.188,6701.907
221,6090.529,6980.000,5190.300,7795.487,5816.476,6736.545,12568.667,11512.324,7624.438,6729.219,6700.813
222,6088.771,6961.427,5150.517,7779.000,5803.688,6782.909,12600.083,11426.729,7596.125,6692.281,6680.053
223,6086.128,6992.120,5152.133,7769.888,5828.295,6762.364,12525.000,11468.973,7596.750,6714.375,6705.787
224,6061.200,6952.907,5168.417,7777.825,5844.918,6714.455,12562.250,11476.946,7598.750,6750.000,6684.374
225,6061.886,6962.840,5166.650,7764.038,5807.541,6735.909,12611.667,11432.919,7625.812,6656.844,6672.467
226,6080.729,6988.733,5160.383,7767.100,5841.115,6747.364,12611.750,11485.946,7644.812,6656.906,6663.773
227,6107.514,6995.480,5148.950,7759.888,5819.377,6777.545,12493.417,11459.216,7604.375,6638.219,6654.133
228,6072.557,7003.106,5131.550,7770.163,5827.918,6769.818,12624.250,11433.729,7607.000,6665.344,6669.933
229,6072.857,6971.707,5116.883,7791.388,5820.082,6781.818,12604.750,11488.271,7632.250,6579.906,6654.040
230,6063.500,6978.720,5133.983,7785.475,5798.410,6758.455,12543.000,11433.541,7625.375,6629.656,6621.453
231,6043.186,6946.840,5112.983,7792.700,5805.033,6744.364,12440.667,11420.784,7609.312,6613.156,6620.973
232,6067.557,6972.453,5120.367,7823.013,5811.312,6754.091,12501.583,11467.352,7542.562,6582.781,6612.013
233,6056.386,6981.973,5123.517,7820.712,5791.279,6636.727,12445.083,11407.486,7557.500,6577.469,6582.440
234,6061.786,6970.787,5093.267,7810.400,5802.098,6632.182,12590.333,11420.892,7542.812,6562.531,6588.987
235,6080.814,6971.253,5112.467,7816.013,5796.377,6653.273,12510.333,11443.486,7521.312,6505.125,6559.920
236,6054.429,6970.733,5102.067,7793.250,5812.902,6696.909,12448.417,11414.784,7573.938,6512.312,6552.093
237,6055.243,6967.787,5080.267,7813.825,5791.885,6720.636,12418.750,11419.946,7507.125,6505.406,6546.586
238,6057.200,6960.720,5077.733,7813.075,5762.197,6645.636,12391.500,11439.865,7531.688,6467.031,6544.533
239,6065.329,6965.173,5072.683,7820.263,5778.754,6665.545,12475.583,11392.676,7496.125,6486.906,6524.586
240,6064.457,6955.146,5065.817,7802.862,5775.639,6621.182,12418.167,11433.405,7503.625,6502.188,6516.493
241,6064.029,6951.653,5063.117,7819.275,5792.131,6671.091,12455.833,11367.027,7576.125,6465.156,6499.374
242,6063.814,6953.573,5058.017,7843.175,5762.869,6614.455,12386.500,11405.405,7551.938,6422.188,6501.000
243,6046.214,6925.080,5036.667,7834.788,5765.246,6621.000,12421.833,11381.919,7482.938,6448.969,6489.613
244,6033.700,6947.093,5051.283,7871.350,5790.262,6640.909,12366.750,11389.486,7527.625,6439.750,6470.586
245,6018.128,6934.120,5009.050,7856.650,5763.229,6632.818,12417.750,11365.595,7520.125,6431.875,6476.013
246,6029.343,6911.680,5038.950,7866.475,5777.377,6636.182,12392.167,11377.324,7527.312,6415.031,6465.733
247,6030.171,6943.947,4998.433,7841.413,5770.131,6659.455,12305.417,11348.000,7511.500,6398.688,6430.840
248,6038.557,6928.760,5007.433,7867.275,5760.902,6599.727,12349.250,11405.486,7507.312,6452.594,6402.080
249,6021.029,6934.520,4979.767,7836.788,5792.328,6625.818,12299.833,11371.648,7529.375,6397.500,6406.480
250,6030.100,6951.053,4974.283,7813.800,5745.869,6578.182,12366.500,11372.243,7538.125,6366.250,6398.520
251,6045.443,6947.467,4976.233,7805.725,5736.754,6662.545,12340.750,11323.135,7495.250,6405.281,6401.253
252,6027.671,6908.106,4964.500,7789.850,5729.590,6646.000,12277.750,11368.595,7518.125,6380.281,6415.093
253,6037.771,6932.667,4966.217,7787.288,5736.459,6630.455,12370.250,11316.378,7480.938,6384.344,6381.320
254,5990.886,6896.973,4958.950,7780.275,5726.442,6623.273,12309.917,11333.514,7543.438,6393.000,6395.027
255,6021.729,6909.547,4940.633,7833.975,5744.394,6574.545,12285.833,11333.405,7501.875,6339.938,6377.653
256,5992.872,6931.253,4944.667,7836.062,5738.738,6582.727,12246.250,11314.729,7471.875,6253.875,6370.480
257,5995.857,6913.880,4922.433,7833.125,5734.721,6600.182,12301.167,11308.054,7513.000,6297.688,6355.907
258,5987.257,6892.813,4934.717,7846.275,5745.131,6663.909,12245.500,11332.405,7490.250,6325.844,6353.427
259,5998.872,6908.680,4900.517,7859.712,5746.426,6595.545,12206.500,11323.135,7538.875,6295.469,6343.387
260,5982.857,6922.613,4922.100,7852.775,5717.672,6623.636,12238.917,11299.838,7503.812,6297.875,6320.360
261,5978.457,6906.160,4900.700,7828.288,5720.787,6615.000,12344.083,11270.622,7497.438,6330.094,6312.653
262,5982.814,6937.133,4900.333,7812.900,5728.590,6617.727,12385.250,11278.486,7502.500,6282.094,6304.507
263,5982.343,6893.827,4899.383,7864.737,5710.377,6652.364,12275.250,11265.648,7532.375,6305.875,6308.880
264,5992.029,6912.453,4873.767,7822.913,5732.426,6617.727,12264.667,11278.757,7532.938,6309.688,6270.414
265,5984.214,6896.080,4871.617,7869.913,5737.213,6618.545,12207.500,11273.054,7446.000,6269.375,6299.293
266,5959.829,6905.854,4868.733,7852.587,5717.312,6616.636,12241.250,11231.919,7453.500,6243.375,6259.307
267,5998.857,6896.067,4843.417,7906.862,5725.065,6597.455,12285.583,11255.541,7455.938,6283.812,6260.800
268,5996.657,6902.840,4847.633,7901.925,5707.590,6585.818,12322.833,11211.757,7486.938,6270.938,6268.827
269,5983.400,6897.453,4825.033,7893.525,5709.771,6654.000,12275.583,11253.514,7483.438,6301.062,6248.733
270,5987.643,6865.280,4844.117,7855.712,5700.131,6605.909,12184.083,11246.081,7511.312,6265.906,6245.586
271,5944.714,6887.120,4827.850,7804.138,5715.017,6569.000,12201.917,11217.973,7445.688,6240.156,6239.160
272,5950.614,6873.146,4823.583,7794.300,5699.459,6592.091,12196.250,11220.324,7424.562,6244.250,6219.800
273,5946.872,6919.333,4805.717,7795.388,5683.361,6587.091,12238.750,11251.027,7460.938,6245.062,6213.067
274,5961.914,6891.813,4801.617,7775.850,5681.197,6635.545,12263.667,11179.271,7529.438,6194.750,6202.453
275,5957.471,6881.333,4799.267,7800.350,5688.476,6572.545,12245.583,11177.189,7464.062,6190.094,6212.973
276,5936.614,6861.414,4781.433,7818.875,5686.147,6603.909,12179.750,11144.676,7471.750,6228.719,6205.827
277,5920.343,6893.613,4795.983,7817.200,5677.639,6559.818,12176.750,11169.081,7469.125,6211.688,6195.747
278,5932.543,6884.507,4773.950,7818.300,5678.672,6545.545,12277.833,11117.405,7453.125,6196.375,6187.773
279,5917.457,6907.747,4756.567,7789.125,5703.361,6638.909,12108.750,11120.378,7468.875,6188.125,6185.653
280,5909.843,6872.146,4760.950,7801.413,5686.197,6613.364,12311.833,11177.595,7442.500,6257.844,6156.547
281,5924.000,6864.947,4745.583,7814.763,5690.147,6542.909,12137.917,11140.838,7491.000,6196.875,6139.106
282,5924.571,6868.747,4729.683,7839.700,5671.558,6519.636,12177.167,11122.811,7432.375,6198.719,6140.027
283,5912.957,6879.187,4747.650,7818.038,5684.836,6525.636,12193.333,11071.108,7488.312,6189.562,6140.173
284,5931.671,6836.547,4713.483,7848.837,5681.426,6504.182,12150.833,11141.405,7421.375,6211.500,6125.947
285,5878.200,6881.787,4719.200,7861.775,5667.935,6585.273,12144.333,11113.081,7442.375,6155.750,6118.586
286,5924.557,6875.027,4692.150,7838.000,5686.213,6536.364,12178.500,11040.297,7444.438,6196.125,6135.854
287,5901.200,6867.573,4685.367,7861.962,5688.180,6514.091,12142.833,11074.622,7478.062,6126.438,6133.307
288,5887.886,6855.573,4694.200,7889.788,5653.426,6508.727,12081.833,11028.189,7434.250,6148.125,6135.547
289,5881.872,6864.960,4686.900,7904.763,5644.590,6518.182,12074.250,11073.352,7498.438,6104.688,6134.600
290,5919.400,6858.547,4691.150,7916.200,5662.033,6477.727,12088.083,11113.243,7456.875,6137.156,6135.493
291,5882.843,6848.626,4671.517,7928.425,5665.065,6550.909,12017.750,11058.054,7421.312,6145.281,6095.013
292,5870.171,6851.787,4652.617,7913.975,5642.951,6513.727,12174.333,11044.108,7425.812,6124.125,6077.854
293,5897.386,6860.133,4677.033,7891.987,5632.492,6528.455,12162.333,11055.811,7503.125,6133.594,6071.747
294,5893.186,6873.653,4657.367,7868.425,5612.394,6549.273,12119.750,11071.352,7373.562,6109.594,6073.747
295,5884.414,6857.573,4655.483,7866.013,5629.820,6591.818,12101.417,10982.378,7435.000,6150.969,6080.027
296,5901.229,6853.080,4661.433,7879.962,5644.476,6506.909,12108.667,11049.405,7411.625,6088.125,6072.787
297,5879.943,6821.000,4632.283,7838.788,5645.049,6518.455,12134.167,11037.108,7441.000,6088.625,6074.253
298,5885.729,6850.854,4638.050,7829.638,5636.983,6522.000,12109.667,11005.135,7455.500,6044.938,6061.813
299,5844.157,6836.400,4629.650,7829.750,5651.394,6489.636,12072.000,10974.865,7412.938,6004.812,6081.280
300,5874.500,6847.747,4644.650,7826.050,5642.065,6488.818,12064.583,10977.595,7404.688,6079.062,6056.600
301,5864.014,6842.733,4636.433,7832.362,5617.705,6612.273,12130.583,10972.459,7435.562,6065.281,6046.813
302,5850.872,6842.347,4649.617,7851.425,5649.164,6583.273,11979.250,10976.946,7385.125,6045.906,6043.760
303,5872.757,6839.200,4647.917,7835.300,5623.147,6556.182,12130.417,10936.514,7398.000,6041.719,6024.773
304,5870.086,6833.213,4632.817,7853.163,5633.869,6551.364,12060.167,10941.000,7385.188,6054.875,6016.200
305,5871.128,6843.693,4622.533,7857.675,5625.147,6465.818,12133.750,10936.729,7352.625,6009.750,6021.480
306,5859.814,6848.440,4619.700,7803.625,5650.721,6510.455,12106.333,10924.216,7393.312,6023.938,6024.667
307,5857.000,6852.093,4602.083,7778.550,5605.738,6500.091,12052.583,10928.135,7362.062,6049.656,6015.626
308,5857.914,6827.146,4607.950,7749.825,5626.344,6519.455,12005.083,10924.865,7359.750,6005.594,6008.293
309,5849.071,6831.253,4597.333,7693.325,5637.853,6525.636,11983.333,10892.486,7346.188,6040.000,5992.560
310,5864.657,6825.680,4591.367,7679.575,5606.590,6510.545,11987.000,10876.784,7425.500,6031.438,5983.960
311,5834.329,6791.493,4577.083,7665.138,5617.213,6527.273,12006.583,10859.648,7332.688,6011.531,5976.200
312,5852.400,6819.626,4579.300,7695.038,5608.377,6503.818,12014.500,10899.000,7359.062,6003.500,5998.733
313,5858.400,6814.053,4545.700,7660.362,5582.213,6529.818,12095.750,10882.216,7349.750,6016.719,5951.307
314,5821.243,6807.800,4561.717,7657.050,5605.918,6506.182,11981.750,10850.189,7416.500,5982.188,5956.840
315,5846.186,6808.987,4572.317,7594.013,5607.049,6483.091,12016.167,10879.135,7314.125,5982.500,5948.680
316,5846.300,6784.040,4568.750,7608.438,5608.508,6524.545,11974.667,10903.135,7298.688,5986.625,5967.693
317,5846.128,6812.253,4549.850,7600.625,5602.000,6521.909,11932.917,10855.892,7355.812,5988.781,5959.933
318,5809.471,6792.947,4562.933,7579.837,5593.524,6502.909,11957.583,10816.892,7371.500,5941.375,5955.626
319,5834.900,6790.520,4516.450,7581.775,5608.688,6475.182,12012.917,10807.595,7337.062,5952.188,5946.427
320,5813.657,6781.533,4520.867,7563.025,5594.524,6465.091,12062.583,10800.108,7336.000,5974.375,5949.800
321,5812.872,6797.080,4531.617,7565.050,5615.312,6522.000,11977.667,10791.297,7343.062,5944.656,5954.080
322,5815.657,6812.586,4515.133,7573.413,5583.131,6538.636,12052.417,10796.595,7344.625,5945.500,5916.200
323,5811.143,6799.333,4514.967,7561.775,5611.017,6510.818,11942.667,10781.919,7296.375,6003.656,5921.414
324,5806.300,6812.387,4513.017,7531.263,5588.147,6505.000,11997.500,10816.027,7303.875,5962.594,5906.027
325,5839.429,6780.667,4503.600,7591.625,5586.033,6538.091,11975.833,10769.703,7299.188,5981.656,5913.613
326,5807.286,6784.907,4504.367,7602.300,5611.442,6498.455,11933.250,10762.216,7322.562,6019.156,5905.787
327,5805.557,6788.067,4501.233,7568.587,5574.033,6465.182,11954.667,10742.567,7282.375,5945.938,5923.653
328,5790.343,6782.613,4497.950,7600.425,5600.180,6498.636,11950.583,10770.973,7326.625,5960.312,5929.747
329,5803.486,6789.400,4497.100,7622.513,5582.312,6459.818,12005.000,10720.757,7317.062,6022.719,5908.867
330,5808.128,6782.533,4482.983,7639.625,5581.590,6460.818,11984.167,10762.973,7295.812,5949.938,5894.067
331,5789.257,6764.907,4476.300,7692.650,5557.771,6475.636,11839.750,10706.811,7263.000,5950.750,5902.453
332,5775.471,6790.840,4485.950,7656.388,5559.164,6496.818,11901.250,10767.729,7291.438,6001.000,5894.120
333,5779.514,6792.480,4476.400,7665.163,5583.197,6502.364,11903.250,10745.216,7209.438,5932.875,5889.747
334,5775.214,6770.360,4487.183,7689.225,5572.442,6493.545,11853.167,10669.135,7331.000,5941.344,5869.840
335,5772.886,6783.907,4477.400,7715.500,5552.312,6468.818,11879.083,10708.595,7286.188,5966.594,5885.387
336,5769.943,6772.133,4472.233,7723.225,5573.541,6456.182,11853.167,10686.567,7277.125,5938.625,5859.347
337,5765.029,6778.120,4483.850,7732.500,5552.639,6460.455,11913.333,10740.811,7280.375,5929.969,5852.320
338,5772.243,6749.320,4466.400,7723.337,5561.558,6513.364,11859.333,10697.433,7279.938,5935.438,5849.213
339,5746.857,6762.053,4439.633,7772.788,5559.885,6522.273,11865.250,10662.946,7305.438,5930.406,5840.307
340,5736.971,6743.333,4465.583,7773.362,5549.197,6432.182,11943.500,10669.378,7221.938,5947.531,5855.600
341,5750.414,6754.253,4453.817,7758.700,5567.492,6460.182,11814.250,10685.297,7301.812,5916.188,5854.347
342,5776.429,6759.773,4461.000,7774.475,5541.344,6474.455,11865.417,10685.514,7255.750,5920.375,5838.280
343,5753.143,6770.813,4442.267,7766.625,5557.000,6473.455,11772.750,10650.243,7218.812,5879.344,5834.933
344,5746.300,6774.267,4435.950,7804.500,5564.098,6436.455,11882.667,10638.514,7208.500,5917.062,5819.933
345,5745.157,6766.613,4447.067,7776.487,5581.885,6379.364,11867.083,10623.324,7195.938,5888.125,5833.133
346,5757.671,6720.707,4444.583,7748.438,5543.623,6436.091,11827.750,10640.352,7206.688,5879.875,5792.360
347,5747.857,6739.000,4461.500,7722.013,5580.197,6473.818,11750.167,10628.784,7248.188,5918.125,5830.560
348,5751.243,6730.840,4435.983,7675.138,5564.426,6437.909,11791.667,10574.514,7222.375,5870.188,5811.840
349,5734.843,6758.280,4423.183,7722.625,5545.983,6446.818,11805.000,10571.648,7251.438,5874.312,5795.106
350,5727.443,6733.707,4430.283,7738.013,5539.951,6404.091,11855.500,10573.676,7255.000,5907.375,5804.987
351,5741.071,6744.933,4423.800,7712.638,5537.508,6437.273,11766.750,10558.189,7209.500,5874.469,5807.840
352,5722.714,6738.027,4425.083,7714.812,5543.935,6447.455,11879.250,10531.081,7109.125,5866.969,5781.253
353,5720.386,6726.146,4436.767,7700.462,5533.574,6456.091,11803.167,10540.135,7220.125,5885.062,5782.747
354,5728.529,6745.227,4417.817,7711.425,5550.885,6496.091,11730.917,10563.811,7227.562,5899.156,5782.640
355,5709.543,6751.493,4425.883,7699.950,5523.672,6449.909,11806.583,10515.162,7217.812,5832.344,5784.653
356,5736.900,6726.080,4413.417,7646.038,5540.197,6442.636,11830.167,10512.189,7170.062,5855.156,5794.227
357,5702.943,6700.773,4414.400,7621.038,5547.558,6457.091,11733.333,10513.271,7114.375,5847.906,5781.586
358,5706.086,6713.840,4400.400,7626.663,5532.229,6467.364,11741.167,10498.648,7189.688,5809.062,5783.773
359,5709.957,6730.467,4428.067,7652.400,5553.885,6451.818,11676.833,10508.081,7171.938,5801.688,5769.440
360,5716.829,6721.733,4397.250,7622.350,5534.656,6437.636,11781.333,10482.676,7178.688,5819.281,5775.040
361,5685.671,6703.827,4402.400,7687.612,5516.410,6424.636,11718.083,10493.486,7111.000,5809.344,5750.907
362,5688.114,6713.827,4392.983,7681.987,5517.017,6477.455,11716.917,10459.000,7089.000,5844.156,5754.453
363,5675.843,6694.907,4413.483,7708.038,5513.229,6461.818,11703.333,10470.243,7168.438,5811.156,5764.840
364,5701.900,6719.493,4391.333,7692.100,5515.721,6463.273,11672.750,10457.352,7153.438,5830.469,5766.027
365,5683.214,6717.146,4403.533,7729.750,5525.328,6397.000,11631.667,10469.459,7152.375,5810.375,5753.520
366,5695.628,6706.600,4382.250,7715.050,5498.049,6429.455,11732.833,10448.405,7145.125,5793.406,5746.547
367,5659.443,6711.267,4407.467,7731.263,5505.476,6387.364,11641.250,10466.297,7192.812,5770.031,5735.013
368,5682.686,6704.240,4367.067,7761.587,5526.672,6400.545,11630.500,10424.216,7143.188,5802.156,5708.013
369,5660.529,6699.667,4389.400,7735.150,5518.853,6419.455,11668.500,10456.054,7116.875,5783.656,5694.640
370,5646.243,6704.227,4383.867,7814.700,5530.017,6465.545,11636.000,10423.838,7128.625,5773.812,5719.293
371,5647.786,6684.707,4379.517,7776.688,5508.377,6408.727,11692.167,10462.838,7103.562,5765.656,5707.240
372,5662.957,6714.120,4401.533,7821.062,5479.885,6354.818,11690.000,10390.757,7137.750,5710.750,5683.720
373,5628.329,6697.080,4404.250,7832.600,5508.688,6370.727,11625.833,10409.514,7098.938,5739.594,5697.880
374,5667.014,6678.427,4401.067,7812.700,5514.180,6437.909,11612.417,10435.865,7130.188,5808.750,5694.027
375,5663.614,6698.653,4395.467,7818.812,5511.344,6392.091,11576.000,10368.000,7073.875,5786.031,5708.293
376,5622.157,6711.707,4382.900,7748.013,5504.246,6426.273,11623.583,10379.108,7120.438,5726.312,5687.493
377,5640.357,6692.827,4405.067,7723.487,5522.410,6419.909,11593.250,10285.162,7059.375,5757.812,5696.320
378,5645.614,6703.880,4400.733,7694.263,5496.164,6399.455,11614.750,10348.324,7100.750,5736.188,5675.720
379,5642.657,6694.013,4379.717,7730.125,5498.476,6411.364,11626.250,10359.865,7101.750,5706.688,5681.907
380,5643.600,6694.920,4390.317,7714.300,5510.147,6441.636,11531.917,10356.946,7097.875,5711.312,5658.760
381,5609.200,6658.307,4387.600,7725.987,5490.098,6450.273,11555.417,10311.271,7040.062,5737.375,5662.400
382,5603.771,6700.947,4397.950,7742.688,5508.246,6379.909,11559.917,10285.973,7064.938,5733.469,5656.414
383,5624.314,6658.400,4376.400,7729.763,5480.492,6398.091,11510.833,10321.271,7049.562,5718.719,5638.493
384,5625.500,6655.680,4382.617,7705.312,5499.541,6418.727,11561.250,10267.648,7055.625,5698.688,5657.613
385,5616.886,6663.800,4403.300,7710.638,5492.394,6413.091,11530.167,10268.838,7010.000,5723.500,5640.280
386,5603.400,6663.894,4366.683,7743.425,5491.033,6406.091,11643.083,10265.865,7046.188,5676.562,5638.920
387,5617.171,6653.240,4364.450,7712.888,5486.754,6373.636,11497.917,10246.622,7025.188,5669.562,5619.747
388,5585.857,6644.067,4377.150,7729.388,5481.688,6433.727,11603.000,10319.838,7033.312,5626.250,5638.933
389,5590.100,6663.013,4378.217,7763.650,5504.524,6377.727,11498.667,10255.729,7113.688,5615.781,5633.414
390,5575.500,6634.387,4371.600,7735.763,5448.558,6343.364,11505.417,10232.216,7026.188,5702.406,5644.120
391,5578.700,6656.493,4379.000,7772.062,5469.721,6404.727,11516.167,10264.216,7048.438,5687.000,5630.173
392,5578.586,6662.146,4365.333,7768.138,5473.131,6377.091,11458.333,10258.271,6988.062,5635.656,5619.280
393,5603.143,6642.173,4373.300,7759.250,5477.721,6384.364,11484.750,10251.271,7082.688,5657.406,5610.427
394,5590.686,6653.933,4380.850,7796.587,5479.344,6385.727,11510.583,10208.811,7018.625,5638.062,5620.440
395,5580.529,6647.667,4350.517,7772.875,5465.754,6376.273,11457.500,10230.892,7046.938,5633.594,5597.667
396,5589.500,6645.693,4369.850,7738.237,5465.295,6403.909,11524.917,10215.973,7017.438,5611.188,5593.080
397,5566.486,6647.173,4383.550,7772.275,5459.229,6407.091,11476.000,10201.919,7037.875,5585.531,5601.600
398,5570.186,6655.800,4362.750,7772.562,5460.017,6373.909,11413.583,10207.352,7035.562,5570.219,5591.800
399,5572.286,6644.907,4382.533,7768.375,5449.442,6407.636,11466.583,10216.081,6988.188,5604.812,5610.747
400,5573.614,6654.106,4382.150,7781.200,5461.574,6381.182,11372.583,10169.054,7002.250,5653.156,5612.520
401,5550.071,6652.987,4371.800,7798.837,5457.426,6379.545,11375.500,10180.838,7010.000,5635.031,5570.160
402,5561.400,6640.626,4368.300,7782.400,5449.476,6352.182,11427.833,10210.946,7009.938,5684.438,5586.973
403,5558.386,6613.933,4363.767,7764.112,5432.361,6416.818,11468.167,10200.135,6989.562,5638.781,5590.760
404,5540.814,6641.387,4363.850,7768.350,5424.459,6356.000,11437.417,10170.892,7010.125,5612.688,5568.067
405,5544.471,6646.374,4376.100,7764.000,5437.738,6378.364,11445.000,10178.271,6912.438,5607.062,5576.880
406,5522.857,6631.267,4360.900,7708.825,5423.049,6374.636,11406.917,10179.703,6962.062,5607.938,5565.813
407,5523.671,6643.053,4358.017,7770.650,5431.361,6408.455,11384.000,10111.162,6955.688,5610.469,5564.173
408,5532.729,6643.106,4361.217,7755.525,5420.377,6388.091,11350.750,10125.054,6984.562,5624.188,5527.293
409,5548.457,6618.467,4374.783,7734.888,5444.771,6361.545,11318.333,10108.081,6953.250,5634.281,5545.613
410,5523.657,6635.187,4369.517,7766.750,5431.312,6407.636,11390.917,10111.243,6970.000,5588.750,5546.333
411,5511.771,6634.987,4371.750,7786.538,5431.524,6378.636,11374.833,10046.271,6931.188,5650.406,5506.040
412,5531.586,6613.973,4374.583,7766.763,5410.967,6378.455,11340.917,10062.595,7019.875,5616.469,5525.067
413,5510.843,6613.720,4367.700,7722.987,5408.344,6461.000,11373.667,10069.648,6866.875,5629.469,5530.933
414,5501.372,6626.707,4367.567,7698.925,5435.803,6377.182,11395.250,10102.027,6900.625,5689.500,5531.293
415,5511.543,6618.187,4355.217,7725.475,5401.672,6389.091,11340.000,10052.162,6882.938,5633.375,5505.053
416,5496.729,6609.467,4377.583,7729.312,5417.394,6361.727,11405.750,10063.054,6886.875,5622.969,5516.733
417,5494.157,6622.600,4378.217,7677.350,5402.508,6371.636,11384.250,10071.108,6894.812,5652.812,5500.547
418,5511.843,6607.827,4359.567,7669.800,5401.213,6386.727,11327.917,10017.324,6923.812,5608.000,5501.240
419,5492.214,6632.760,4379.083,7705.612,5387.492,6381.818,11268.417,9993.946,6893.875,5599.188,5486.533
420,5467.100,6607.747,4375.517,7725.075,5398.918,6395.545,11308.417,10039.297,6916.500,5586.562,5490.586
421,5480.357,6610.613,4340.767,7713.712,5397.279,6335.727,11316.667,9994.514,6905.312,5626.312,5467.773
422,5462.571,6619.586,4361.483,7701.525,5391.065,6394.545,11256.917,9983.703,6896.188,5580.125,5462.106
423,5478.514,6608.920,4344.317,7738.087,5378.853,6321.091,11249.333,10005.081,6864.688,5538.406,5451.507
424,5462.914,6574.560,4348.233,7708.000,5390.508,6385.909,11255.250,9944.405,6855.688,5552.688,5461.200
425,5476.128,6577.414,4357.400,7742.663,5390.229,6351.545,11264.250,9937.378,6857.188,5505.656,5446.293
426,5453.200,6596.240,4347.950,7775.725,5391.656,6419.909,11207.917,9937.757,6836.125,5530.281,5448.720
427,5450.843,6577.867,4366.683,7699.375,5387.180,6403.182,11235.167,9928.459,6805.375,5522.656,5443.560
428,5446.486,6590.973,4354.483,7683.263,5384.000,6344.091,11229.417,9921.919,6800.625,5479.562,5436.947
429,5435.414,6577.653,4369.817,7675.550,5373.017,6324.182,11195.000,9881.838,6833.188,5483.281,5414.307
430,5456.286,6579.440,4355.950,7629.688,5370.476,6335.545,11242.583,9880.162,6824.375,5481.125,5429.667
431,5442.543,6567.867,4343.817,7625.763,5363.279,6394.364,11238.750,9886.892,6811.812,5453.344,5420.253
432,5428.643,6570.640,4349.717,7566.913,5378.312,6333.182,11169.167,9904.054,6876.312,5411.531,5409.400
433,5465.229,6557.240,4355.667,7546.538,5351.590,6315.636,11145.667,9873.973,6785.438,5420.188,5407.920
434,5419.886,6559.533,4358.667,7505.462,5368.312,6294.091,11140.583,9842.567,6872.125,5441.531,5432.414
435,5443.200,6570.626,4339.533,7516.487,5363.787,6367.000,11174.833,9837.838,6795.562,5462.156,5425.267
436,5416.329,6564.507,4322.833,7526.688,5371.017,6298.000,11117.667,9869.352,6769.625,5469.938,5380.146
437,5418.714,6575.374,4329.917,7525.388,5348.476,6328.000,11153.833,9808.054,6799.750,5529.969,5404.493
438,5391.500,6560.067,4343.533,7527.300,5341.492,6320.364,11093.667,9840.352,6842.750,5502.562,5392.573
439,5399.914,6548.467,4371.367,7568.825,5349.262,6336.545,11128.250,9824.405,6793.750,5518.719,5375.880
440,5402.128,6560.440,4344.883,7579.112,5333.197,6354.364,11125.583,9775.892,6782.938,5490.062,5376.653
441,5394.429,6567.053,4337.500,7536.788,5360.983,6287.182,11078.417,9770.162,6768.250,5443.250,5382.347
442,5405.171,6541.894,4349.633,7518.325,5345.623,6369.455,11118.750,9732.378,6778.000,5506.562,5370.493
443,5420.400,6550.973,4348.883,7559.650,5328.885,6362.000,11070.750,9765.514,6717.938,5493.188,5362.347
444,5393.000,6568.667,4354.650,7549.638,5315.803,6359.273,11044.750,9738.486,6733.562,5436.344,5355.560
445,5421.086,6542.613,4357.717,7529.487,5323.246,6313.636,11078.167,9742.378,6795.250,5531.812,5351.920
446,5388.500,6568.626,4366.383,7583.225,5313.361,6319.364,11121.333,9705.081,6744.938,5497.219,5355.547
447,5376.657,6544.987,4342.433,7568.625,5344.033,6309.909,11028.917,9768.216,6702.562,5475.000,5343.720
448,5405.057,6534.520,4360.400,7578.038,5316.394,6262.273,11094.750,9703.162,6767.062,5476.781,5330.760
449,5386.186,6542.520,4333.383,7585.600,5309.590,6255.364,11027.750,9681.811,6722.500,5471.875,5350.640
450,5343.986,6540.787,4359.350,7608.913,5319.902,6286.818,10996.167,9672.946,6700.375,5418.531,5330.106
451,5367.443,6531.146,4337.267,7568.375,5295.508,6252.364,10973.333,9659.189,6713.250,5404.562,5315.880
452,5348.500,6569.560,4349.567,7620.138,5302.902,6282.455,10934.500,9651.892,6766.875,5397.500,5294.427
453,5339.200,6537.600,4336.983,7630.138,5307.098,6286.364,11037.083,9645.648,6644.000,5386.719,5333.387
454,5369.100,6545.987,4359.617,7607.925,5305.656,6246.091,10978.750,9650.946,6712.875,5351.969,5311.653
455,5343.586,6526.027,4341.533,7587.987,5280.574,6255.455,10993.833,9646.648,6676.375,5335.812,5297.707
456,5344.057,6537.560,4345.967,7559.275,5273.049,6246.000,10979.917,9611.729,6641.125,5320.125,5280.613
457,5329.457,6524.760,4321.167,7519.725,5265.394,6268.091,11002.917,9627.811,6631.688,5352.938,5284.200
458,5313.614,6525.907,4346.267,7555.425,5277.983,6283.455,10986.250,9612.919,6674.812,5382.844,5298.573
459,5305.900,6537.080,4322.717,7579.212,5273.983,6263.909,10872.417,9629.027,6634.688,5371.938,5292.573
460,5309.729,6496.453,4333.300,7568.013,5285.590,6258.636,10839.917,9540.973,6655.312,5399.906,5280.374
461,5333.757,6525.960,4362.967,7606.862,5266.606,6244.818,10957.000,9533.676,6633.500,5375.875,5282.920
462,5320.886,6543.093,4307.850,7610.212,5267.508,6235.273,10843.833,9600.973,6654.938,5368.531,5275.133
463,5323.186,6510.027,4327.183,7598.275,5274.426,6243.091,10874.250,9533.865,6605.688,5371.562,5275.280
464,5311.500,6523.613,4346.517,7577.550,5233.639,6284.545,10929.083,9531.946,6588.750,5357.469,5259.880
465,5291.729,6502.374,4338.983,7618.263,5260.951,6245.636,10841.667,9523.676,6660.812,5340.500,5234.440
466,5300.372,6508.667,4329.000,7622.263,5270.394,6241.000,10862.750,9500.567,6648.875,5318.250,5257.360
467,5305.314,6515.813,4344.583,7619.212,5229.902,6193.455,10961.750,9477.838,6632.500,5312.219,5240.653
468,5293.029,6514.680,4326.983,7642.337,5233.787,6212.545,10926.500,9499.162,6611.000,5300.062,5254.933
469,5310.114,6505.960,4322.700,7624.462,5211.639,6259.455,10883.167,9485.676,6553.375,5297.812,5244.106
470,5283.700,6485.333,4325.967,7613.950,5226.131,6217.091,10959.333,9452.433,6594.500,5308.906,5228.653
471,5281.771,6509.400,4332.200,7569.725,5246.377,6215.455,10838.333,9441.757,6638.750,5350.094,5221.867
472,5285.614,6499.347,4333.367,7553.812,5216.639,6231.727,10842.417,9442.541,6595.938,5353.938,5206.947
473,5259.086,6499.867,4332.817,7496.962,5219.410,6241.818,10818.917,9415.757,6596.562,5313.719,5208.067
474,5250.700,6497.854,4337.400,7527.062,5205.295,6214.273,10770.833,9426.514,6559.938,5343.906,5178.653
475,5246.000,6501.374,4324.450,7533.462,5216.508,6237.273,10800.417,9401.514,6576.500,5359.156,5217.613
476,5273.857,6487.067,4323.650,7526.663,5202.295,6232.545,10815.083,9359.892,6599.812,5364.906,5199.760
477,5252.986,6513.613,4334.200,7508.700,5202.820,6198.455,10769.333,9405.297,6577.375,5372.125,5195.040
478,5250.514,6466.106,4342.250,7498.538,5191.688,6212.000,10764.083,9370.486,6557.062,5382.125,5186.374
479,5256.514,6496.000,4335.100,7523.500,5214.688,6256.727,10789.333,9353.081,6556.250,5349.969,5204.173
480,5240.900,6503.333,4349.800,7537.763,5209.197,6249.182,10786.250,9347.919,6546.875,5353.688,5154.693
481,5247.114,6492.013,4339.217,7500.425,5180.983,6234.818,10702.833,9320.892,6541.312,5305.781,5193.600
482,5249.628,6485.200,4303.417,7528.013,5183.049,6267.545,10765.083,9337.162,6515.000,5350.781,5164.880
483,5266.157,6490.467,4327.167,7539.212,5162.705,6233.091,10716.083,9265.676,6486.938,5316.594,5169.573
484,5234.186,6458.560,4345.383,7522.825,5172.262,6241.909,10661.500,9281.216,6512.375,5293.125,5150.480
485,5238.486,6498.427,4342.700,7497.075,5172.000,6216.909,10704.417,9250.297,6506.562,5277.406,5171.013
486,5231.914,6485.213,4314.067,7503.475,5176.410,6239.636,10716.083,9228.622,6498.562,5220.125,5151.093
487,5213.014,6486.173,4322.383,7518.038,5175.623,6202.182,10591.500,9256.000,6535.000,5226.938,5153.787
488,5208.872,6456.160,4324.650,7518.712,5176.918,6135.364,10720.167,9200.595,6517.188,5234.219,5129.987
489,5208.128,6489.387,4328.550,7485.188,5171.065,6203.545,10618.500,9212.919,6488.375,5293.469,5148.773
490,5204.671,6472.733,4323.300,7533.800,5152.033,6191.364,10635.583,9172.567,6456.188,5301.312,5116.854
491,5195.414,6483.880,4329.017,7520.675,5167.590,6197.091,10666.833,9208.622,6471.125,5287.125,5131.080
492,5194.614,6455.680,4338.717,7531.650,5142.065,6197.818,10671.250,9197.000,6453.750,5304.594,5123.907
493,5201.914,6483.227,4311.683,7542.212,5142.000,6213.273,10615.750,9130.243,6488.250,5258.000,5115.507
494,5189.500,6466.653,4331.850,7552.050,5158.361,6215.636,10689.250,9135.243,6429.875,5217.469,5116.347
495,5181.957,6488.760,4353.917,7529.462,5130.885,6244.364,10638.167,9139.135,6444.625,5206.750,5111.586
496,5169.257,6470.667,4337.133,7504.625,5119.033,6232.000,10612.917,9098.459,6457.938,5191.938,5099.547
497,5178.557,6470.600,4332.950,7526.138,5133.508,6269.091,10579.083,9073.622,6440.250,5226.531,5099.573
498,5140.329,6463.854,4320.283,7573.175,5146.918,6223.455,10638.833,9045.378,6433.875,5218.875,5074.387
499,5141.114,6436.973,4328.967,7527.362,5120.606,6244.455,10562.667,9075.865,6443.875,5172.844,5084.760
500,5181.429,6475.854,4327.083,7531.475,5117.935,6284.636,10627.833,9026.189,6484.750,5190.406,5075.280
501,5154.128,6441.160,4327.100,7470.688,5133.541,6239.000,10590.750,9072.919,6436.750,5170.594,5057.987
502,5146.971,6456.253,4331.900,7425.913,5102.771,6292.091,10569.167,8989.135,6365.938,5198.219,5057.667
503,5147.357,6446.827,4320.450,7482.212,5106.803,6185.545,10499.083,9004.514,6376.000,5184.281,5041.067
504,5132.457,6481.227,4316.917,7474.962,5107.361,6235.000,10535.500,8928.216,6325.188,5177.938,5053.267
505,5138.529,6443.400,4330.250,7427.750,5096.279,6240.818,10534.333,8971.352,6382.875,5126.875,5045.453
506,5107.900,6450.693,4306.917,7431.450,5095.918,6222.636,10549.333,8954.054,6413.625,5180.062,5047.960
507,5110.900,6433.773,4333.800,7382.250,5079.229,6232.455,10420.000,8959.514,6319.188,5152.625,5012.200
508,5123.000,6439.626,4314.467,7358.900,5090.229,6178.545,10499.000,8914.595,6425.125,5153.469,5028.067
509,5125.314,6441.067,4324.267,7358.888,5070.508,6195.727,10552.083,8904.811,6361.688,5150.594,5008.747
510,5119.329,6436.813,4321.700,7322.987,5087.017,6228.000,10462.083,8862.514,6375.438,5136.969,5003.253
511,5106.800,6423.414,4335.950,7332.888,5063.065,6241.727,10530.167,8877.595,6357.625,5161.688,5016.907
512,5112.986,6454.387,4335.050,7349.587,5068.869,6181.545,10460.417,8824.486,6360.125,5160.156,5006.414
513,5101.357,6424.933,4342.367,7314.062,5053.836,6160.273,10418.083,8882.081,6301.938,5190.406,4996.987
514,5104.372,6431.480,4302.767,7292.413,5069.721,6192.545,10477.167,8848.378,6321.000,5187.344,4989.467
515,5083.400,6425.347,4325.683,7338.200,5044.164,6174.818,10515.083,8845.486,6313.812,5184.562,4987.053
516,5086.514,6424.533,4317.083,7368.525,5055.000,6200.273,10464.083,8836.486,6352.562,5129.688,4976.374
517,5077.586,6445.146,4324.733,7313.475,5051.508,6238.000,10484.750,8806.189,6283.000,5127.750,4968.667
518,5080.486,6423.813,4324.283,7263.550,5062.410,6134.909,10420.250,8774.027,6269.000,5149.812,4966.200
519,5088.400,6419.667,4299.917,7262.438,5028.869,6198.545,10354.250,8767.703,6314.125,5211.562,4961.640
520,5071.829,6407.987,4309.200,7212.175,5028.869,6194.545,10458.500,8751.865,6266.062,5208.188,4959.907
521,5070.471,6429.173,4303.767,7181.962,5018.771,6136.455,10362.833,8757.919,6269.312,5218.781,4949.293
522,5051.843,6414.987,4315.983,7226.700,5042.820,6190.636,10422.333,8736.027,6229.000,5177.406,4927.854
523,5073.257,6434.854,4322.533,7244.487,5036.426,6164.182,10328.333,8717.486,6249.688,5193.031,4942.160
524,5048.114,6411.827,4320.633,7236.650,5038.738,6169.182,10422.583,8667.297,6223.250,5186.719,4942.000
525,5063.529,6428.626,4326.817,7222.250,5021.476,6120.364,10376.000,8654.405,6210.375,5123.156,4928.146
526,5046.929,6411.920,4326.733,7204.850,5010.623,6182.909,10360.667,8618.946,6220.500,5122.750,4934.200
527,5019.200,6410.880,4326.233,7269.288,5036.049,6115.000,10276.000,8624.486,6196.438,5139.656,4920.600
528,5033.500,6407.267,4324.400,7226.812,5017.574,6114.636,10269.000,8624.703,6204.812,5183.375,4919.920
529,5051.386,6417.213,4320.750,7218.025,5008.672,6145.455,10284.417,8608.757,6171.812,5141.125,4891.307
530,5036.543,6441.626,4311.383,7252.375,5021.115,6194.727,10342.583,8631.162,6188.688,5148.531,4902.067
531,5032.357,6432.160,4326.483,7272.888,5000.492,6120.091,10196.083,8552.324,6181.125,5154.250,4893.200
532,5026.114,6411.787,4322.967,7266.200,5007.442,6196.273,10293.417,8588.433,6217.750,5198.469,4888.293
533,5016.286,6413.200,4334.467,7230.462,5013.918,6144.545,10365.750,8528.352,6189.375,5201.281,4893.187
534,5023.400,6414.640,4333.550,7247.550,4979.229,6123.727,10296.333,8550.514,6190.625,5183.000,4889.560
535,5001.671,6431.947,4319.233,7189.938,4997.344,6124.818,10241.333,8519.027,6178.125,5161.969,4876.720
536,4996.543,6444.067,4305.033,7133.725,4975.508,6226.727,10208.417,8498.541,6189.938,5144.031,4867.053
537,5009.857,6416.600,4319.300,7101.950,4990.721,6153.091,10290.167,8465.000,6201.062,5160.562,4870.240
538,4991.943,6429.067,4294.967,7129.163,4974.213,6160.545,10229.833,8493.271,6167.062,5152.000,4850.067
539,4998.600,6421.920,4294.233,7138.200,4962.197,6194.182,10214.167,8450.973,6140.938,5093.656,4844.307
540,5005.443,6398.187,4317.600,7119.600,4969.754,6120.909,10197.000,8426.297,6147.500,5131.156,4832.280
541,5000.971,6432.813,4313.083,7121.837,4958.065,6188.727,10101.000,8424.892,6138.750,5115.094,4826.787
542,4985.400,6406.573,4323.383,7092.925,4944.803,6145.364,10134.250,8395.486,6161.812,5085.500,4819.880
543,4986.014,6408.227,4321.233,7071.087,4968.180,6181.909,10218.167,8409.271,6168.875,5101.438,4806.787
544,4964.300,6409.440,4325.367,7029.150,4969.197,6182.636,10132.083,8364.378,6171.812,5148.750,4823.653
545,4975.071,6425.120,4313.000,6989.025,4948.180,6133.545,10153.583,8392.135,6085.938,5163.531,4826.440
546,4966.357,6406.133,4312.083,6965.038,4965.147,6062.545,10126.000,8386.216,6122.625,5154.938,4804.400
547,4971.329,6411.894,4330.717,7005.575,4966.476,6166.909,10277.833,8384.729,6096.625,5116.438,4775.787
548,4964.471,6400.693,4317.267,7030.862,4967.295,6169.364,10360.417,8373.189,6133.500,5161.938,4784.360
549,4947.943,6400.973,4308.000,6986.725,4956.394,6197.091,10307.083,8343.622,6115.125,5152.500,4807.013
550,4952.171,6422.240,4320.083,6983.750,4983.771,6206.909,10332.500,8329.271,6065.000,5146.688,4777.573
551,4947.300,6407.547,4319.717,6979.050,4986.623,6184.636,10316.000,8316.892,6079.000,5125.719,4766.933
552,4919.128,6390.374,4307.183,6928.312,4966.049,6185.182,10326.583,8323.595,6096.625,5113.219,4781.854
553,4927.429,6406.787,4322.133,6915.300,4960.476,6204.818,10301.417,8297.271,6100.750,5107.188,4754.013
554,4921.686,6383.626,4314.250,6935.375,4952.967,6196.455,10368.917,8292.433,6090.000,5105.781,4768.280
555,4940.729,6383.120,4314.617,7000.837,4961.180,6247.818,10300.583,8249.676,6076.438,5049.188,4752.560
556,4915.372,6410.973,4304.300,6972.188,4956.820,6193.091,10328.000,8298.729,6040.938,5077.719,4741.813
557,4918.229,6395.854,4316.100,6943.188,4951.639,6191.364,10254.750,8241.433,6091.000,5068.469,4724.867
558,4914.671,6385.520,4326.750,6930.812,4941.885,6245.000,10222.417,8225.838,6051.688,5061.375,4725.800
559,4915.643,6388.213,4321.617,6898.212,4925.492,6231.727,10285.333,8220.973,6047.688,5066.375,4734.600
560,4918.372,6392.213,4308.117,6887.875,4925.787,6184.727,10232.417,8249.162,6051.438,5081.156,4702.586
561,4931.729,6391.453,4320.100,6956.513,4928.558,6200.909,10288.333,8186.811,6058.875,5035.625,4706.547
562,4908.457,6365.586,4309.950,6967.250,4930.918,6120.909,10243.750,8165.622,5995.750,5040.219,4701.987
563,4901.814,6377.440,4303.650,6940.612,4934.541,6216.364,10188.667,8142.514,6004.062,5019.969,4711.133
564,4895.343,6376.267,4303.217,6905.938,4929.312,6172.182,10235.000,8155.622,5975.188,5029.812,4665.427
565,4884.729,6360.987,4340.650,6885.288,4926.672,6181.455,10191.167,8172.027,5993.812,5021.438,4681.613
566,4880.386,6375.040,4305.750,6878.062,4921.606,6100.273,10177.000,8129.459,6051.250,5047.875,4674.827
567,4901.943,6363.120,4311.233,6823.087,4886.344,6221.000,10169.167,8101.622,6018.750,5010.031,4649.053
568,4880.872,6352.106,4313.217,6867.612,4893.885,6128.727,10144.500,8133.297,6010.125,5000.250,4652.440
569,4890.714,6362.733,4322.450,6876.587,4921.115,6125.636,10106.583,8113.892,5982.875,5000.125,4677.933
570,4853.514,6386.200,4312.867,6887.475,4920.459,6144.273,10151.583,8059.946,6018.625,4964.000,4669.653
571,4874.900,6382.680,4317.500,6888.812,4913.606,6172.818,10080.583,8047.243,5976.312,4960.781,4645.800
572,4862.386,6353.880,4325.283,6829.638,4910.312,6161.091,10078.500,8048.271,5966.000,4982.594,4626.760
573,4873.457,6362.440,4305.783,6850.100,4877.082,6158.000,10131.750,8022.811,5965.562,4965.281,4628.293
574,4863.514,6381.213,4327.250,6924.487,4890.279,6196.545,10025.583,8026.567,5936.125,4897.094,4613.600
575,4859.271,6362.467,4317.600,6912.675,4902.820,6155.727,10035.500,8018.459,6023.000,4930.500,4631.933
576,4858.771,6346.813,4309.517,6899.425,4881.951,6181.545,9983.000,8012.811,5974.625,4921.750,4612.106
577,4843.700,6357.213,4309.950,6876.900,4881.705,6130.091,10080.833,7998.243,5939.875,4950.188,4606.267
578,4861.700,6349.813,4314.100,6915.038,4879.935,6152.455,9967.833,7985.378,5941.625,4962.031,4597.133
579,4834.386,6369.693,4302.417,6949.450,4859.197,6140.727,9965.167,8043.189,5951.000,4976.406,4626.067
580,4845.771,6352.374,4307.950,6954.050,4871.803,6175.364,10036.667,8018.486,5975.000,5052.500,4608.187
581,4846.529,6362.480,4341.417,6904.138,4864.935,6149.455,9955.667,8028.352,5931.812,5037.062,4591.333
582,4843.014,6341.894,4321.100,6935.462,4870.771,6154.545,9997.333,7972.405,5911.312,5020.500,4582.747
583,4833.814,6351.813,4305.533,6977.700,4864.639,6150.455,9962.917,7996.541,5915.625,4991.812,4588.960
584,4823.743,6350.973,4305.983,6972.837,4856.426,6213.545,9991.417,7978.108,5939.875,5020.031,4572.760
585,4823.814,6343.547,4324.567,6967.612,4866.803,6101.545,9949.333,7933.757,5911.000,4976.312,4580.427
586,4809.414,6331.227,4305.917,6932.538,4867.082,6073.182,9884.583,7927.919,5910.375,4934.875,4560.707
587,4811.300,6326.613,4312.867,6989.388,4866.131,6154.000,9934.167,7941.919,5955.750,4951.188,4553.920
588,4803.600,6331.374,4340.067,6979.300,4856.377,6073.455,9810.667,7941.189,5891.625,4936.500,4554.987
589,4816.457,6328.520,4327.267,6980.237,4855.361,6106.000,9811.417,7914.081,5943.688,4935.719,4544.973
590,4782.100,6342.374,4298.567,6961.075,4854.918,6179.000,9856.917,7863.189,5871.500,4918.344,4531.106
591,4801.529,6332.253,4305.667,6922.212,4837.508,6148.455,9874.250,7892.486,5892.125,4937.562,4545.867
592,4811.086,6341.187,4339.300,6879.288,4844.197,6118.364,9748.000,7877.378,5884.688,4885.219,4531.640
593,4803.657,6339.760,4305.217,6873.913,4847.213,6072.818,9820.833,7885.378,5897.312,4914.250,4524.800
594,4802.643,6322.387,4322.583,6846.900,4829.623,6095.818,9812.250,7869.243,5899.938,4976.844,4515.133
595,4784.257,6362.227,4310.017,6822.550,4841.213,6110.545,9811.833,7853.216,5873.812,4998.844,4510.347
596,4776.429,6341.693,4327.850,6809.075,4837.279,6105.818,9869.667,7887.703,5844.125,4964.375,4530.480
597,4759.257,6344.067,4328.117,6830.587,4819.344,6065.273,9670.500,7862.027,5862.688,4966.125,4513.333
598,4767.186,6314.293,4310.417,6846.050,4838.754,6069.000,9757.833,7797.405,5868.812,4977.438,4500.520
599,4772.457,6329.280,4302.667,6873.150,4819.853,6109.818,9746.333,7858.946,5878.125,4935.781,4506.360
600,4759.757,6340.106,4325.467,6911.888,4835.180,6075.455,9767.833,7793.757,5868.625,4995.031,4514.267
601,4761.900,6339.827,4322.117,6931.112,4824.983,6123.818,9730.000,7857.541,5877.438,5005.656,4489.987
602,4751.771,6338.187,4322.317,6917.038,4809.180,6078.091,9647.000,7827.757,5846.562,5023.625,4498.720
603,4758.200,6314.613,4324.433,6889.325,4823.967,6100.091,9660.667,7834.000,5883.312,5000.844,4479.053
604,4732.586,6300.773,4327.083,6944.850,4806.180,6108.909,9662.250,7830.459,5892.938,4993.969,4485.854
605,4737.872,6321.080,4325.067,6965.600,4806.492,6098.182,9559.250,7800.676,5875.812,4980.656,4479.653
606,4745.043,6316.987,4329.617,6944.650,4820.656,6066.182,9578.167,7768.243,5848.500,4978.656,4481.387
607,4717.500,6304.374,4331.833,6934.800,4816.049,6076.000,9528.000,7816.352,5870.312,4937.312,4476.613
608,4727.628,6320.747,4312.333,6981.950,4794.180,6119.000,9613.667,7789.648,5841.625,4938.500,4437.680
609,4721.571,6344.760,4329.983,6990.812,4788.049,6083.455,9579.750,7790.459,5874.125,4871.812,4458.867
610,4726.300,6295.533,4323.283,6968.450,4813.476,6034.182,9636.833,7794.324,5849.875,4877.281,4423.613
611,4718.886,6300.987,4313.633,6930.263,4778.524,6074.091,9472.333,7796.514,5858.438,4864.281,4448.374
612,4711.357,6297.200,4312.750,6877.625,4783.672,6099.909,9554.417,7816.541,5855.812,4892.156,4435.747
613,4713.386,6303.267,4324.317,6883.425,4788.541,6097.727,9532.250,7777.514,5863.562,4905.281,4422.427
614,4702.457,6293.920,4320.933,6905.788,4780.672,6128.182,9547.917,7760.595,5832.750,4857.094,4429.427
615,4696.786,6306.813,4326.017,6936.837,4795.803,6085.455,9491.917,7752.162,5860.312,4881.156,4438.894
616,4686.729,6309.400,4309.567,6887.163,4769.442,6083.909,9537.417,7728.405,5804.125,4839.500,4407.640
617,4693.857,6318.320,4310.100,6901.825,4778.853,6067.545,9469.750,7733.973,5767.312,4846.156,4412.813
618,4705.857,6282.973,4305.000,6852.600,4772.558,6036.364,9492.500,7761.216,5827.625,4904.312,4403.106
619,4696.372,6305.507,4330.250,6851.800,4768.328,6116.000,9432.250,7727.108,5821.438,4896.219,4413.733
620,4678.514,6307.707,4305.900,6915.538,4779.312,6099.545,9495.000,7746.729,5844.188,4928.469,4416.933
621,4676.600,6306.520,4320.333,6920.888,4781.033,6136.000,9394.917,7738.946,5801.062,4896.312,4398.747
622,4700.386,6290.894,4305.150,6914.788,4773.574,6112.273,9400.583,7732.027,5875.500,4905.531,4397.414
623,4690.986,6288.146,4310.867,6911.312,4751.951,6108.273,9363.000,7701.324,5810.500,4892.969,4392.013
624,4677.243,6283.880,4301.567,6965.888,4743.951,6131.455,9381.083,7748.919,5841.562,4881.781,4383.560
625,4660.329,6276.227,4310.883,6919.675,4764.574,6067.727,9373.417,7749.271,5865.500,4882.875,4379.067
626,4667.571,6270.973,4306.350,6884.325,4754.246,6031.727,9363.917,7729.135,5820.375,4841.750,4362.987
627,4670.786,6308.707,4322.083,6859.350,4769.279,6145.182,9304.083,7685.433,5802.250,4873.906,4375.387
628,4660.014,6286.374,4318.750,6825.788,4760.885,6073.091,9309.333,7707.378,5829.250,4853.656,4367.867
629,4659.757,6274.800,4311.950,6817.650,4762.295,6037.455,9363.417,7687.514,5795.625,4836.250,4346.320
630,4655.457,6260.573,4318.200,6765.237,4744.885,6048.182,9294.167,7700.567,5833.188,4833.719,4361.747
631,4659.843,6267.693,4308.333,6774.413,4757.836,6036.273,9302.333,7683.000,5792.000,4816.781,4350.293
632,4648.671,6261.053,4307.183,6733.325,4757.426,6084.636,9250.333,7692.757,5806.812,4815.875,4350.414
633,4644.557,6263.760,4295.533,6688.475,4759.771,6051.818,9193.333,7748.297,5858.188,4805.031,4364.106
634,4637.071,6280.133,4320.083,6672.163,4746.033,6058.273,9245.417,7703.703,5779.312,4831.781,4339.227
635,4641.400,6254.427,4295.150,6685.562,4734.705,6028.182,9222.417,7734.729,5839.562,4808.562,4350.240
636,4626.743,6276.787,4312.067,6724.500,4757.590,6013.455,9175.167,7730.054,5814.438,4783.312,4343.787
637,4622.243,6256.293,4319.000,6702.975,4723.065,6053.636,9147.833,7730.865,5819.562,4806.031,4338.973
638,4610.729,6269.533,4315.983,6752.962,4719.688,6051.727,9180.917,7721.811,5808.812,4759.938,4323.653
639,4629.686,6262.933,4320.750,6784.612,4751.361,6068.545,9209.250,7749.297,5830.688,4775.125,4335.960
640,4625.514,6282.400,4312.267,6767.188,4721.853,6086.000,9204.167,7693.919,5772.500,4779.625,4319.667
641,4624.514,6249.173,4307.100,6790.962,4729.639,6075.727,9173.417,7723.892,5792.250,4753.219,4318.854
642,4608.829,6244.320,4319.583,6726.225,4742.590,6051.273,9150.250,7720.892,5811.812,4748.000,4329.387
643,4613.886,6247.960,4306.217,6715.550,4727.049,6070.545,9149.750,7721.567,5835.438,4751.406,4334.160
644,4609.471,6273.187,4303.600,6670.400,4739.771,6126.091,9113.667,7717.946,5824.750,4749.875,4315.240
645,4620.000,6238.907,4314.250,6737.263,4733.229,6111.273,9065.333,7741.297,5828.375,4743.594,4301.507
646,4609.214,6250.333,4302.150,6728.987,4744.492,6146.455,9090.167,7727.648,5829.688,4717.406,4304.747
647,4595.314,6263.894,4312.717,6743.050,4736.426,6115.636,9066.417,7736.784,5794.250,4726.062,4307.080
648,4605.443,6274.120,4333.717,6704.513,4734.836,6120.636,9113.417,7717.405,5844.062,4730.000,4284.333
649,4595.300,6247.653,4327.000,6763.513,4743.017,6045.636,9104.000,7925.648,5915.188,4742.750,4295.293
650,4584.914,6274.467,4325.483,6771.325,4750.164,6090.727,9044.333,7974.784,5884.125,4709.719,4286.493
651,4588.400,6281.213,4317.433,6748.775,4711.279,6071.364,8993.833,7989.108,5961.375,4722.344,4316.733
652,4590.686,6290.600,4321.750,6711.250,4722.820,6098.000,8971.417,8005.919,5946.125,4706.188,4299.280
653,4579.943,6275.626,4305.750,6683.788,4717.885,6099.909,8984.167,8005.648,5951.250,4693.156,4299.547
654,4591.586,6260.947,4316.350,6669.250,4717.344,6105.455,9000.917,7990.973,5970.500,4672.438,4289.933
655,4575.357,6272.146,4309.033,6721.538,4719.902,6093.182,9007.167,8009.919,5933.562,4687.156,4275.800
656,4579.286,6271.640,4325.000,6727.388,4697.033,6134.636,8997.167,8026.216,5959.000,4752.500,4278.200
657,4564.571,6272.374,4318.283,6703.575,4723.983,6119.000,9002.250,7979.433,5965.375,4804.031,4271.973
658,4545.671,6257.013,4318.533,6673.800,4727.787,6079.091,8915.833,7941.703,5913.125,4809.156,4276.600
659,4554.686,6255.560,4329.733,6661.237,4714.344,6094.364,8921.583,7954.811,5911.750,4752.875,4276.000
660,4568.872,6264.414,4316.617,6628.263,4709.033,6091.636,8944.917,7920.703,5908.812,4764.312,4262.027
661,4578.300,6244.747,4314.433,6568.550,4699.902,6085.455,8955.417,7962.729,5905.562,4773.719,4248.173
662,4539.557,6251.800,4314.750,6538.400,4703.033,6075.909,8878.167,7914.297,5884.688,4769.375,4261.213
663,4544.814,6244.667,4339.683,6548.250,4698.476,6092.636,8872.917,7901.567,5893.875,4723.281,4258.880
664,4542.586,6264.920,4332.600,6518.837,4735.442,6139.182,8801.583,7919.405,5898.438,4724.094,4266.507
665,4539.086,6249.827,4331.433,6481.438,4718.623,6153.818,8828.833,7856.514,5889.625,4709.438,4249.093
666,4550.372,6230.027,4298.600,6472.688,4694.524,6095.818,8816.333,7868.216,5877.000,4714.656,4269.520
667,4541.829,6244.840,4308.250,6415.400,4694.295,6137.818,8897.500,7858.297,5886.625,4688.969,4250.667
668,4542.400,6227.067,4309.517,6429.375,4690.951,6117.091,8809.917,7881.676,5882.875,4695.156,4233.173
669,4539.543,6262.667,4306.750,6498.962,4722.606,6121.818,8770.750,7829.892,5881.750,4700.125,4247.960
670,4549.372,6234.920,4309.000,6476.500,4714.623,6037.273,8812.083,7865.703,5898.500,4681.938,4236.120
671,4535.886,6263.067,4309.233,6487.325,4719.738,6107.545,8753.750,7813.703,5857.938,4647.750,4237.146
672,4533.814,6226.040,4319.767,6523.362,4710.361,6086.364,8724.833,7803.541,5800.750,4661.812,4222.707
673,4545.143,6236.093,4333.883,6547.337,4716.705,6080.818,8701.167,7824.541,5870.062,4671.594,4221.067
674,4523.614,6226.773,4319.117,6542.388,4702.000,6088.182,8737.667,7798.405,5859.188,4671.562,4248.027
675,4548.686,6207.267,4302.067,6548.825,4682.000,6084.727,8673.500,7798.243,5858.062,4665.875,4215.200
676,4499.029,6216.613,4314.050,6560.900,4696.558,6081.818,8720.583,7810.919,5811.688,4642.844,4225.480
677,4520.557,6246.000,4330.583,6604.138,4701.082,6055.545,8684.500,7758.081,5838.562,4631.062,4214.387
678,4519.757,6208.880,4298.400,6618.812,4687.869,6076.000,8610.750,7763.405,5831.000,4615.625,4219.987
679,4523.943,6197.160,4318.050,6592.575,4683.672,6054.909,8596.667,7781.081,5832.062,4611.094,4215.533
680,4514.286,6209.040,4323.183,6574.587,4674.000,6083.909,8613.583,7774.838,5822.125,4616.781,4217.573
681,4511.243,6205.093,4308.783,6539.562,4706.639,6084.000,8551.917,7783.811,5804.688,4621.156,4193.320
682,4529.628,6215.947,4311.433,6506.688,4682.639,6047.273,8668.333,7767.865,5823.500,4626.594,4201.067
683,4501.886,6238.333,4311.200,6493.800,4667.623,6045.818,8564.000,7741.324,5829.062,4603.625,4191.693
684,4510.171,6191.520,4314.417,6452.188,4690.115,6086.636,8557.333,7737.459,5795.500,4596.719,4186.213
685,4514.457,6209.120,4322.683,6410.737,4690.229,6071.545,8551.250,7729.703,5803.125,4586.000,4199.493
686,4501.271,6210.320,4298.667,6387.562,4708.131,6005.909,8607.917,7726.243,5822.438,4595.469,4180.920
687,4496.771,6212.667,4311.333,6416.275,4683.918,6043.364,8538.750,7708.243,5823.500,4576.594,4177.693
688,4503.514,6200.453,4317.033,6451.938,4692.803,6043.455,8535.000,7709.271,5812.062,4565.656,4177.653
689,4493.128,6211.773,4312.767,6467.275,4667.803,6082.091,8494.583,7735.892,5732.688,4591.969,4173.653
690,4482.600,6176.947,4300.517,6402.087,4684.262,6032.727,8464.667,7676.973,5809.438,4601.844,4191.867
691,4481.029,6209.227,4301.050,6399.775,4678.688,6044.000,8499.333,7684.027,5773.562,4595.312,4162.200
692,4489.543,6185.880,4308.550,6359.250,4690.426,6062.182,8508.667,7751.271,5830.188,4582.500,4154.320
693,4474.872,6196.067,4305.917,6349.300,4677.312,6132.545,8463.000,7899.595,5930.188,4645.750,4167.573
694,4473.872,6191.520,4311.383,6327.150,4679.049,6098.000,8546.500,7935.811,5933.750,4701.875,4176.227
695,4498.628,6204.347,4314.583,6303.200,4687.688,6084.273,8433.417,7992.919,5912.875,4718.094,4163.626
696,4474.271,6235.600,4308.133,6275.300,4700.967,6102.727,8463.333,7973.486,5945.438,4700.938,4155.040
697,4468.657,6222.374,4319.100,6240.350,4668.508,6051.545,8449.333,7947.676,5943.688,4714.438,4152.267
698,4480.372,6217.600,4322.333,6282.300,4668.918,6102.727,8324.250,7949.838,5966.312,4694.719,4148.520
699,4471.486,6221.880,4330.350,6341.950,4651.115,6016.818,8390.083,7933.892,5882.562,4717.812,4140.293
700,4457.814,6190.507,4314.000,6341.750,4673.131,6070.545,8330.000,7883.648,5913.438,4662.156,4142.840
701,4460.671,6208.653,4303.400,6334.913,4660.197,6040.727,8374.083,7890.216,5864.438,4697.812,4136.840
702,4462.171,6184.253,4311.800,6304.587,4678.229,6058.545,8348.667,7827.811,5884.625,4679.219,4149.560
703,4447.443,6209.573,4310.933,6313.938,4681.410,6055.091,8342.083,7864.378,5861.750,4655.000,4145.880
704,4437.200,6245.613,4324.733,6347.575,4662.246,6027.091,8312.250,7822.378,5844.625,4626.688,4132.040
705,4467.071,6223.720,4321.000,6372.775,4652.853,6095.545,8256.417,7826.486,5841.500,4681.562,4130.267
706,4479.243,6238.053,4310.067,6384.888,4670.229,6070.000,8296.750,7810.459,5870.625,4649.625,4132.533
707,4471.186,6220.640,4320.450,6338.487,4663.394,6054.091,8204.333,7787.000,5848.625,4637.500,4146.827
708,4463.557,6199.933,4325.667,6322.038,4660.869,6105.455,8250.250,7769.811,5825.625,4611.281,4136.146
709,4451.457,6203.707,4305.350,6369.500,4665.033,6094.818,8252.500,7723.514,5823.625,4634.531,4118.493
710,4455.929,6214.440,4311.933,6381.800,4673.885,6092.818,8274.667,7725.757,5770.125,4613.438,4131.880
711,4470.800,6217.733,4316.283,6378.425,4673.246,6111.273,8167.667,7860.486,5912.000,4703.562,4134.507
712,4462.414,6206.347,4322.050,6351.538,4698.065,6146.455,8189.750,7994.567,6008.062,4709.125,4135.374
713,4516.986,6203.894,4341.700,6355.462,4668.656,6095.455,8138.583,8051.027,6000.625,4717.531,4123.933
714,4635.214,6224.427,4326.750,6319.212,4650.885,6091.273,8186.417,8024.135,6010.062,4708.500,4138.960
715,4716.514,6206.907,4341.550,6301.112,4676.246,6070.455,8257.833,8076.000,6040.188,4724.031,4122.000
716,4771.214,6213.053,4340.233,6273.925,4665.853,6147.273,8160.333,8090.567,6034.312,4759.094,4131.947
717,4752.457,6179.480,4341.017,6262.275,4651.869,6081.364,8192.833,8098.514,5989.688,4759.281,4144.667
718,4770.829,6192.374,4323.250,6273.525,4659.082,6103.364,8214.250,8101.946,5989.000,4784.781,4138.600
719,4758.700,6197.813,4333.050,6297.450,4669.787,6104.909,8186.250,8222.433,6057.875,4809.344,4146.573
720,4749.128,6202.000,4336.750,6326.312,4668.000,6123.273,8172.583,8331.405,6146.312,4840.062,4156.347
721,4718.100,6188.560,4322.400,6314.538,4688.344,6136.091,8178.667,8370.892,6112.688,4848.125,4158.653
722,4705.314,6211.800,4336.650,6292.025,4684.688,6131.818,8155.417,8343.865,6128.375,4861.500,4129.013
723,4695.771,6183.467,4317.667,6338.712,4674.262,6166.727,8168.917,8329.648,6134.062,4846.125,4141.813
724,4690.443,6192.320,4339.767,6383.237,4698.820,6118.818,8157.583,8368.567,6098.375,4833.562,4143.907
725,4656.214,6190.146,4333.183,6378.400,4693.410,6137.182,8218.750,8333.703,6141.688,4796.062,4136.120
726,4656.357,6182.427,4321.683,6352.638,4672.524,6166.455,8249.583,8336.243,6044.375,4769.094,4140.573
727,4638.400,6190.360,4327.417,6319.050,4682.803,6152.364,8315.167,8288.352,6120.000,4801.969,4117.453
728,4630.128,6179.067,4323.150,6315.337,4659.000,6155.000,8347.833,8285.378,6106.188,4772.688,4107.920
729,4630.100,6187.613,4319.017,6269.188,4678.771,6103.727,8348.083,8250.378,6016.688,4743.156,4126.653
730,4639.029,6177.733,4316.933,6239.337,4690.312,6124.818,8263.250,8226.973,6049.812,4721.312,4108.640
731,4594.914,6177.907,4313.300,6223.125,4679.295,6146.545,8364.417,8263.081,5991.438,4730.469,4109.253
732,4591.829,6194.227,4313.633,6185.275,4670.459,6162.364,8304.833,8209.405,6039.312,4702.812,4098.414
733,4581.343,6150.320,4319.550,6193.038,4686.459,6134.182,8281.500,8214.973,5998.625,4667.469,4109.240
734,4575.372,6155.533,4308.967,6239.875,4664.803,6123.182,8231.833,8157.567,6004.938,4658.125,4095.120
735,4565.057,6183.600,4312.033,6263.450,4662.787,6099.364,8288.583,8140.027,6018.500,4646.906,4083.400
736,4547.814,6183.067,4309.817,6224.487,4661.426,6132.000,8275.750,8135.108,5956.500,4670.125,4096.280
737,4551.271,6166.573,4315.083,6308.862,4677.918,6114.818,8240.667,8071.784,5945.312,4631.531,4089.493
738,4553.214,6154.120,4311.200,6318.850,4664.344,6047.455,8231.333,8068.784,5951.562,4605.906,4099.693
739,4545.443,6185.280,4335.250,6313.337,4667.262,6132.000,8216.333,8039.567,5932.562,4649.500,4072.413
740,4529.143,6151.933,4332.017,6310.837,4648.246,6043.455,8192.417,8046.027,5915.312,4616.750,4080.147
741,4540.529,6148.307,4312.617,6259.950,4679.492,6060.636,8138.500,8007.352,5953.750,4600.062,4065.400
742,4519.128,6173.493,4312.017,6231.375,4664.246,6085.000,8132.083,8042.000,5937.625,4620.375,4067.867
743,4518.872,6168.720,4300.883,6236.013,4651.279,6079.909,8060.250,8026.865,5919.062,4596.062,4092.547
744,4526.686,6169.293,4307.867,6216.138,4664.147,6033.545,8139.583,7995.784,5910.438,4589.594,4075.667
745,4511.529,6151.880,4318.033,6183.862,4679.361,6051.091,8068.250,7975.378,5871.438,4580.312,4051.680
746,4499.400,6156.400,4328.517,6156.650,4642.295,6059.545,8006.250,7907.486,5865.000,4579.406,4064.787
747,4502.628,6127.453,4321.150,6223.325,4639.065,6078.636,8059.417,7913.784,5878.688,4562.375,4061.773
748,4505.900,6129.667,4319.617,6222.200,4657.918,6103.545,8064.250,7906.189,5874.500,4596.406,4076.827
749,4498.700,6115.907,4311.383,6238.812,4661.262,6091.545,8039.250,7917.352,5899.000,4562.438,4051.960
750,4485.814,6139.280,4325.717,6186.538,4634.312,6038.727,8001.167,7900.459,5867.312,4558.562,4047.800
751,4487.014,6129.933,4306.650,6171.487,4656.049,6144.455,7998.750,7891.027,5871.188,4566.781,4046.320
752,4477.957,6140.187,4309.300,6163.200,4631.656,6112.364,8043.417,7895.784,5854.375,4566.594,4049.040
753,4473.957,6130.333,4324.050,6135.100,4622.639,6143.727,7999.333,7832.000,5888.750,4523.156,4038.400
754,4462.557,6151.720,4320.050,6187.062,4644.853,6091.000,7967.333,7863.838,5822.375,4516.562,4045.840
755,4468.886,6110.626,4314.150,6195.237,4640.115,6079.455,8001.083,7809.054,5848.750,4529.625,4045.907
756,4474.814,6131.693,4322.650,6201.312,4646.492,6070.909,7939.333,7808.135,5878.000,4504.406,4036.773
757,4479.714,6148.414,4298.000,6188.112,4651.115,6121.909,7907.083,7803.973,5859.438,4535.062,4054.373
758,4455.514,6120.040,4315.083,6242.725,4660.394,6127.000,7946.167,7769.648,5853.938,4509.062,4034.213
759,4477.743,6132.840,4312.683,6265.812,4646.328,6089.818,7968.500,7777.595,5810.938,4489.031,4030.053
760,4453.200,6108.106,4305.767,6255.013,4638.082,6028.818,8105.417,7813.486,5808.062,4563.906,4033.320
761,4472.529,6119.707,4325.183,6261.987,4658.426,6114.636,8168.250,7759.135,5829.438,4604.125,4025.640
762,4453.128,6126.573,4315.000,6230.688,4652.705,6160.000,8145.083,7761.892,5806.875,4611.312,4034.360
763,4442.314,6117.480,4297.583,6202.212,4651.164,6001.000,8152.583,7735.054,5777.750,4601.844,4045.680
764,4439.514,6127.106,4314.150,6150.837,4658.410,6085.636,8164.167,7717.271,5725.375,4590.844,4032.627
765,4452.500,6118.240,4311.733,6146.450,4652.983,6092.909,8198.167,7671.324,5793.438,4599.906,4017.720
766,4449.243,6097.520,4303.667,6220.425,4659.869,6075.000,8114.667,7689.352,5763.938,4577.312,4008.067
767,4437.143,6129.200,4310.833,6252.763,4652.426,6113.182,8160.583,7707.784,5798.062,4567.125,4011.120
768,4419.786,6126.093,4306.133,6224.125,4654.853,6062.182,8283.833,7653.946,5751.125,4542.281,4010.333
769,4439.671,6112.120,4310.067,6203.087,4662.558,6134.273,8309.750,7691.703,5782.375,4551.875,4018.013
770,4419.843,6132.773,4320.150,6180.350,4675.262,6118.545,8327.083,7702.567,5767.000,4498.094,4026.560
771,4435.914,6128.800,4333.950,6173.225,4672.164,6124.909,8351.333,7669.405,5761.125,4496.938,4015.000
772,4431.843,6132.880,4310.633,6137.987,4664.492,6155.818,8462.917,7653.378,5786.000,4510.969,4015.147
773,4432.671,6104.000,4310.633,6115.675,4683.147,6093.545,8457.667,7630.648,5758.500,4512.281,4031.333
774,4431.071,6119.733,4299.567,6095.212,4694.312,6126.455,8523.333,7639.703,5752.875,4489.781,4015.147
775,4434.614,6108.626,4309.333,6086.025,4689.836,6070.364,8563.500,7644.919,5733.625,4495.438,4011.280
776,4412.943,6100.613,4308.900,6041.888,4677.853,6105.364,8564.083,7594.838,5794.062,4486.688,4004.360
777,4418.043,6108.894,4302.217,6019.400,4687.574,6120.636,8640.500,7574.703,5736.438,4507.312,4020.533
778,4409.729,6146.560,4298.900,6008.087,4680.229,6158.364,8846.417,7589.243,5737.812,4562.094,4022.067
779,4423.486,6138.880,4304.583,5967.875,4680.164,6130.727,8777.000,7612.189,5756.188,4582.562,4018.480
780,4404.872,6126.307,4306.567,5950.225,4679.410,6090.000,8712.833,7575.567,5780.688,4558.125,4020.333
781,4420.343,6127.133,4321.350,5963.950,4674.967,6104.455,8732.667,7587.297,5741.375,4576.250,4025.493
782,4393.229,6110.800,4318.867,5918.062,4657.787,6057.909,8691.917,7613.216,5776.062,4582.906,4013.373
783,4402.372,6128.894,4318.600,5906.462,4666.688,6071.091,8751.667,7580.648,5775.500,4564.156,4020.293
784,4400.872,6125.613,4312.767,5900.525,4664.803,6082.818,8663.917,7571.919,5762.250,4533.906,4003.160
785,4387.714,6127.120,4300.683,5978.450,4670.049,6046.364,8633.000,7579.973,5711.375,4536.062,4015.213
786,4405.143,6121.520,4311.550,5994.350,4671.082,6117.636,8599.333,7541.271,5734.000,4514.531,4001.573
787,4397.543,6118.080,4305.767,5973.562,4658.213,6014.636,8663.333,7550.243,5730.250,4546.781,3996.653
788,4394.743,6091.693,4317.383,5967.675,4654.574,6084.364,8561.000,7576.757,5723.125,4494.031,4011.507
789,4388.057,6086.293,4303.767,5946.625,4645.754,6040.273,8621.750,7665.838,5797.250,4560.875,3986.013
790,4401.872,6118.120,4303.967,5968.612,4670.065,6009.000,8501.917,7785.784,5861.688,4606.312,4006.013
791,4394.843,6085.960,4306.150,5997.263,4661.213,6044.182,8530.667,7782.811,5897.125,4608.500,3983.987
792,4382.471,6100.626,4292.650,6017.688,4659.180,5978.818,8461.000,7795.378,5830.750,4598.031,3991.573
793,4384.229,6107.854,4304.233,6022.300,4650.180,6063.455,8516.667,7777.757,5823.938,4587.094,3986.800
794,4401.457,6095.240,4303.700,5999.237,4640.983,5990.273,8428.083,7803.784,5833.312,4544.219,4008.347
795,4397.800,6112.387,4320.750,5975.337,4657.541,6066.818,8461.500,7772.081,5795.188,4576.594,3987.413
796,4370.671,6104.253,4315.000,5956.462,4635.918,6064.455,8376.000,7724.622,5843.875,4558.406,3994.707
797,4396.057,6095.653,4304.900,5931.688,4631.033,6017.182,8270.833,7704.000,5806.062,4556.750,3990.787
798,4384.800,6103.013,4316.950,5902.200,4625.656,6016.818,8297.583,7706.108,5793.375,4516.062,3991.440
799,4377.372,6107.586,4314.850,5884.450,4633.492,5980.727,8311.167,7679.514,5775.625,4507.469,3985.480
800,4370.900,6101.613,4302.067,5900.312,4637.771,6012.000,8260.500,7652.486,5778.188,4528.844,3966.427
