 ,Mean1,Mean2,Mean3,Mean4,Mean5,Mean6,Mean7,Mean8,Mean9,Mean10
1,3660.472,3958.484,3559.829,3214.243,4307.667,3700.375,4409.032,4378.846,4505.062,3775.115
2,3666.306,3937.064,3567.043,3224.811,4350.810,3743.688,4431.161,4346.269,4520.781,3816.346
3,3686.361,3977.645,3561.514,3203.568,4298.286,3719.562,4418.839,4358.769,4498.531,3806.231
4,3681.250,3956.839,3559.643,3226.838,4326.190,3734.062,4426.709,4336.500,4520.969,3775.539
5,3675.111,3963.032,3560.386,3233.351,4309.095,3717.312,4419.613,4335.346,4490.625,3790.577
6,3671.667,3957.226,3544.829,3232.270,4313.095,3733.250,4402.452,4360.346,4489.281,3817.039
7,3666.806,3947.839,3542.857,3210.594,4283.048,3705.500,4435.613,4381.000,4493.906,3810.154
8,3685.667,3968.903,3549.457,3232.216,4285.667,3686.000,4428.516,4375.308,4529.969,3779.769
9,3684.389,3979.323,3556.957,3215.676,4283.905,3712.375,4417.387,4344.269,4530.812,3801.385
10,3665.028,3955.129,3535.300,3220.351,4328.524,3726.625,4421.291,4356.461,4470.406,3772.346
11,3685.056,3970.161,3560.957,3207.459,4303.048,3729.375,4398.419,4355.615,4512.438,3799.923
12,3648.833,3952.516,3540.371,3216.216,4335.000,3756.375,4400.355,4355.231,4501.094,3826.885
13,3676.056,3960.290,3544.400,3230.838,4314.571,3709.188,4398.097,4352.269,4498.312,3778.961
14,3669.528,3936.032,3548.871,3235.838,4296.667,3744.500,4387.807,4376.154,4514.219,3792.346
15,3692.250,3982.871,3543.200,3223.649,4286.476,3729.312,4433.291,4384.539,4522.438,3805.461
16,3692.917,3940.903,3541.600,3223.865,4323.048,3734.625,4407.581,4347.385,4493.094,3809.885
17,3666.750,3958.903,3546.586,3249.594,4311.905,3766.750,4362.677,4355.269,4536.531,3820.192
18,3664.194,3968.548,3542.157,3231.270,4295.762,3708.625,4402.097,4370.846,4510.719,3809.539
19,3656.222,3971.774,3563.714,3240.730,4319.857,3710.812,4411.903,4342.615,4515.562,3812.731
20,3678.444,3969.484,3570.086,3231.406,4337.810,3752.688,4405.258,4357.885,4493.594,3797.615
21,3644.306,3958.097,3542.414,3220.189,4304.000,3718.000,4404.355,4358.615,4486.062,3833.654
22,3685.167,3946.774,3549.329,3232.568,4313.857,3723.188,4401.419,4368.346,4517.781,3808.269
23,3680.139,3967.548,3550.914,3224.703,4356.143,3720.125,4394.129,4357.231,4507.094,3810.115
24,3667.389,3959.548,3543.443,3223.946,4330.810,3710.062,4405.032,4357.808,4512.875,3801.923
25,3671.667,3976.581,3541.414,3224.378,4316.095,3713.750,4423.581,4363.039,4487.719,3827.115
26,3677.528,3964.355,3549.057,3238.513,4320.524,3692.938,4397.323,4354.769,4522.031,3808.461
27,3683.667,3987.097,3546.686,3225.811,4293.905,3705.188,4394.581,4333.961,4474.344,3826.923
28,3667.833,3962.129,3542.271,3229.622,4301.762,3710.188,4393.581,4355.500,4478.750,3789.769
29,3672.361,3965.000,3555.500,3243.135,4322.810,3707.375,4402.548,4348.577,4501.875,3804.923
30,3670.972,4013.194,3540.814,3238.162,4326.143,3734.438,4402.677,4366.769,4511.719,3822.846
31,3681.444,3964.806,3550.300,3254.189,4319.714,3709.625,4392.452,4366.808,4514.656,3803.231
32,3675.389,3974.936,3556.986,3241.541,4290.286,3746.688,4411.064,4357.231,4519.500,3800.308
33,3672.194,3974.452,3558.529,3245.135,4311.619,3731.000,4403.581,4347.846,4531.938,3818.308
34,3657.194,3975.936,3546.700,3245.054,4302.667,3734.875,4406.903,4365.346,4509.438,3795.423
35,3646.806,3987.097,3549.957,3233.432,4318.143,3735.750,4391.452,4336.423,4495.719,3810.269
36,3671.278,3972.839,3552.857,3235.757,4309.429,3706.562,4388.871,4370.961,4527.719,3821.885
37,3645.528,3962.839,3544.471,3248.324,4294.524,3729.500,4393.258,4340.808,4499.594,3792.000
38,3661.250,3957.323,3544.757,3243.757,4332.238,3693.625,4400.936,4326.346,4518.375,3785.423
39,3667.306,3993.161,3549.514,3236.649,4294.429,3736.625,4403.839,4329.423,4484.000,3820.039
40,3666.611,3986.258,3541.457,3255.622,4305.000,3717.625,4403.968,4359.539,4488.094,3828.000
41,3683.222,3957.419,3549.329,3251.865,4321.476,3706.188,4373.774,4348.269,4499.750,3804.077
42,3666.722,3969.839,3544.014,3233.676,4303.952,3719.438,4391.258,4345.423,4504.438,3823.808
43,3664.972,3983.677,3543.543,3228.865,4308.333,3707.000,4414.903,4357.692,4510.031,3831.885
44,3666.056,3967.871,3536.471,3249.432,4321.619,3735.688,4400.903,4366.539,4511.344,3805.346
45,3671.639,3981.548,3539.957,3238.027,4314.286,3697.562,4404.291,4363.692,4521.188,3795.039
46,3661.556,3946.258,3539.857,3240.594,4337.190,3716.062,4378.871,4359.192,4526.688,3814.269
47,3660.194,3964.613,3531.243,3241.216,4323.905,3712.312,4405.097,4355.385,4488.094,3790.308
48,3642.333,3973.387,3539.300,3223.081,4286.762,3718.812,4383.871,4358.846,4516.500,3811.000
49,3650.833,3962.936,3534.171,3240.081,4318.524,3716.000,4425.548,4355.961,4479.656,3793.654
50,3674.722,3984.581,3539.329,3261.892,4303.619,3689.000,4388.742,4334.308,4491.594,3794.885
51,3660.278,3977.516,3547.586,3235.432,4316.381,3737.625,4399.032,4378.385,4492.594,3827.000
52,3658.972,3951.387,3541.900,3255.541,4275.714,3716.938,4392.709,4326.808,4534.906,3814.346
53,3670.111,3974.903,3542.243,3226.216,4337.095,3705.375,4413.548,4398.115,4496.625,3787.500
54,3660.167,3991.290,3551.029,3242.081,4322.762,3700.000,4382.677,4332.615,4508.250,3801.385
55,3660.083,3958.226,3549.814,3232.946,4293.619,3714.312,4373.193,4330.846,4492.625,3797.461
56,3652.139,3959.968,3530.986,3235.568,4281.762,3688.938,4380.452,4337.385,4493.562,3803.192
57,3648.528,3955.129,3537.371,3248.378,4279.238,3715.375,4388.774,4368.385,4504.031,3802.731
58,3678.694,3969.258,3559.900,3246.081,4337.286,3713.125,4390.032,4319.385,4500.156,3788.846
59,3647.028,3976.581,3547.100,3238.513,4317.952,3705.062,4401.419,4329.615,4476.812,3816.000
60,3665.111,3967.903,3538.914,3238.054,4327.762,3691.750,4391.032,4360.000,4500.312,3785.961
61,3638.333,3962.097,3544.857,3250.243,4323.905,3714.812,4406.774,4317.808,4474.250,3784.154
62,3649.528,3958.323,3539.171,3251.892,4311.381,3700.562,4388.871,4337.692,4488.188,3799.269
63,3677.861,3969.355,3540.329,3238.135,4298.762,3702.438,4398.774,4321.846,4509.094,3811.115
64,3671.056,3978.871,3538.857,3248.081,4328.667,3728.875,4395.323,4338.731,4517.625,3785.077
65,3670.111,3961.387,3534.886,3236.622,4290.476,3712.688,4371.742,4358.923,4489.312,3810.269
66,3658.833,3952.419,3531.543,3247.784,4321.333,3694.875,4398.161,4355.308,4488.719,3804.077
67,3644.167,3981.871,3535.229,3244.676,4326.857,3704.188,4393.323,4348.346,4485.406,3803.615
68,3656.944,3975.710,3527.543,3240.081,4345.000,3694.688,4380.709,4345.846,4475.469,3807.769
69,3655.639,3972.064,3525.257,3256.351,4305.667,3726.188,4393.419,4359.346,4498.438,3819.885
70,3660.028,3973.516,3552.157,3236.000,4327.143,3712.125,4357.484,4377.385,4502.531,3774.039
71,3682.722,3971.387,3529.371,3227.297,4304.571,3720.375,4388.903,4369.154,4476.656,3815.500
72,3656.639,3955.774,3538.400,3246.649,4314.762,3712.688,4384.355,4357.000,4509.625,3818.192
73,3653.500,3990.452,3530.500,3233.757,4327.476,3719.688,4388.484,4330.731,4498.781,3810.115
74,3676.889,3993.419,3536.329,3249.784,4326.524,3709.750,4389.677,4326.461,4503.688,3803.577
75,3660.833,3970.194,3531.729,3244.432,4303.905,3702.250,4393.613,4341.692,4485.031,3786.577
76,3661.194,3941.032,3543.829,3236.757,4269.857,3702.312,4397.387,4326.923,4486.312,3811.731
77,3675.833,3966.097,3531.814,3254.703,4317.857,3709.312,4394.807,4358.654,4500.062,3790.846
78,3668.500,4023.000,3549.329,3234.487,4303.429,3696.000,4403.548,4350.654,4498.188,3800.231
79,3669.583,4018.097,3542.157,3249.568,4299.238,3721.688,4380.000,4347.885,4516.031,3792.308
80,3678.389,4062.613,3536.271,3237.568,4328.571,3713.750,4378.709,4359.192,4494.594,3792.615
81,3652.889,4038.548,3536.457,3248.541,4326.810,3722.812,4370.968,4332.461,4548.969,3778.961
82,3660.556,4054.645,3539.257,3240.622,4320.524,3732.062,4391.000,4346.885,4491.031,3777.192
83,3678.111,4033.839,3546.572,3253.703,4295.714,3693.500,4416.097,4339.346,4508.469,3803.039
84,3650.028,4002.419,3541.300,3238.108,4318.333,3713.312,4383.387,4350.500,4505.312,3796.769
85,3665.306,4033.936,3550.029,3248.784,4302.524,3684.812,4388.387,4342.077,4510.312,3797.461
86,3676.861,4005.774,3539.414,3246.513,4321.143,3687.812,4417.839,4341.039,4496.781,3815.692
87,3665.028,4004.839,3530.286,3252.594,4304.190,3723.688,4377.807,4343.846,4502.750,3814.577
88,3651.833,3999.710,3545.714,3260.135,4339.429,3698.625,4401.936,4332.885,4498.250,3784.961
89,3654.556,4010.419,3540.529,3250.919,4320.000,3717.875,4377.387,4311.039,4493.000,3795.808
90,3685.972,4005.774,3528.314,3240.919,4301.143,3691.500,4420.968,4333.692,4496.719,3819.346
91,3656.472,4003.548,3553.114,3249.406,4338.524,3703.750,4369.129,4333.885,4487.719,3785.461
92,3653.472,3996.806,3537.843,3242.676,4316.762,3709.375,4410.323,4320.077,4494.812,3815.039
93,3671.611,3994.064,3557.428,3243.622,4343.000,3692.375,4409.323,4332.769,4507.000,3813.692
94,3647.778,3974.710,3542.786,3263.541,4306.667,3700.062,4393.226,4366.192,4469.281,3816.000
95,3675.444,3988.871,3523.743,3273.000,4325.619,3701.250,4394.516,4337.115,4477.031,3798.692
96,3647.528,3991.161,3532.786,3259.757,4300.429,3671.438,4408.871,4337.192,4491.219,3823.192
97,3624.444,4007.452,3533.843,3265.108,4327.286,3702.062,4411.064,4344.846,4519.906,3829.885
98,3639.028,3983.839,3549.914,3258.378,4298.286,3687.500,4379.097,4336.346,4496.875,3814.692
99,3657.833,3985.290,3535.928,3269.351,4331.619,3688.188,4399.291,4310.846,4516.438,3839.769
100,3652.000,3979.613,3546.729,3239.270,4328.476,3737.438,4389.193,4321.192,4492.938,3811.500
101,3659.750,3978.968,3544.486,3251.135,4315.333,3679.625,4401.129,4339.500,4475.344,3783.577
102,3668.583,3989.516,3546.343,3253.838,4325.762,3683.562,4386.807,4340.615,4492.906,3795.654
103,3667.056,4003.064,3532.486,3250.270,4326.667,3764.562,4377.258,4328.231,4523.062,3824.385
104,3665.806,3974.097,3553.214,3260.459,4292.000,3728.500,4409.387,4323.961,4485.125,3799.654
105,3656.528,3967.032,3532.114,3267.162,4330.714,3706.438,4409.613,4350.500,4493.562,3805.346
106,3648.861,3994.387,3552.229,3254.513,4321.952,3719.000,4396.839,4335.731,4499.312,3808.461
107,3629.111,3952.355,3523.743,3227.108,4306.952,3722.000,4396.387,4350.077,4523.188,3809.154
108,3638.000,3971.226,3534.371,3221.270,4304.190,3721.438,4400.968,4354.731,4516.562,3807.500
109,3639.639,3972.871,3520.800,3246.973,4282.095,3685.125,4391.161,4346.615,4488.219,3802.961
110,3674.861,3992.516,3543.414,3247.838,4298.476,3729.250,4404.032,4361.731,4498.812,3800.885
111,3678.694,4044.387,3552.457,3298.594,4315.905,3731.750,4382.645,4356.461,4495.656,3838.615
112,3711.583,4077.677,3541.357,3392.406,4316.143,3740.438,4379.064,4337.577,4510.031,3889.154
113,3733.139,4133.645,3574.843,3509.135,4321.952,3738.938,4392.709,4351.539,4494.531,3901.154
114,3852.139,4223.774,3598.786,3756.054,4319.714,3736.500,4420.419,4376.846,4516.750,3932.308
115,3960.500,4312.936,3621.543,3992.487,4281.333,3772.562,4424.355,4343.385,4508.750,3982.654
116,4110.722,4434.419,3687.686,4335.703,4335.524,3769.188,4455.129,4349.192,4499.438,4040.923
117,4328.944,4557.484,3742.329,4673.000,4356.286,3846.125,4442.548,4335.539,4513.969,4119.731
118,4528.389,4723.323,3808.700,5003.729,4348.143,3796.562,4449.226,4357.308,4509.750,4191.077
119,4761.500,4887.613,3898.900,5308.027,4363.238,3834.938,4470.645,4375.885,4519.656,4245.308
120,4996.472,5015.516,3965.100,5545.054,4364.952,3851.625,4475.936,4381.808,4517.500,4343.231
121,5201.417,5138.129,4064.529,5780.784,4331.524,3840.875,4486.807,4414.269,4527.125,4449.000
122,5411.667,5222.484,4132.900,5999.595,4374.714,3860.812,4481.709,4425.500,4535.188,4482.577
123,5591.306,5302.936,4169.257,6137.811,4387.286,3881.812,4505.484,4408.231,4519.875,4550.846
124,5755.222,5346.452,4258.171,6295.108,4412.476,3934.438,4512.064,4462.000,4531.812,4596.192
125,5894.472,5380.709,4312.286,6406.352,4443.381,3909.812,4526.709,4477.731,4551.281,4638.000
126,5975.639,5397.484,4395.857,6491.216,4427.095,3977.812,4540.613,4512.269,4533.188,4712.615
127,6133.833,5445.000,4449.900,6518.000,4438.762,3987.312,4532.613,4577.885,4542.938,4730.269
128,6157.389,5477.774,4527.714,6596.297,4476.333,4038.812,4530.064,4626.769,4549.750,4766.115
129,6225.194,5484.903,4624.143,6632.784,4484.286,4046.062,4527.032,4723.039,4564.094,4761.385
130,6282.750,5524.709,4636.628,6632.729,4516.095,4114.500,4525.903,4757.385,4552.938,4786.346
131,6284.250,5522.709,4714.729,6688.946,4538.476,4090.062,4538.032,4819.039,4558.469,4786.808
132,6303.139,5537.355,4789.729,6663.622,4526.524,4152.000,4585.742,4887.885,4561.875,4844.231
133,6337.056,5529.032,4845.086,6675.216,4565.048,4196.125,4551.581,4914.923,4552.906,4797.346
134,6332.194,5572.709,4916.000,6692.567,4572.286,4159.250,4546.516,5006.923,4520.125,4817.846
135,6351.556,5570.677,4984.843,6717.676,4588.333,4199.500,4575.742,5087.461,4551.594,4795.423
136,6383.556,5572.097,5030.686,6732.567,4572.810,4247.312,4611.097,5192.961,4591.344,4891.308
137,6385.500,5559.032,5062.071,6754.676,4646.095,4289.438,4574.000,5228.308,4567.469,4860.500
138,6380.083,5570.064,5128.586,6719.784,4664.143,4331.625,4591.807,5311.923,4583.938,4846.539
139,6411.333,5578.064,5156.171,6753.135,4667.571,4383.000,4609.064,5451.577,4579.844,4864.423
140,6405.278,5595.097,5168.157,6791.946,4730.381,4411.188,4669.709,5514.500,4618.250,4850.269
141,6408.389,5580.807,5214.071,6768.027,4744.143,4542.938,4644.839,5623.423,4608.406,4852.731
142,6430.806,5581.839,5281.414,6738.729,4819.190,4633.188,4660.581,5680.192,4607.719,4841.000
143,6435.694,5593.484,5298.557,6746.729,4902.190,4738.562,4670.774,5802.077,4605.188,4876.846
144,6416.222,5606.709,5332.114,6751.243,4970.714,4836.750,4689.355,5887.731,4621.938,4880.808
145,6446.444,5589.129,5319.414,6738.054,4969.286,4928.875,4715.000,6003.846,4613.062,4870.885
146,6405.611,5608.452,5343.057,6786.622,5065.524,5014.438,4720.516,6078.039,4621.625,4863.231
147,6414.333,5626.613,5392.986,6739.378,5078.714,5054.000,4741.355,6181.000,4617.250,4877.115
148,6454.444,5613.161,5389.457,6740.865,5093.190,5114.188,4829.903,6264.346,4663.219,4885.923
149,6444.306,5626.516,5430.943,6775.108,5135.048,5263.500,4880.839,6343.923,4625.750,4871.615
150,6449.722,5632.645,5415.271,6723.729,5195.571,5284.312,4930.839,6366.077,4636.812,4873.961
151,6453.361,5609.709,5440.043,6705.324,5278.905,5414.500,5007.097,6496.846,4662.625,4893.577
152,6462.528,5632.097,5474.372,6755.595,5377.619,5466.875,5060.581,6588.615,4657.375,4872.769
153,6467.722,5611.709,5462.557,6744.838,5370.714,5586.312,5155.323,6595.615,4673.844,4865.961
154,6437.667,5587.355,5463.186,6732.433,5417.048,5643.688,5253.936,6664.577,4666.000,4875.885
155,6436.306,5608.516,5470.243,6763.946,5409.524,5689.688,5373.161,6758.461,4676.156,4881.346
156,6434.389,5618.516,5481.757,6742.135,5449.524,5719.562,5464.064,6752.769,4700.750,4896.231
157,6452.556,5603.709,5484.071,6759.892,5509.476,5801.500,5594.774,6851.923,4718.500,4903.654
158,6412.528,5609.452,5493.743,6779.973,5526.762,5864.125,5685.387,6873.539,4746.844,4884.308
159,6451.611,5652.516,5523.686,6791.541,5643.762,5897.875,5784.226,6918.731,4720.656,4916.385
160,6402.028,5591.677,5516.257,6782.919,5659.714,5930.625,5943.226,6944.039,4786.312,4894.154
161,6407.333,5651.774,5538.700,6752.081,5705.857,5990.125,6056.677,6988.500,4789.562,4909.961
162,6424.833,5617.064,5535.471,6687.271,5773.810,6003.688,6184.355,7006.500,4819.531,4928.885
163,6457.111,5594.097,5550.657,6681.648,5800.190,6035.438,6318.677,7052.961,4824.375,4888.577
164,6463.306,5607.129,5548.814,6790.946,5806.429,6106.812,6441.355,7098.731,4856.375,4894.769
165,6436.111,5600.161,5534.300,6783.243,5845.619,6084.250,6598.709,7101.731,4876.938,4886.885
166,6422.417,5578.161,5538.014,6755.000,5908.333,6131.000,6734.807,7157.808,4895.656,4888.539
167,6396.361,5588.291,5538.286,6787.595,5896.619,6130.688,6840.161,7166.039,4955.781,4925.423
168,6421.000,5594.774,5554.143,6752.973,5940.190,6188.250,6897.129,7193.654,4976.250,4925.115
169,6430.472,5590.936,5549.500,6760.324,5939.476,6171.750,7031.064,7244.615,4996.281,4928.615
170,6441.083,5624.097,5535.143,6762.784,5973.333,6221.125,7225.161,7198.346,5053.781,4886.308
171,6404.056,5599.387,5529.900,6734.838,5959.810,6207.812,7268.645,7256.539,5097.156,4917.808
172,6415.333,5583.677,5552.800,6735.000,5964.571,6174.125,7376.645,7283.846,5102.531,4905.539
173,6442.167,5578.226,5559.543,6767.811,5992.381,6255.125,7471.839,7278.077,5126.844,4903.269
174,6422.028,5563.161,5543.286,6779.622,6003.476,6207.062,7572.097,7264.846,5191.062,4930.961
175,6410.583,5596.452,5546.043,6770.352,5981.714,6249.500,7692.677,7327.808,5214.344,4906.654
176,6417.222,5613.839,5559.872,6784.919,6059.857,6184.562,7779.516,7334.039,5283.531,4896.692
177,6411.556,5623.387,5549.443,6743.271,6031.238,6242.750,7860.193,7330.731,5317.875,4885.269
178,6359.667,5600.645,5530.329,6763.271,6072.381,6232.375,7966.742,7372.885,5363.406,4933.500
179,6385.278,5576.645,5543.372,6748.352,6111.238,6253.625,8074.839,7405.346,5416.156,4922.192
180,6417.750,5593.871,5534.229,6779.324,6116.095,6215.875,8118.936,7423.885,5426.844,4900.231
181,6406.917,5616.807,5541.400,6782.352,6106.619,6226.938,8226.193,7418.269,5500.469,4906.923
182,6381.667,5615.291,5556.372,6779.811,6083.810,6238.188,8315.419,7395.423,5564.469,4929.808
183,6411.306,5569.387,5570.800,6772.324,6152.762,6236.062,8373.322,7409.192,5600.875,4906.692
184,6406.306,5590.613,5539.043,6773.919,6164.857,6274.000,8410.000,7437.923,5662.250,4939.039
185,6411.611,5598.839,5546.443,6778.459,6186.524,6286.750,8500.613,7433.154,5679.000,4902.846
186,6419.583,5561.323,5565.186,6754.378,6181.952,6275.500,8527.161,7436.192,5727.781,4911.077
187,6380.694,5608.129,5554.243,6770.567,6195.190,6273.500,8568.354,7454.885,5751.562,4917.346
188,6357.111,5579.129,5551.614,6731.946,6221.190,6247.625,8585.387,7414.539,5833.812,4929.423
189,6385.778,5603.419,5545.986,6769.081,6181.095,6296.562,8653.032,7484.423,5847.375,4915.692
190,6361.139,5568.484,5552.471,6774.729,6233.286,6294.125,8728.290,7446.269,5911.000,4919.346
191,6388.194,5592.516,5562.471,6773.703,6227.048,6235.750,8736.742,7461.923,5988.469,4905.692
192,6394.111,5549.419,5570.057,6770.216,6243.000,6294.062,8755.968,7494.615,5972.812,4904.308
193,6370.056,5591.903,5577.114,6749.892,6260.476,6284.062,8823.258,7482.231,6031.000,4895.192
194,6380.111,5577.064,5583.943,6718.108,6298.667,6284.312,8856.839,7436.885,6035.438,4937.769
195,6404.028,5580.968,5559.714,6795.567,6246.952,6228.000,8900.451,7479.346,6101.562,4920.115
196,6392.389,5592.807,5559.386,6736.784,6276.810,6274.812,8883.226,7471.808,6082.156,4897.961
197,6394.306,5566.000,5558.714,6742.243,6262.048,6254.938,8896.161,7453.961,6155.656,4934.154
198,6372.333,5592.226,5582.500,6755.271,6238.190,6253.688,8942.613,7446.192,6213.500,4904.269
199,6379.083,5595.097,5574.414,6743.811,6320.667,6210.625,8953.483,7496.846,6202.562,4938.385
200,6356.861,5564.871,5566.429,6728.946,6276.667,6242.375,8942.871,7470.154,6225.125,4865.231
201,6376.417,5603.742,5564.300,6752.297,6281.476,6220.438,8962.871,7489.846,6212.156,4903.115
202,6361.750,5577.032,5579.043,6729.973,6295.952,6219.000,8943.774,7440.731,6237.969,4882.500
203,6330.583,5549.226,5561.686,6776.648,6255.143,6216.875,9016.839,7454.385,6214.750,4905.923
204,6316.111,5536.291,5562.943,6784.243,6298.857,6248.062,8936.646,7464.154,6276.812,4936.077
205,6331.056,5568.581,5558.357,6791.784,6322.190,6258.062,8928.839,7438.385,6269.375,4907.423
206,6356.417,5547.064,5562.186,6747.595,6269.238,6273.562,8986.936,7477.039,6248.969,4907.923
207,6339.361,5519.936,5567.600,6757.676,6297.810,6238.500,8961.678,7453.308,6287.750,4933.308
208,6344.500,5535.226,5556.900,6748.189,6302.762,6240.875,8973.483,7435.269,6305.312,4928.039
209,6326.806,5534.387,5565.386,6797.027,6288.190,6227.875,8949.936,7426.461,6328.406,4912.423
210,6319.750,5539.452,5550.529,6793.324,6330.571,6165.062,8911.161,7441.961,6313.094,4917.846
211,6328.778,5581.064,5537.243,6794.757,6308.048,6225.562,8904.322,7438.923,6288.781,4925.423
212,6329.194,5541.193,5572.900,6752.486,6323.952,6211.188,8921.354,7436.885,6299.375,4923.385
213,6310.222,5529.548,5556.900,6768.433,6333.619,6252.438,8915.032,7381.346,6264.531,4890.000
214,6311.806,5552.129,5560.857,6803.027,6301.333,6261.125,8905.193,7407.192,6233.156,4906.500
215,6263.944,5527.936,5558.128,6774.865,6326.238,6216.750,8889.032,7378.231,6259.875,4927.846
216,6281.472,5568.097,5529.843,6807.405,6374.571,6214.375,8797.354,7388.039,6210.875,4897.308
217,6261.861,5503.258,5546.486,6781.297,6318.714,6217.375,8838.936,7380.846,6202.469,4889.192
218,6270.806,5543.193,5539.814,6778.946,6331.476,6221.750,8777.483,7379.192,6226.594,4920.346
219,6302.583,5513.581,5547.757,6826.378,6303.190,6218.312,8774.807,7378.461,6196.062,4951.115
220,6269.778,5534.032,5554.814,6775.784,6347.429,6194.688,8727.968,7365.808,6179.312,4929.615
221,6235.667,5531.871,5552.186,6782.757,6338.905,6201.062,8737.871,7371.539,6156.906,4906.539
222,6266.194,5483.161,5536.514,6833.459,6304.333,6171.750,8748.646,7308.692,6161.000,4923.846
223,6259.917,5512.161,5542.872,6820.648,6379.238,6228.250,8704.064,7334.923,6109.188,4906.115
224,6272.333,5505.613,5532.329,6803.811,6387.857,6225.562,8655.678,7315.115,6130.625,4905.192
225,6248.528,5520.193,5527.000,6787.757,6363.810,6195.000,8643.678,7329.923,6087.375,4948.308
226,6260.444,5491.258,5555.729,6819.946,6360.381,6214.500,8615.419,7315.577,6068.281,4923.000
227,6263.944,5500.193,5555.957,6775.405,6328.905,6193.312,8619.322,7281.577,6059.375,4920.654
228,6264.361,5494.097,5533.372,6810.189,6343.095,6171.875,8582.129,7283.846,6084.938,4925.923
229,6268.861,5492.355,5536.486,6775.541,6387.476,6201.938,8515.678,7311.039,6073.062,4923.539
230,6252.028,5523.226,5542.529,6780.784,6389.667,6200.562,8524.581,7276.539,6033.250,4932.385
231,6236.083,5499.129,5544.329,6768.486,6352.381,6160.312,8430.290,7282.808,6039.000,4930.423
232,6250.722,5480.968,5558.900,6765.838,6340.952,6177.375,8447.258,7300.154,6066.344,4895.192
233,6219.222,5484.323,5551.029,6754.027,6349.714,6194.688,8424.451,7244.115,5949.469,4904.154
234,6272.667,5493.677,5546.486,6807.973,6373.762,6158.938,8396.226,7263.192,5949.594,4927.769
235,6250.444,5475.548,5559.271,6749.541,6323.952,6185.312,8327.258,7266.154,5968.500,4897.731
236,6274.278,5459.677,5538.986,6742.919,6324.571,6201.812,8245.226,7251.654,5957.500,4894.461
237,6229.889,5496.291,5530.971,6758.271,6333.095,6233.438,8294.451,7272.808,5959.062,4888.385
238,6262.056,5461.839,5574.214,6796.919,6331.143,6183.312,8306.064,7237.731,5937.969,4894.654
239,6251.194,5451.419,5546.386,6752.243,6325.095,6187.938,8234.549,7185.154,5935.594,4928.115
240,6216.972,5512.484,5530.157,6766.433,6332.524,6209.375,8230.354,7230.885,5904.500,4910.961
241,6263.611,5520.742,5565.500,6764.162,6334.048,6185.125,8182.097,7222.461,5897.312,4916.539
242,6222.472,5490.516,5530.414,6751.622,6329.571,6146.250,8153.161,7214.577,5898.875,4915.808
243,6212.833,5501.968,5554.671,6763.352,6381.952,6164.500,8087.258,7175.654,5881.812,4880.769
244,6228.917,5458.387,5543.243,6752.595,6366.095,6142.062,8053.032,7175.846,5853.500,4891.846
245,6215.583,5465.323,5536.314,6775.216,6344.667,6135.312,8056.355,7174.346,5861.875,4896.692
246,6253.333,5469.323,5544.657,6778.595,6322.381,6135.250,7963.161,7150.192,5824.031,4908.769
247,6262.000,5473.484,5552.657,6816.081,6354.905,6123.250,7925.581,7079.269,5825.312,4896.961
248,6213.500,5482.871,5559.729,6761.703,6399.714,6177.562,7936.097,7185.154,5806.156,4920.615
249,6275.194,5475.355,5543.614,6757.405,6394.381,6174.625,7899.839,7119.346,5817.531,4926.500
250,6221.667,5481.807,5533.043,6751.027,6310.190,6148.375,7867.807,7116.423,5774.094,4899.577
251,6212.111,5465.903,5554.100,6762.648,6372.429,6076.125,7826.774,7120.885,5766.406,4919.961
252,6211.639,5444.581,5529.643,6720.729,6374.000,6167.125,7811.839,7057.308,5786.812,4887.115
253,6204.306,5493.419,5567.543,6760.811,6349.048,6116.062,7759.258,7080.077,5759.562,4899.577
254,6223.500,5462.064,5553.857,6750.567,6370.762,6114.938,7722.968,7078.961,5746.375,4907.231
255,6209.250,5473.742,5561.214,6738.243,6372.905,6147.688,7701.548,7078.539,5697.125,4880.731
256,6220.639,5473.871,5563.329,6753.648,6395.714,6085.938,7704.193,7056.923,5729.469,4940.154
257,6218.056,5459.968,5551.414,6728.297,6372.238,6150.562,7644.581,7047.654,5715.625,4902.500
258,6181.056,5465.355,5539.771,6725.324,6404.048,6181.812,7609.839,7020.154,5677.188,4894.923
259,6204.028,5474.193,5557.086,6718.000,6327.381,6127.688,7570.903,6997.000,5735.219,4908.692
260,6209.306,5462.129,5543.486,6772.352,6383.905,6194.062,7557.839,7024.461,5695.906,4929.154
261,6187.778,5467.193,5513.586,6787.243,6362.571,6129.562,7495.355,7015.923,5701.250,4913.885
262,6201.611,5476.774,5547.729,6777.054,6379.810,6104.188,7498.516,6996.346,5684.188,4921.808
263,6191.778,5426.807,5535.014,6702.216,6437.810,6193.188,7454.548,6955.154,5662.969,4922.077
264,6147.778,5453.064,5532.271,6724.567,6373.333,6141.062,7446.936,6988.039,5646.938,4919.385
265,6188.778,5477.871,5546.214,6750.216,6371.714,6131.188,7450.419,6937.577,5618.188,4914.654
266,6179.833,5446.161,5530.386,6753.486,6367.333,6182.000,7384.000,6981.385,5642.156,4939.539
267,6183.028,5434.613,5529.057,6740.189,6385.000,6134.438,7335.839,6915.154,5629.000,4939.077
268,6158.944,5472.807,5521.314,6768.811,6374.333,6201.312,7322.323,6960.846,5613.625,4903.654
269,6168.167,5455.516,5518.557,6779.189,6344.476,6158.938,7277.226,6902.654,5603.812,4941.423
270,6148.667,5451.613,5533.586,6754.811,6366.667,6162.438,7261.258,6971.308,5601.531,4909.769
271,6188.028,5432.323,5514.643,6785.000,6377.667,6146.562,7248.291,6918.885,5596.500,4905.154
272,6131.972,5418.258,5527.657,6740.865,6345.667,6173.125,7240.516,6899.769,5593.344,4912.461
273,6154.861,5456.903,5532.457,6795.648,6338.429,6098.375,7200.193,6896.308,5596.781,4955.885
274,6128.556,5422.032,5514.200,6801.784,6315.524,6172.000,7193.129,6905.461,5562.781,4921.039
275,6155.389,5448.161,5522.171,6780.216,6298.619,6145.500,7163.193,6865.423,5547.406,4882.731
276,6157.694,5418.419,5505.729,6789.676,6303.810,6149.250,7129.452,6872.615,5528.906,4936.192
277,6160.944,5410.839,5516.086,6793.216,6345.952,6113.750,7124.226,6822.346,5554.031,4925.385
278,6113.139,5431.677,5502.586,6810.243,6319.333,6160.625,7089.323,6808.039,5535.594,4943.654
279,6146.056,5414.129,5500.600,6780.676,6343.286,6156.625,7077.064,6828.192,5526.875,4941.885
280,6157.833,5425.452,5491.286,6784.135,6306.952,6171.562,7107.903,6829.115,5508.688,4915.308
281,6151.750,5432.161,5490.386,6829.595,6345.714,6159.688,7055.355,6776.154,5491.875,4905.500
282,6132.306,5442.709,5501.957,6779.595,6293.714,6164.312,6992.226,6794.308,5519.938,4914.615
283,6147.611,5414.161,5509.386,6745.000,6287.619,6155.000,7005.161,6795.039,5481.562,4924.654
284,6148.000,5422.355,5504.628,6825.784,6319.810,6168.125,6956.000,6802.231,5444.812,4925.846
285,6122.806,5429.742,5498.986,6781.027,6294.000,6159.062,6940.968,6785.077,5493.031,4905.077
286,6121.028,5417.064,5485.714,6817.297,6295.714,6152.938,6961.291,6740.269,5474.000,4963.192
287,6132.833,5373.323,5486.372,6793.567,6328.571,6161.188,6884.097,6812.000,5445.438,4910.269
288,6112.917,5400.258,5476.186,6801.297,6320.238,6140.312,6873.774,6747.385,5444.062,4948.423
289,6122.444,5419.548,5492.029,6788.838,6327.571,6134.125,6857.291,6731.692,5455.781,4926.000
290,6156.611,5378.323,5498.343,6768.352,6345.048,6190.312,6884.193,6732.846,5429.344,4892.461
291,6132.583,5403.677,5511.986,6747.973,6317.381,6154.938,6864.581,6740.346,5472.938,4929.192
292,6129.139,5402.258,5524.600,6742.595,6329.571,6140.812,6791.032,6726.115,5390.094,4928.654
293,6111.111,5389.000,5479.971,6799.811,6333.143,6179.688,6799.452,6715.731,5417.031,4903.808
294,6110.472,5392.709,5498.257,6779.811,6298.905,6140.062,6860.677,6683.269,5428.688,4917.692
295,6093.611,5372.193,5511.186,6796.541,6349.286,6149.312,6799.645,6734.923,5407.375,4893.885
296,6132.944,5389.645,5506.271,6793.000,6345.000,6131.062,6778.129,6717.769,5415.625,4913.961
297,6098.889,5427.581,5472.771,6762.135,6324.524,6178.125,6740.807,6711.692,5387.062,4917.115
298,6086.000,5354.258,5497.114,6739.892,6310.048,6147.938,6752.064,6695.000,5348.000,4926.885
299,6106.306,5408.613,5498.671,6779.567,6299.048,6185.250,6764.484,6641.039,5347.844,4896.308
300,6094.472,5412.936,5503.214,6796.459,6328.190,6158.875,6769.516,6701.539,5360.719,4908.731
301,6104.389,5375.548,5503.929,6758.622,6295.667,6198.375,6675.903,6657.461,5409.344,4919.039
302,6102.722,5376.323,5497.857,6762.108,6268.429,6169.125,6726.193,6680.692,5367.219,4894.846
303,6131.472,5356.742,5515.786,6777.378,6263.333,6213.375,6715.193,6633.385,5393.750,4913.308
304,6083.583,5353.452,5483.914,6784.595,6251.810,6147.875,6714.258,6680.577,5354.781,4921.808
305,6083.806,5385.742,5494.529,6783.919,6261.810,6113.125,6697.709,6652.923,5326.281,4926.577
306,6097.639,5351.355,5485.586,6780.405,6219.762,6117.438,6658.548,6626.615,5330.719,4920.192
307,6104.000,5383.677,5489.357,6768.784,6236.571,6152.250,6615.226,6670.308,5350.438,4928.769
308,6086.444,5376.903,5502.600,6783.838,6222.524,6109.250,6668.548,6644.308,5328.281,4911.692
309,6106.083,5360.903,5497.929,6782.189,6246.667,6134.688,6613.452,6645.039,5292.844,4889.000
310,6077.861,5383.258,5499.143,6724.514,6253.571,6130.938,6605.291,6611.654,5305.594,4905.346
311,6085.000,5379.968,5526.443,6817.595,6241.714,6115.438,6564.355,6631.885,5273.594,4909.692
312,6095.250,5359.742,5499.243,6775.271,6283.190,6136.438,6566.193,6625.192,5267.875,4881.115
313,6089.972,5364.387,5512.414,6749.108,6260.048,6125.688,6535.193,6610.000,5274.719,4922.615
314,6088.139,5372.032,5493.700,6747.081,6216.810,6132.312,6552.258,6587.692,5288.188,4922.000
315,6095.556,5352.323,5500.714,6791.027,6235.476,6171.500,6501.193,6575.461,5262.500,4893.577
316,6087.139,5347.516,5497.757,6716.514,6322.619,6136.750,6526.355,6570.461,5252.125,4919.039
317,6087.389,5333.097,5498.229,6763.000,6221.000,6114.562,6501.774,6567.923,5259.719,4910.500
318,6086.583,5333.774,5511.628,6744.729,6230.381,6132.750,6523.064,6556.500,5262.219,4904.308
319,6100.972,5337.548,5502.971,6785.919,6246.286,6168.125,6528.064,6591.731,5263.094,4881.461
320,6068.972,5340.839,5492.914,6711.676,6269.190,6151.188,6478.548,6620.231,5251.938,4904.923
321,6038.806,5375.193,5506.357,6756.919,6264.429,6179.000,6454.742,6569.231,5268.656,4909.615
322,6032.250,5354.193,5510.257,6738.000,6240.571,6134.875,6459.774,6521.077,5305.500,4905.769
323,6074.972,5336.064,5509.743,6707.433,6322.333,6190.438,6456.355,6518.346,5301.625,4913.577
324,6034.861,5314.226,5503.757,6729.541,6290.952,6119.375,6437.226,6505.961,5326.500,4927.731
325,6046.111,5320.129,5507.314,6736.946,6305.762,6167.625,6465.032,6544.500,5291.156,4915.039
326,6043.111,5351.516,5501.014,6759.892,6289.667,6178.625,6447.709,6518.039,5308.844,4938.692
327,6069.694,5345.774,5483.200,6749.595,6249.952,6145.438,6426.581,6477.039,5315.844,4926.500
328,6058.778,5294.419,5488.157,6775.729,6229.667,6143.688,6460.871,6472.154,5305.375,4891.577
329,6094.750,5310.323,5481.900,6768.946,6167.095,6116.812,6439.807,6454.769,5320.531,4938.346
330,6029.889,5313.161,5478.971,6761.595,6157.333,6127.125,6393.968,6483.461,5289.938,4916.461
331,6064.000,5330.709,5475.143,6764.892,6220.714,6147.375,6402.548,6472.461,5287.781,4902.615
332,6033.194,5319.452,5490.143,6749.486,6169.476,6159.562,6388.355,6505.885,5295.531,4910.077
333,6030.500,5362.645,5485.786,6776.405,6194.238,6166.125,6399.258,6459.654,5272.969,4888.115
334,6044.333,5325.968,5461.900,6782.297,6175.333,6110.812,6388.548,6458.539,5255.719,4927.231
335,6060.083,5298.129,5473.014,6751.838,6232.952,6141.625,6377.968,6439.385,5267.594,4934.192
336,6005.972,5314.839,5457.171,6779.567,6179.571,6133.875,6418.097,6459.461,5254.656,4942.808
337,6055.944,5327.452,5479.386,6728.324,6179.571,6103.750,6329.323,6464.769,5222.438,4925.461
338,6029.556,5304.291,5485.200,6738.486,6157.619,6146.625,6366.032,6464.769,5220.062,4925.154
339,6031.861,5328.742,5481.386,6735.757,6150.143,6070.812,6365.903,6428.115,5228.625,4905.154
340,6054.250,5312.032,5473.529,6775.081,6119.810,6103.062,6390.516,6409.539,5202.125,4885.346
341,6051.306,5338.161,5456.943,6737.108,6128.619,6115.875,6347.774,6393.346,5223.531,4904.385
342,6059.944,5310.548,5490.729,6743.081,6145.048,6167.125,6350.291,6385.269,5222.375,4906.961
343,6050.333,5346.097,5493.357,6766.595,6141.333,6150.688,6379.258,6388.346,5227.844,4945.615
344,6037.000,5313.323,5471.286,6753.892,6159.000,6064.438,6373.193,6356.654,5227.656,4887.461
345,6019.472,5309.903,5452.614,6753.271,6100.714,6110.062,6341.452,6370.692,5311.812,4904.808
346,6050.667,5323.032,5460.186,6789.919,6119.762,6093.500,6337.323,6364.269,5253.438,4912.308
347,6045.556,5308.677,5482.257,6744.486,6191.286,6107.938,6322.903,6368.385,5282.625,4890.039
348,6034.806,5288.064,5481.671,6737.648,6173.524,6085.312,6310.936,6347.577,5240.094,4936.000
349,6025.361,5298.645,5490.372,6728.838,6183.048,6093.875,6277.064,6382.654,5271.500,4907.231
350,6089.778,5317.484,5488.300,6711.378,6206.286,6095.125,6282.226,6358.000,5245.906,4909.961
351,6016.417,5301.871,5487.686,6744.838,6146.143,6106.250,6290.355,6339.077,5259.625,4945.731
352,6020.722,5285.903,5496.071,6739.108,6157.238,6073.688,6311.064,6354.000,5227.062,4920.154
353,6014.861,5290.581,5478.771,6745.811,6202.762,6072.188,6220.032,6354.269,5205.531,4925.885
354,6007.750,5319.452,5477.143,6703.459,6231.333,6101.062,6261.226,6336.154,5220.562,4937.500
355,6068.611,5306.548,5453.729,6718.459,6161.524,6081.625,6292.936,6340.615,5201.531,4916.615
356,6019.361,5276.677,5471.643,6733.973,6107.000,6094.938,6262.645,6323.577,5197.375,4938.423
357,6017.306,5273.032,5451.286,6746.919,6091.333,6086.750,6283.677,6344.000,5192.500,4934.923
358,6001.639,5295.226,5486.529,6714.433,6136.476,6085.000,6315.452,6307.923,5177.812,4948.731
359,6012.639,5276.516,5469.372,6738.054,6185.429,6102.688,6266.742,6339.500,5182.844,4919.231
360,6060.028,5279.000,5475.914,6695.703,6168.857,6089.938,6288.548,6343.423,5199.812,4915.692
361,6022.583,5261.709,5476.229,6704.108,6127.810,6081.688,6286.774,6283.000,5158.750,4915.539
362,5999.917,5295.742,5472.614,6730.324,6143.000,6097.688,6265.548,6331.039,5163.438,4886.385
363,6013.556,5304.387,5461.686,6752.162,6124.286,6121.562,6236.774,6254.615,5180.219,4921.961
364,6012.167,5246.774,5461.100,6733.973,6160.762,6030.000,6252.032,6304.769,5178.094,4926.423
365,5991.778,5284.161,5451.800,6741.000,6138.476,6075.688,6234.677,6231.846,5151.781,4927.923
366,6017.889,5295.548,5450.700,6765.567,6148.286,6114.562,6241.677,6267.654,5127.969,4885.000
367,6017.583,5244.581,5467.014,6743.216,6189.524,6090.062,6213.097,6245.731,5138.531,4898.115
368,6030.472,5246.903,5452.714,6734.784,6167.190,6060.688,6226.742,6282.539,5126.781,4939.885
369,6018.778,5259.387,5449.886,6735.838,6115.190,6033.375,6235.903,6295.423,5146.469,4913.000
370,6013.778,5260.774,5449.071,6724.729,6098.571,6090.562,6235.097,6260.500,5142.125,4922.769
371,6039.389,5277.807,5471.500,6718.838,6078.524,6106.000,6267.936,6253.461,5120.469,4879.231
372,6113.194,5240.871,5499.043,6627.784,6025.857,6097.812,6290.613,6237.885,5130.625,4878.615
373,6093.278,5232.355,5521.500,6598.514,6049.476,6087.750,6295.355,6239.461,5108.281,4891.731
374,6064.250,5270.516,5511.257,6648.811,6048.095,6055.750,6254.903,6245.961,5093.219,4878.500
375,6091.639,5246.742,5509.571,6662.433,5958.238,6123.312,6259.129,6223.308,5119.750,4883.000
376,6086.944,5245.355,5480.300,6618.811,5966.810,6096.688,6252.581,6227.423,5095.969,4911.615
377,6061.056,5229.968,5488.457,6631.567,5916.476,6113.812,6274.161,6236.308,5091.031,4880.577
378,6071.111,5238.387,5510.214,6631.648,5985.524,6144.125,6236.936,6251.461,5123.906,4850.000
379,6100.111,5233.291,5499.786,6637.811,6031.190,6159.688,6235.839,6242.154,5105.312,4889.154
380,6101.417,5263.516,5492.457,6630.000,6015.714,6083.688,6290.807,6230.154,5115.844,4867.500
381,6079.528,5239.548,5515.614,6605.703,5985.190,6090.875,6229.064,6189.885,5141.438,4894.539
382,6091.111,5237.709,5489.743,6613.405,6040.000,6093.812,6326.774,6211.615,5160.062,4876.423
383,6098.583,5271.452,5508.943,6673.135,6070.286,6091.250,6259.709,6260.692,5178.812,4905.423
384,6098.194,5231.387,5483.357,6647.648,6061.571,6048.812,6240.226,6202.423,5179.688,4867.000
385,6091.222,5232.709,5511.786,6615.486,6047.905,6082.625,6219.709,6209.000,5145.750,4882.308
386,6056.806,5258.193,5512.000,6603.811,6051.714,6104.500,6237.516,6197.654,5183.625,4849.731
387,6094.778,5236.323,5509.514,6635.892,6020.524,6101.688,6244.548,6153.000,5150.906,4886.154
388,6086.750,5216.161,5491.100,6635.865,6046.619,6140.562,6234.613,6185.039,5143.969,4911.654
389,6118.472,5198.871,5504.357,6628.324,6094.381,6100.188,6250.581,6156.846,5149.281,4884.769
390,6069.778,5240.613,5495.514,6642.271,6070.905,6075.188,6224.774,6122.423,5103.094,4864.654
391,6072.611,5197.839,5499.857,6615.433,6047.810,6183.562,6217.968,6169.731,5153.156,4907.192
392,6055.278,5218.677,5513.343,6604.973,6042.619,6076.250,6186.807,6107.077,5132.531,4907.731
393,6098.806,5225.064,5512.943,6613.648,6014.286,6107.312,6187.645,6149.154,5111.594,4864.654
394,6132.556,5211.452,5513.229,6602.271,5990.000,6065.688,6213.226,6124.385,5130.406,4910.577
395,6065.611,5216.581,5512.771,6564.865,5972.714,6097.562,6195.742,6107.961,5104.812,4836.346
396,6095.111,5197.291,5495.800,6612.405,5970.333,6064.375,6166.677,6109.269,5104.062,4899.346
397,6053.972,5192.064,5505.986,6586.676,5945.714,6059.188,6163.709,6145.000,5087.688,4893.077
398,6087.556,5199.581,5475.500,6588.892,5971.429,6049.625,6157.677,6117.769,5080.594,4905.077
399,6092.750,5210.064,5484.357,6622.189,5926.381,6068.750,6165.323,6047.461,5076.531,4862.346
400,6049.278,5188.097,5484.829,6590.405,5918.952,6068.125,6155.581,6100.808,5079.906,4878.077
401,6072.389,5172.709,5515.700,6579.811,5898.952,6103.312,6172.807,6113.308,5094.500,4919.077
402,6042.667,5207.355,5493.329,6661.162,5856.667,6083.688,6166.452,6087.346,5094.688,4902.961
403,6056.278,5148.193,5486.743,6604.027,5964.857,6020.500,6116.129,6058.039,5065.062,4870.961
404,6075.500,5185.936,5479.600,6622.541,5946.714,6089.938,6140.709,6015.308,5057.875,4888.039
405,6054.111,5164.291,5486.657,6620.892,5953.905,6079.000,6142.323,6072.385,5075.531,4871.577
406,6057.917,5152.000,5461.557,6606.865,5935.048,6099.062,6126.000,6040.885,5113.906,4908.769
407,6065.889,5162.774,5477.114,6606.892,5929.381,6054.500,6112.000,6109.539,5059.250,4885.346
408,6059.333,5153.226,5470.786,6635.000,5881.714,6064.000,6108.129,6117.731,5074.656,4890.192
409,6079.472,5152.645,5476.157,6595.000,5930.381,6078.438,6122.871,6132.115,5078.500,4879.039
410,6075.917,5143.936,5487.786,6567.459,5904.905,6084.938,6122.226,6160.231,5089.094,4881.539
411,6055.750,5155.387,5477.186,6563.648,5979.762,6065.438,6103.291,6128.961,5052.156,4910.539
412,6038.389,5141.774,5497.243,6578.271,5932.381,6066.938,6163.677,6148.769,5051.125,4874.615
413,6048.000,5160.774,5487.100,6632.189,5933.048,6073.875,6095.871,6124.615,5071.250,4890.423
414,6066.000,5141.968,5468.829,6584.541,5951.667,6070.375,6105.774,6159.000,5022.344,4857.846
415,6042.111,5132.226,5471.429,6591.703,5876.476,6073.625,6114.291,6107.885,5054.656,4897.615
416,6065.333,5126.968,5489.257,6575.892,5889.571,6042.062,6097.709,6100.423,5033.562,4910.961
417,6065.056,5164.677,5466.229,6612.514,5882.571,6080.688,6114.677,6103.423,5035.750,4879.539
418,6068.306,5146.258,5474.628,6582.865,5869.048,6039.188,6103.097,6070.885,5018.938,4884.692
419,6041.917,5176.193,5489.414,6590.648,5888.952,6064.250,6085.903,6077.154,5027.031,4895.577
420,6068.361,5148.581,5479.143,6603.622,5838.476,6049.188,6072.387,6083.077,5031.125,4879.808
421,6090.417,5180.516,5452.486,6605.919,5806.714,6079.688,6067.807,6098.385,5034.000,4875.615
422,6049.083,5116.387,5470.914,6579.541,5886.238,6025.812,6097.323,6155.423,5001.406,4889.385
423,6048.639,5113.774,5492.357,6611.622,5905.619,6045.500,6090.709,6167.154,5037.062,4878.269
424,6043.833,5124.807,5493.643,6550.378,5926.143,6014.188,6075.000,6175.846,5066.812,4890.423
425,6089.278,5114.871,5490.929,6576.108,5914.810,6046.625,6084.387,6178.615,5096.844,4877.654
426,6051.722,5109.871,5508.314,6538.838,5923.190,6018.938,6068.839,6198.654,5073.000,4876.115
427,6072.250,5127.161,5500.929,6578.162,5914.048,6014.625,6056.742,6182.615,5109.188,4873.423
428,6071.472,5104.129,5485.471,6545.405,5946.810,6043.438,6060.871,6145.115,5118.281,4882.192
429,6062.361,5130.968,5464.457,6609.811,5893.238,6040.562,6033.807,6156.885,5108.062,4875.539
430,6025.028,5113.968,5466.814,6576.081,5939.333,6040.312,6029.452,6140.846,5101.969,4863.115
431,6044.833,5118.161,5489.343,6576.919,5923.810,6037.750,6062.291,6134.308,5075.094,4889.769
432,6043.389,5109.355,5500.429,6584.108,5896.000,5993.188,6038.839,6135.885,5105.844,4856.500
433,6019.583,5113.677,5473.071,6577.784,5918.190,6045.562,6074.064,6101.846,5091.250,4874.654
434,6024.639,5134.774,5491.014,6588.973,5842.810,6017.125,6086.452,6085.115,5095.094,4876.846
435,6087.222,5092.387,5484.986,6529.243,5887.476,6039.312,6031.161,6124.846,5089.500,4877.192
436,6020.750,5091.645,5470.443,6606.648,5853.905,6010.000,6000.226,6109.346,5072.281,4886.077
437,6034.083,5111.387,5492.114,6561.703,5814.762,6018.188,6020.645,6080.961,5075.062,4867.308
438,6024.222,5105.839,5464.957,6565.189,5862.048,5989.938,6042.258,6096.308,5069.750,4836.231
439,6031.917,5106.452,5490.386,6577.595,5843.381,5985.312,6020.936,6077.308,5064.344,4874.308
440,6044.583,5120.291,5515.029,6546.162,5850.048,5990.125,6029.936,6074.231,5063.281,4865.231
441,6041.111,5109.193,5483.214,6566.784,5873.714,5979.938,6035.677,6032.115,5059.844,4881.115
442,6035.167,5099.291,5459.771,6576.865,5850.571,6008.500,6029.645,6097.154,5090.344,4841.346
443,6060.528,5097.968,5472.429,6553.811,5840.429,5998.375,6055.871,6077.346,5090.281,4889.423
444,6035.139,5095.871,5462.500,6583.108,5858.619,6001.188,6019.226,6018.461,5053.906,4858.539
445,6020.000,5114.226,5450.157,6622.784,5791.762,6011.625,6033.161,6054.269,5023.062,4858.269
446,6018.972,5085.000,5452.543,6571.243,5786.286,5965.188,6018.774,6051.961,5060.375,4865.577
447,6018.944,5068.709,5469.300,6548.135,5766.381,6040.188,6043.419,6041.923,5046.156,4863.577
448,6025.972,5082.807,5453.043,6602.514,5767.524,5988.750,6009.419,5998.461,5066.969,4849.539
449,5996.750,5058.323,5473.329,6602.729,5749.524,5993.188,6015.516,6012.500,5057.312,4873.192
450,6035.306,5053.452,5464.757,6585.622,5753.381,5981.000,6062.613,6013.154,5080.312,4869.346
451,6039.056,5073.226,5455.414,6566.271,5747.286,5957.438,6017.161,5990.039,5072.688,4884.308
452,6033.111,5091.000,5454.386,6596.459,5714.333,6048.375,6005.903,5972.808,5012.531,4859.346
453,6040.667,5078.419,5448.786,6550.162,5656.905,5968.875,6035.871,5979.000,5003.625,4853.885
454,6003.750,5063.645,5452.600,6613.162,5663.619,6005.062,6052.548,5951.846,5001.906,4857.769
455,6018.500,5053.097,5453.057,6564.676,5650.095,5931.750,6016.097,5938.000,5015.219,4845.423
456,6041.194,5067.000,5431.029,6552.676,5652.619,5985.000,6048.903,5947.846,5034.969,4878.308
457,6051.750,5038.742,5451.300,6618.135,5660.667,5964.312,6019.129,5929.769,5035.906,4832.385
458,6072.278,5083.000,5485.357,6587.838,5677.048,6019.062,6031.839,5954.846,5038.438,4870.346
459,6001.833,5053.807,5463.000,6546.027,5740.095,5933.625,6037.484,5945.461,5015.375,4853.808
460,6017.361,5065.387,5454.357,6607.108,5724.667,5968.125,6024.387,5946.231,5049.469,4858.692
461,6018.861,5049.645,5463.529,6553.622,5726.857,5996.375,6038.193,5907.923,5042.312,4862.115
462,6030.750,5065.161,5429.043,6591.459,5681.667,5953.438,6006.484,5906.385,5078.312,4859.654
463,6019.417,5026.839,5448.943,6566.459,5662.333,5964.938,6078.355,5907.192,5079.875,4813.961
464,6007.167,5075.613,5447.757,6569.838,5736.143,5925.500,6025.936,5893.961,5086.688,4848.000
465,6008.889,5027.936,5465.429,6568.297,5739.190,5976.312,6020.452,5867.923,5108.969,4835.923
466,5995.333,5039.871,5461.471,6547.514,5705.714,5967.375,6042.516,5895.577,5099.375,4846.615
467,6010.611,5090.903,5476.514,6596.919,5768.810,5965.438,6018.774,5858.615,5089.938,4857.615
468,5985.056,5033.193,5464.628,6556.405,5741.143,5997.188,6021.226,5931.308,5112.031,4871.154
469,5998.028,5041.387,5440.257,6584.027,5753.667,5941.125,6054.000,5854.077,5081.156,4867.885
470,6005.361,5033.226,5457.800,6569.271,5729.333,5995.500,6021.581,5850.385,5083.781,4849.923
471,6023.444,5004.032,5429.957,6568.811,5727.476,5948.250,6033.484,5863.115,5062.531,4865.615
472,6013.139,5028.484,5456.857,6598.676,5783.286,5901.562,6008.193,5896.385,5056.125,4842.077
473,5988.639,5012.645,5443.500,6586.541,5770.333,5926.000,5989.064,5817.115,5062.750,4883.731
474,6017.583,5044.387,5442.957,6575.514,5791.429,5966.500,5998.097,5814.577,5056.969,4838.539
475,5989.472,5040.645,5447.429,6571.433,5773.667,5962.438,5992.032,5830.039,5069.406,4856.423
476,6005.750,5019.871,5427.286,6585.108,5738.857,5887.750,5981.903,5845.461,5086.969,4836.885
477,5987.806,5001.452,5446.143,6581.838,5760.571,5960.562,5977.484,5839.115,5068.562,4864.039
478,6005.556,4997.291,5434.071,6573.189,5828.095,5912.500,5997.548,5814.423,5073.375,4827.923
479,6021.417,5045.097,5427.029,6539.433,5820.238,5928.312,5979.161,5873.808,5053.312,4860.846
480,5985.139,5004.226,5415.771,6537.189,5771.857,6008.438,5988.355,5871.885,5040.062,4861.923
481,6002.639,5008.032,5438.500,6590.405,5861.714,5980.125,5975.548,5832.577,5007.969,4848.039
482,5983.139,5039.774,5410.400,6585.271,5862.048,5983.188,5948.484,5866.692,5068.312,4827.154
483,5998.778,4995.226,5445.929,6582.757,5880.190,5954.875,5979.516,5851.615,5053.000,4849.000
484,6005.556,5021.742,5450.071,6605.729,5828.476,5983.438,6015.161,5841.539,5065.844,4841.385
485,6002.306,5024.258,5425.686,6580.243,5861.905,5930.312,5999.903,5870.423,5105.188,4867.192
486,5991.083,4999.000,5431.500,6569.324,5838.619,5980.000,6002.807,5881.500,5122.656,4855.577
487,5989.583,4987.807,5434.729,6596.243,5846.143,5936.125,5969.936,5861.346,5115.094,4848.769
488,5991.222,5004.097,5442.457,6588.405,5796.333,5964.750,5974.581,5852.308,5101.906,4853.154
489,5991.972,4985.387,5435.029,6603.514,5779.905,5980.062,5975.000,5868.423,5126.031,4849.769
490,5982.361,4968.871,5413.343,6552.027,5801.714,5895.125,5995.645,5850.885,5106.562,4836.692
491,5995.333,4973.387,5424.843,6577.459,5725.333,5917.562,5991.419,5876.885,5113.031,4864.231
492,6011.722,4983.064,5449.229,6572.622,5753.048,5919.250,5975.645,5856.654,5105.781,4841.615
493,6012.389,4962.387,5415.628,6593.271,5783.429,5924.250,5944.613,5826.115,5105.219,4843.577
494,5970.306,4938.291,5428.171,6541.486,5777.238,5893.562,5954.387,5838.077,5119.688,4838.885
495,5993.333,4953.742,5447.300,6571.676,5795.238,5912.000,5939.516,5900.231,5093.406,4829.885
496,5979.222,4937.613,5440.529,6536.595,5785.190,5905.625,5949.968,5943.500,5083.500,4852.846
497,5978.583,4931.968,5453.929,6516.622,5798.810,5877.562,5950.193,5952.115,5104.844,4825.077
498,6010.889,4963.548,5461.929,6522.757,5723.429,5904.812,5916.387,5970.039,5074.188,4857.769
499,5976.194,4971.291,5463.729,6508.595,5726.952,5900.125,5939.581,5986.269,5112.000,4804.692
500,5992.333,4952.323,5439.357,6533.567,5697.667,5931.062,5942.193,5957.923,5088.906,4838.961
501,5987.361,4951.258,5429.314,6533.784,5722.857,5952.938,5926.774,5911.539,5083.500,4854.346
502,5982.056,4925.581,5428.243,6556.541,5706.476,5898.938,5891.129,5985.346,5103.781,4836.423
503,6016.556,4950.484,5434.943,6524.514,5655.905,5875.688,5937.613,5951.539,5091.219,4811.192
504,5961.389,4951.032,5428.414,6570.919,5673.905,5901.062,5912.548,5937.192,5066.594,4859.308
505,5991.000,4940.323,5449.029,6530.054,5635.476,5925.938,5938.484,5915.846,5080.562,4841.692
506,5962.222,4928.516,5433.000,6537.892,5659.000,5945.625,5928.709,5917.000,5043.062,4848.077
507,5978.833,4950.161,5424.814,6558.189,5640.429,5879.062,5879.548,5922.923,5080.750,4828.231
508,5977.472,4924.355,5431.143,6524.648,5625.048,5907.812,5944.387,5882.385,5080.344,4849.269
509,5957.278,4903.129,5428.071,6529.459,5596.667,5899.938,5902.581,5858.846,5062.000,4852.923
510,5983.694,4918.161,5430.557,6541.081,5692.381,5904.000,5919.291,5896.539,5054.469,4841.615
511,5965.250,4948.839,5423.372,6548.811,5684.381,5894.438,5920.129,5823.154,5076.469,4880.308
512,5976.778,4948.387,5417.914,6509.622,5657.286,5915.562,5906.129,5864.308,5056.375,4841.346
513,5988.472,4924.387,5429.729,6560.811,5644.524,5921.062,5898.548,5816.154,5069.031,4815.269
514,5962.472,4951.581,5428.486,6539.352,5667.238,5866.438,5886.452,5822.692,5074.531,4831.000
515,5963.167,4948.161,5426.029,6522.081,5643.905,5911.812,5908.419,5867.000,5034.281,4858.000
516,5977.167,4973.291,5415.872,6535.405,5637.381,5877.438,5924.968,5825.539,5056.562,4841.385
517,5989.667,4924.903,5408.957,6550.595,5666.476,5907.125,5919.613,5812.961,5040.281,4841.308
518,5962.278,4949.161,5419.943,6578.541,5693.238,5931.812,5945.484,5824.615,5040.719,4816.692
519,5970.861,4951.161,5404.757,6498.054,5680.095,5888.562,5929.291,5853.692,5053.250,4852.846
520,6018.972,4946.548,5440.843,6516.216,5674.762,5914.188,5931.613,5819.539,5031.531,4834.423
521,5959.778,4960.291,5427.186,6565.054,5754.190,5937.500,5900.129,5784.154,5010.656,4838.385
522,5981.167,4977.613,5431.643,6537.622,5700.571,5927.375,5937.452,5778.461,5029.688,4828.231
523,5980.778,4964.581,5433.986,6510.108,5773.619,5949.438,5904.903,5806.961,5048.719,4842.769
524,5968.222,4931.193,5417.671,6516.514,5750.810,5909.250,5908.968,5784.846,5032.125,4831.885
525,5966.111,4953.000,5422.571,6522.486,5722.048,5945.875,5887.742,5757.461,5001.094,4843.385
526,5964.333,4923.291,5417.071,6505.405,5700.476,5957.625,5933.774,5770.385,5021.688,4851.731
527,5949.472,4932.645,5448.729,6466.676,5701.762,5912.500,5888.226,5811.269,5024.500,4822.269
528,5970.444,4911.484,5460.414,6488.027,5667.667,5951.250,5894.774,5757.115,5008.938,4839.346
529,5953.250,4909.161,5453.886,6451.811,5634.381,5953.250,5896.258,5796.346,5024.812,4860.808
530,5957.417,4910.355,5445.229,6540.459,5650.238,5927.250,5906.161,5819.000,5022.500,4841.654
531,5976.528,4935.355,5409.914,6538.433,5650.667,5896.375,5895.452,5777.077,5043.219,4819.923
532,5955.167,4899.097,5434.057,6508.919,5586.190,5928.625,5865.484,5775.961,5017.750,4865.423
533,5935.361,4901.871,5419.400,6510.459,5623.810,5960.062,5869.161,5738.769,5024.344,4819.731
534,5934.333,4909.323,5414.057,6508.000,5677.381,5890.500,5865.032,5737.192,5018.469,4848.577
535,5948.222,4916.355,5463.229,6521.595,5635.571,5904.875,5894.355,5753.192,4986.938,4814.692
536,5958.583,4898.807,5424.857,6499.243,5694.619,5907.125,5881.355,5782.769,5060.375,4831.846
537,5957.444,4939.742,5445.514,6502.486,5697.095,5895.750,5903.129,5766.039,4985.375,4867.769
538,5943.167,4902.484,5430.686,6513.162,5671.714,5943.938,5848.355,5781.269,5010.031,4861.846
539,5965.500,4949.742,5420.000,6508.054,5668.095,5834.938,5842.936,5779.269,5028.594,4815.654
540,5918.806,4903.161,5406.971,6542.622,5643.714,5885.250,5849.968,5764.154,5026.750,4838.115
541,5956.889,4893.903,5428.372,6529.541,5663.238,5898.250,5853.323,5791.308,5024.219,4831.231
542,5946.833,4906.097,5434.757,6526.486,5600.286,5895.875,5874.419,5802.269,5018.375,4858.692
543,5926.361,4929.484,5423.514,6507.648,5587.143,5917.562,5831.677,5766.692,5011.844,4828.000
544,5947.028,4882.161,5404.300,6508.703,5570.000,5902.000,5827.742,5741.923,4991.906,4818.077
545,5949.028,4923.097,5410.700,6512.378,5603.667,5882.875,5846.548,5757.269,5018.781,4837.000
546,5936.500,4942.000,5425.571,6509.946,5516.000,5903.625,5851.645,5766.500,5038.500,4867.961
547,5972.194,4912.323,5431.457,6501.189,5538.524,5891.000,5839.581,5780.000,5005.531,4830.115
548,5945.472,4914.129,5421.357,6515.027,5570.476,5909.875,5858.032,5783.731,5001.812,4825.769
549,5932.222,4898.064,5399.071,6522.135,5650.381,5853.312,5825.774,5750.346,4972.000,4852.154
550,5948.889,4912.613,5400.729,6537.892,5670.048,5884.562,5835.903,5790.269,5004.562,4812.654
551,5935.222,4888.677,5413.457,6504.054,5658.905,5862.875,5846.645,5777.039,5028.188,4822.039
552,5915.778,4900.936,5413.157,6489.459,5646.476,5910.562,5818.968,5782.423,5011.938,4811.115
553,5947.083,4915.936,5421.100,6477.595,5630.524,5854.312,5856.032,5743.577,5013.719,4831.039
554,5950.083,4886.645,5403.771,6510.729,5608.286,5906.500,5815.742,5772.769,5003.125,4868.423
555,5909.722,4900.613,5401.786,6507.648,5648.286,5903.750,5863.807,5738.769,5010.531,4843.039
556,5923.083,4895.355,5407.414,6458.027,5671.000,5870.750,5828.936,5775.500,4982.281,4879.615
557,5910.694,4923.291,5421.714,6479.243,5692.238,5835.000,5839.484,5720.846,5047.031,4814.077
558,5944.833,4883.968,5404.557,6500.514,5659.905,5851.562,5811.193,5799.423,5053.219,4780.500
559,5896.972,4893.742,5424.271,6511.081,5685.619,5858.188,5874.129,5748.654,5094.938,4829.423
560,5960.722,4873.064,5420.057,6458.271,5647.095,5844.688,5823.709,5758.000,5075.625,4845.000
561,5908.944,4906.226,5432.757,6397.297,5649.048,5817.750,5825.291,5743.500,5112.812,4853.654
562,5945.361,4875.032,5429.872,6460.703,5583.476,5850.562,5846.807,5728.961,5087.844,4839.423
563,5946.139,4882.323,5421.386,6457.352,5627.333,5884.938,5847.548,5691.077,5070.344,4816.192
564,5919.972,4895.226,5420.271,6477.946,5611.667,5877.500,5849.097,5734.808,5067.125,4817.923
565,5918.194,4903.452,5390.414,6502.865,5554.048,5840.375,5870.064,5747.885,5058.594,4848.192
566,5921.556,4893.064,5407.372,6502.676,5646.762,5885.812,5845.484,5723.961,5061.219,4852.423
567,5944.500,4869.258,5410.800,6474.054,5650.190,5854.250,5849.258,5734.577,5065.125,4857.346
568,5901.917,4854.129,5409.457,6494.946,5638.333,5795.562,5850.129,5714.461,5073.719,4864.154
569,5906.111,4878.645,5444.986,6479.378,5658.952,5844.312,5826.871,5726.346,5064.812,4860.423
570,5927.889,4860.839,5431.700,6465.892,5652.619,5852.125,5844.936,5723.539,5065.625,4844.539
571,5942.722,4869.548,5421.314,6454.162,5727.714,5877.625,5832.452,5703.500,5046.438,4864.692
572,5905.111,4873.774,5420.643,6510.486,5743.857,5824.688,5857.097,5760.385,5083.906,4806.961
573,5939.694,4884.548,5414.057,6462.135,5730.810,5821.625,5853.226,5732.654,5120.000,4851.000
574,5919.806,4869.452,5412.900,6490.946,5725.714,5846.750,5828.226,5742.461,5144.250,4843.577
575,5929.083,4895.613,5418.329,6499.324,5709.667,5805.312,5806.064,5675.385,5160.281,4842.423
576,5925.917,4872.936,5434.486,6511.703,5679.190,5897.375,5832.161,5679.769,5143.594,4839.846
577,5928.611,4853.064,5399.400,6510.324,5677.619,5853.750,5795.645,5676.769,5123.875,4807.231
578,5945.889,4863.613,5390.271,6505.243,5680.905,5852.125,5822.871,5734.500,5117.094,4856.769
579,5943.361,4869.355,5385.557,6510.838,5719.571,5852.250,5799.355,5685.385,5136.250,4841.115
580,5911.500,4862.645,5405.286,6515.297,5709.619,5801.312,5778.839,5651.577,5162.656,4838.615
581,5903.861,4843.871,5419.529,6498.703,5739.952,5804.375,5783.709,5699.115,5123.781,4829.077
582,5908.972,4871.677,5408.886,6475.946,5735.190,5848.875,5784.581,5682.846,5148.031,4808.385
583,5913.028,4851.774,5398.872,6550.135,5758.571,5798.938,5775.645,5688.231,5123.250,4837.731
584,5922.417,4864.581,5394.514,6497.648,5729.810,5835.812,5772.452,5681.731,5115.688,4853.692
585,5918.444,4886.871,5395.400,6487.000,5737.952,5814.812,5788.291,5658.731,5126.625,4840.961
586,5912.889,4851.291,5403.286,6471.567,5686.286,5807.250,5795.516,5622.154,5141.812,4842.385
587,5910.083,4838.484,5386.614,6500.189,5662.714,5827.062,5772.548,5671.154,5144.188,4831.539
588,5903.000,4826.387,5413.071,6481.892,5696.476,5817.750,5794.871,5664.500,5089.062,4816.154
589,5886.250,4805.484,5385.386,6501.433,5645.381,5822.000,5777.419,5641.385,5095.375,4834.500
590,5945.972,4851.484,5381.457,6501.595,5653.286,5781.875,5807.516,5671.115,5096.656,4830.000
591,5917.472,4833.548,5403.571,6469.324,5707.714,5779.188,5747.000,5608.192,5091.156,4854.192
592,5919.111,4833.871,5402.914,6473.081,5727.286,5808.688,5783.548,5653.539,5082.000,4812.461
593,5876.306,4855.097,5370.914,6536.622,5702.714,5793.375,5777.452,5621.615,5135.688,4840.731
594,5896.111,4838.774,5387.100,6519.865,5730.429,5794.938,5743.581,5608.808,5098.062,4871.461
595,5935.917,4881.355,5387.086,6490.757,5693.952,5817.312,5781.742,5649.539,5076.000,4819.731
596,5876.889,4844.258,5376.314,6492.622,5665.429,5791.125,5760.742,5611.346,5089.062,4809.885
597,5930.806,4847.645,5385.914,6475.648,5703.143,5791.750,5799.742,5632.154,5070.469,4834.192
598,5879.694,4840.645,5396.171,6506.973,5761.095,5838.438,5758.226,5584.654,5129.562,4830.885
599,5901.806,4828.742,5386.286,6483.622,5766.762,5836.625,5760.387,5616.154,5165.031,4857.923
600,5940.472,4870.291,5393.143,6478.892,5759.524,5818.625,5734.581,5631.269,5175.969,4844.308
601,5902.333,4859.161,5383.657,6481.946,5723.571,5880.812,5737.516,5627.423,5173.469,4828.615
602,5896.861,4838.903,5392.157,6459.081,5713.095,5796.625,5717.032,5639.692,5135.969,4854.231
603,5891.722,4849.355,5395.628,6471.622,5671.238,5884.750,5745.355,5629.423,5154.844,4834.269
604,5927.417,4832.129,5384.257,6484.324,5684.095,5842.688,5717.452,5613.308,5166.500,4844.846
605,5912.944,4836.226,5379.257,6549.622,5656.333,5807.125,5738.323,5603.039,5184.125,4834.577
606,5921.000,4839.161,5375.986,6505.946,5628.571,5840.188,5763.677,5642.000,5167.344,4829.577
607,5885.472,4848.903,5381.514,6462.000,5695.381,5826.562,5745.323,5606.923,5167.594,4825.961
608,5895.750,4845.193,5391.557,6480.486,5678.143,5789.875,5760.871,5623.577,5122.562,4834.461
609,5894.861,4865.387,5377.729,6456.541,5736.667,5808.250,5736.484,5618.577,5151.188,4829.500
610,5887.917,4849.613,5373.286,6475.108,5719.810,5819.500,5732.097,5636.115,5130.188,4850.500
611,5894.750,4858.323,5382.128,6485.459,5695.714,5845.000,5740.709,5563.000,5139.156,4840.039
612,5895.528,4852.871,5374.800,6489.784,5671.238,5802.375,5736.129,5586.808,5129.344,4813.961
613,5867.639,4852.000,5365.486,6454.027,5702.571,5825.750,5705.258,5565.039,5152.094,4838.461
614,5882.361,4847.419,5358.057,6487.946,5660.905,5791.125,5718.516,5592.808,5133.156,4844.731
615,5910.972,4858.387,5361.543,6469.703,5676.048,5797.938,5731.968,5590.808,5146.906,4860.461
616,5901.278,4867.161,5359.128,6481.729,5629.143,5842.812,5700.258,5596.231,5105.688,4834.385
617,5890.944,4853.097,5371.386,6488.946,5601.571,5743.688,5735.291,5547.885,5129.875,4852.923
618,5904.389,4828.291,5373.286,6477.757,5584.333,5812.062,5736.323,5578.154,5151.125,4847.385
619,5873.556,4843.709,5380.628,6475.946,5573.238,5799.938,5687.709,5638.731,5113.438,4863.192
620,5891.444,4836.387,5350.257,6474.352,5568.476,5792.750,5682.064,5597.231,5118.906,4852.539
621,5891.083,4844.323,5368.628,6428.243,5576.190,5757.562,5681.903,5612.961,5108.406,4802.846
622,5903.500,4820.452,5357.229,6476.514,5558.000,5819.938,5700.226,5594.731,5137.500,4820.539
623,5852.056,4865.645,5374.714,6456.081,5502.667,5814.062,5709.936,5586.231,5087.656,4822.115
624,5893.472,4854.709,5377.329,6430.162,5505.952,5796.438,5681.419,5558.923,5091.188,4843.692
625,5873.667,4837.871,5358.043,6416.514,5540.476,5802.250,5645.193,5591.154,5102.969,4848.039
626,5856.750,4864.064,5373.386,6457.405,5573.571,5773.188,5650.871,5581.731,5096.719,4805.077
627,5887.778,4837.936,5363.300,6499.838,5581.714,5788.312,5663.323,5575.269,5095.344,4787.154
628,5866.944,4858.484,5350.800,6473.865,5577.476,5828.125,5687.000,5597.192,5092.531,4818.500
629,5896.500,4848.774,5361.586,6464.243,5565.667,5761.812,5677.323,5591.039,5090.125,4812.577
630,5892.000,4839.774,5363.614,6471.433,5589.381,5840.688,5672.645,5602.769,5092.062,4801.885
631,5902.444,4855.807,5365.971,6423.135,5636.476,5766.250,5649.903,5568.423,5112.312,4835.000
632,5881.722,4827.516,5372.957,6431.757,5634.048,5778.062,5642.871,5567.885,5119.188,4821.808
633,5870.056,4850.903,5348.243,6448.514,5626.571,5752.188,5665.129,5596.577,5094.062,4838.231
634,5898.417,4859.839,5361.714,6448.784,5667.286,5819.812,5664.193,5573.846,5105.406,4820.308
635,5897.694,4866.000,5341.729,6466.054,5604.857,5772.125,5584.161,5554.961,5071.781,4837.385
636,5874.611,4879.968,5354.457,6487.189,5624.905,5773.000,5629.871,5575.577,5081.062,4834.846
637,5881.389,4867.064,5357.100,6442.865,5594.571,5752.000,5607.355,5595.000,5087.125,4827.231
638,5867.472,4843.807,5371.157,6421.811,5575.857,5739.312,5626.839,5537.885,5099.844,4838.039
639,5887.972,4889.387,5359.143,6439.135,5546.571,5793.562,5626.936,5571.923,5072.969,4845.115
640,5860.917,4856.161,5344.800,6432.405,5537.381,5778.625,5652.064,5560.885,5080.438,4836.077
641,5882.694,4874.709,5348.457,6426.271,5557.905,5723.562,5635.226,5562.308,5072.219,4850.923
642,5871.861,4874.709,5366.257,6451.081,5540.381,5766.250,5608.968,5587.846,5084.812,4818.154
643,5868.111,4863.677,5343.457,6431.567,5522.095,5786.312,5583.581,5541.654,5087.156,4823.039
644,5879.833,4866.871,5335.000,6445.973,5515.524,5770.500,5593.226,5551.192,5047.906,4843.539
645,5884.778,4911.516,5333.643,6474.892,5450.381,5730.375,5568.161,5576.461,5081.719,4851.769
646,5865.722,4872.000,5359.786,6431.757,5465.238,5768.562,5620.709,5533.539,5079.219,4826.885
647,5854.389,4901.774,5342.529,6451.622,5502.524,5754.375,5602.419,5613.000,5114.062,4823.769
648,5866.139,4860.774,5372.029,6436.081,5455.714,5703.750,5611.807,5663.692,5156.375,4802.039
649,5870.972,4870.774,5351.229,6436.433,5481.952,5769.188,5606.516,5651.808,5199.969,4811.692
650,5876.306,4855.807,5329.100,6442.729,5465.095,5719.125,5618.709,5696.539,5156.375,4813.039
651,5899.194,4851.355,5335.814,6454.514,5438.857,5722.812,5619.193,5698.269,5171.250,4829.923
652,5874.167,4856.968,5330.829,6441.459,5487.571,5692.250,5613.581,5731.308,5170.031,4838.115
653,5875.750,4849.387,5335.814,6393.189,5523.952,5712.375,5609.581,5708.115,5172.719,4835.039
654,5859.333,4861.581,5329.929,6457.054,5533.667,5722.438,5583.097,5690.192,5159.969,4826.961
655,5884.028,4854.936,5315.286,6434.271,5527.381,5742.500,5594.291,5698.808,5162.594,4800.423
656,5856.583,4861.968,5311.857,6415.919,5554.952,5738.500,5573.645,5691.192,5165.594,4824.577
657,5863.500,4858.839,5330.986,6439.189,5534.143,5721.625,5551.903,5648.846,5160.344,4820.808
658,5875.389,4844.613,5343.029,6444.405,5518.619,5750.750,5580.097,5707.039,5170.688,4779.808
659,5876.806,4862.258,5317.386,6439.757,5595.762,5704.875,5569.032,5698.000,5136.625,4785.885
660,5859.583,4865.516,5340.214,6451.271,5591.143,5688.375,5593.258,5645.654,5144.531,4796.846
661,5873.444,4874.968,5321.429,6460.243,5597.810,5689.500,5579.291,5691.500,5117.031,4796.192
662,5870.194,4881.097,5348.271,6463.892,5590.429,5696.062,5584.387,5650.461,5121.031,4830.654
663,5844.556,4887.097,5334.286,6441.081,5524.000,5679.312,5589.226,5678.846,5115.344,4821.615
664,5862.167,4888.161,5333.872,6433.486,5564.619,5670.438,5582.419,5657.885,5118.250,4779.423
665,5855.444,4851.419,5345.471,6429.838,5558.667,5730.062,5535.548,5688.000,5141.906,4832.346
666,5868.583,4887.871,5328.429,6451.405,5554.143,5720.875,5565.839,5687.000,5105.156,4840.500
667,5871.250,4901.516,5319.814,6425.405,5513.762,5701.562,5546.709,5639.961,5126.156,4779.308
668,5882.056,4873.548,5339.800,6457.433,5585.286,5693.812,5546.258,5657.500,5117.875,4781.385
669,5857.972,4861.323,5332.914,6445.216,5574.095,5703.750,5573.807,5647.923,5102.438,4791.961
670,5837.500,4873.000,5346.043,6408.189,5618.048,5694.000,5523.709,5659.115,5122.750,4813.154
671,5831.500,4894.193,5322.157,6399.676,5587.048,5666.188,5535.032,5626.615,5124.469,4810.385
672,5851.361,4862.677,5332.100,6394.162,5575.810,5714.188,5548.548,5630.077,5081.969,4812.577
673,5875.556,4819.387,5325.128,6430.189,5563.143,5679.875,5534.774,5671.654,5104.812,4816.654
674,5873.806,4842.677,5344.286,6445.838,5563.381,5661.125,5563.807,5635.846,5105.969,4802.500
675,5857.222,4829.936,5317.971,6425.216,5548.619,5639.438,5573.291,5656.808,5072.344,4832.039
676,5854.417,4803.742,5316.614,6460.189,5583.000,5651.250,5600.839,5614.539,5093.594,4781.308
677,5858.667,4855.645,5319.372,6427.729,5611.571,5661.125,5554.742,5604.192,5094.656,4794.577
678,5836.333,4851.291,5342.471,6460.919,5609.095,5652.562,5563.387,5625.308,5106.188,4792.154
679,5864.861,4860.323,5299.100,6425.324,5628.143,5675.812,5549.323,5629.923,5128.938,4775.385
680,5846.972,4856.903,5326.229,6393.892,5603.143,5701.125,5538.064,5621.577,5069.625,4818.500
681,5843.083,4831.613,5323.429,6413.919,5567.762,5672.938,5543.613,5618.961,5094.062,4780.000
682,5868.222,4872.516,5322.600,6387.784,5570.095,5642.062,5529.645,5591.000,5103.312,4801.000
683,5852.806,4839.064,5315.543,6404.757,5535.000,5687.500,5523.581,5586.539,5074.469,4794.615
684,5823.167,4806.968,5321.514,6422.271,5574.238,5670.688,5552.032,5599.000,5094.156,4783.269
685,5843.056,4809.807,5312.414,6441.000,5530.190,5649.188,5557.645,5614.923,5076.688,4771.154
686,5841.778,4826.903,5302.829,6445.919,5517.429,5680.000,5516.581,5605.192,5096.656,4783.539
687,5834.361,4818.903,5285.657,6436.811,5479.476,5685.062,5532.677,5647.500,5086.031,4777.154
688,5856.889,4826.258,5327.657,6434.378,5484.238,5660.062,5553.903,5622.039,5044.594,4789.885
689,5836.194,4833.291,5305.029,6396.514,5487.143,5700.875,5555.548,5640.461,5117.500,4794.269
690,5854.306,4814.226,5320.943,6452.946,5548.000,5684.375,5545.000,5613.423,5131.188,4824.615
691,5885.917,4814.936,5294.457,6429.000,5465.714,5630.312,5531.548,5657.731,5177.031,4803.500
692,5837.111,4809.936,5302.714,6477.433,5468.667,5663.188,5511.387,5641.039,5184.125,4784.692
693,5847.639,4813.581,5300.557,6411.324,5526.524,5642.438,5517.484,5649.846,5159.906,4799.808
694,5822.278,4830.387,5288.214,6440.486,5457.429,5686.438,5527.032,5641.961,5178.000,4802.192
695,5830.861,4814.548,5296.400,6449.271,5547.762,5642.000,5506.129,5631.692,5177.562,4821.500
696,5860.611,4828.774,5304.729,6423.027,5525.762,5644.000,5505.936,5630.846,5158.594,4789.615
697,5826.222,4783.419,5316.729,6412.135,5538.762,5671.875,5489.581,5688.346,5151.719,4794.539
698,5853.583,4816.064,5324.986,6437.946,5553.762,5660.625,5487.000,5629.500,5174.219,4815.115
699,5865.472,4807.161,5308.457,6427.648,5502.143,5645.688,5508.387,5642.039,5146.812,4772.500
700,5857.028,4781.484,5304.529,6397.405,5497.238,5647.062,5499.871,5620.039,5159.844,4810.115
701,5829.889,4794.484,5276.171,6430.865,5476.143,5588.188,5472.097,5625.808,5162.625,4779.692
702,5813.472,4782.323,5300.857,6411.567,5490.619,5612.188,5477.742,5597.654,5153.969,4791.692
703,5817.722,4793.548,5306.457,6408.729,5460.000,5696.250,5487.064,5627.692,5136.719,4780.923
704,5824.167,4781.000,5309.357,6408.027,5440.524,5640.500,5483.291,5613.346,5147.312,4801.808
705,5824.028,4822.581,5310.643,6362.811,5515.000,5619.312,5463.516,5636.115,5139.438,4799.692
706,5842.056,4787.291,5293.729,6440.946,5506.762,5654.938,5481.645,5644.461,5138.531,4777.346
707,5850.278,4765.903,5312.357,6397.676,5537.571,5661.250,5452.968,5577.577,5125.562,4797.192
708,5813.583,4796.968,5282.329,6432.784,5525.905,5651.750,5484.291,5601.385,5091.562,4806.692
709,5826.528,4779.064,5289.829,6411.486,5510.667,5666.000,5487.484,5591.269,5145.656,4805.346
710,5824.222,4799.516,5282.200,6400.892,5510.190,5682.125,5484.452,5556.692,5123.469,4782.461
711,5805.694,4773.323,5268.443,6399.811,5500.048,5683.062,5470.839,5609.269,5110.500,4764.385
712,5821.222,4783.903,5294.771,6408.541,5589.190,5668.000,5502.774,5597.077,5085.656,4791.192
713,5784.667,4803.258,5307.214,6423.243,5621.048,5617.250,5499.871,5602.846,5128.625,4815.423
714,5828.833,4780.936,5299.814,6414.352,5603.095,5707.312,5467.968,5586.154,5115.938,4803.615
715,5831.333,4778.613,5307.529,6405.486,5556.810,5647.812,5456.226,5557.385,5109.375,4792.808
716,5827.333,4800.709,5282.043,6406.946,5563.762,5630.188,5449.742,5534.500,5102.188,4797.539
717,5807.250,4732.613,5274.914,6399.811,5550.905,5675.750,5443.548,5532.346,5084.250,4792.269
718,5772.278,4762.193,5296.571,6446.892,5548.762,5664.875,5467.677,5547.808,5118.969,4803.077
719,5818.028,4764.548,5269.957,6429.324,5504.905,5688.938,5472.258,5515.192,5088.656,4816.577
720,5771.778,4767.548,5273.086,6405.622,5517.095,5663.812,5481.226,5511.308,5083.062,4808.192
721,5811.222,4768.258,5277.872,6389.567,5541.762,5698.688,5447.193,5549.769,5072.531,4788.769
722,5808.444,4777.484,5288.300,6389.081,5433.905,5674.000,5411.000,5534.500,5091.438,4827.192
723,5792.889,4748.226,5298.400,6408.757,5445.476,5675.688,5428.871,5555.923,5051.844,4802.769
724,5835.389,4767.807,5261.071,6415.000,5422.714,5649.500,5433.419,5541.500,5060.469,4795.539
725,5798.417,4757.355,5270.300,6417.919,5451.333,5660.125,5459.387,5523.192,5062.469,4807.500
726,5829.444,4762.387,5274.957,6416.162,5457.286,5633.062,5419.355,5525.077,5084.125,4836.654
727,5826.917,4746.323,5288.329,6399.297,5486.381,5649.000,5448.452,5529.577,5064.812,4778.115
728,5805.806,4780.677,5297.100,6417.459,5525.238,5664.250,5400.645,5528.539,5057.094,4792.731
729,5802.111,4759.064,5315.343,6405.838,5465.857,5609.812,5427.064,5519.385,5072.969,4791.039
730,5821.972,4758.936,5296.071,6396.162,5456.476,5620.375,5408.000,5517.000,5074.750,4781.346
731,5804.750,4745.613,5303.543,6408.081,5491.619,5617.562,5418.064,5510.692,5064.500,4775.885
732,5817.139,4753.032,5303.571,6398.946,5427.762,5660.312,5438.839,5502.346,5077.938,4782.385
733,5818.306,4789.839,5318.900,6353.595,5452.286,5626.250,5407.097,5488.846,5047.844,4767.000
734,5779.750,4761.452,5351.029,6359.676,5517.905,5586.125,5409.387,5472.731,5063.375,4788.615
735,5818.972,4796.032,5341.229,6371.892,5534.714,5634.375,5456.193,5496.423,5040.094,4791.346
736,5790.000,4812.903,5330.357,6351.405,5558.190,5645.250,5423.323,5502.731,5043.906,4778.500
737,5833.167,4785.839,5349.886,6392.486,5514.095,5625.000,5391.291,5485.692,5059.625,4785.000
738,5789.167,4813.000,5341.957,6404.135,5612.714,5585.938,5393.709,5491.654,5012.750,4790.885
739,5801.250,4776.807,5340.886,6422.514,5622.000,5646.312,5425.484,5448.692,5053.469,4788.308
740,5823.694,4791.355,5359.029,6375.243,5640.333,5611.625,5379.807,5457.192,5039.125,4800.077
741,5828.167,4815.871,5336.300,6390.027,5581.905,5589.875,5383.871,5457.231,5047.094,4789.115
742,5848.500,4807.064,5369.843,6370.946,5569.048,5593.812,5415.097,5452.154,5030.594,4805.346
743,5759.639,4810.839,5387.372,6394.811,5578.667,5611.375,5417.129,5444.039,5024.625,4798.346
744,5785.083,4808.613,5381.243,6392.378,5567.667,5626.250,5421.613,5462.615,5010.969,4775.731
745,5782.694,4783.774,5361.157,6372.000,5543.286,5613.438,5380.581,5442.615,5028.844,4827.577
746,5782.028,4799.000,5357.671,6436.081,5541.524,5599.750,5404.968,5437.577,5028.406,4781.308
747,5800.000,4782.064,5346.529,6404.459,5533.571,5645.312,5407.613,5419.615,5029.469,4797.269
748,5769.861,4819.161,5365.386,6399.405,5585.810,5601.188,5395.613,5428.731,5049.531,4780.808
749,5784.806,4806.452,5375.229,6378.054,5605.810,5629.938,5356.742,5407.269,5012.312,4798.577
750,5790.833,4831.291,5337.643,6408.676,5600.714,5600.250,5390.193,5441.885,5028.062,4780.885
751,5788.583,4804.677,5350.457,6435.405,5589.095,5646.625,5394.677,5439.269,5033.594,4795.731
752,5793.833,4790.129,5349.128,6420.676,5584.619,5628.938,5390.355,5435.885,5015.531,4792.923
753,5790.250,4754.291,5386.186,6451.081,5570.381,5672.250,5413.193,5412.769,5036.188,4791.231
754,5788.722,4809.613,5390.471,6400.892,5535.476,5608.875,5390.613,5424.577,4995.094,4803.231
755,5793.972,4780.419,5352.043,6427.352,5518.714,5649.812,5379.968,5406.961,5034.062,4792.808
756,5787.139,4767.323,5383.128,6374.352,5493.810,5585.000,5358.129,5428.731,5039.562,4792.000
757,5799.778,4793.774,5368.071,6426.729,5524.143,5548.000,5364.581,5440.885,5050.625,4792.000
758,5773.611,4771.226,5370.900,6415.297,5606.238,5549.875,5356.774,5420.577,5059.344,4810.961
759,5785.861,4806.645,5376.886,6430.081,5554.810,5636.625,5367.871,5456.192,5059.219,4804.346
760,5791.500,4794.129,5363.500,6419.595,5575.333,5552.250,5346.291,5401.154,5046.344,4808.269
761,5763.111,4804.000,5358.386,6409.541,5543.286,5594.875,5353.968,5430.769,5063.688,4769.692
762,5751.250,4757.871,5362.886,6418.729,5567.286,5571.750,5333.645,5431.885,5061.125,4783.731
763,5787.806,4788.516,5365.800,6446.054,5549.524,5609.500,5365.097,5415.769,5063.656,4791.846
764,5792.694,4790.645,5382.600,6430.271,5556.381,5606.750,5324.871,5424.385,5054.531,4797.308
765,5785.028,4760.742,5366.872,6420.595,5559.667,5608.188,5350.774,5427.500,5036.500,4765.115
766,5786.833,4772.774,5359.100,6435.648,5584.429,5515.625,5344.452,5409.192,5059.875,4805.077
767,5781.417,4772.032,5389.329,6409.622,5581.333,5561.000,5318.193,5459.423,5036.688,4817.423
768,5805.333,4769.000,5358.300,6451.486,5595.667,5565.188,5307.000,5426.115,5059.906,4809.577
769,5776.167,4789.291,5357.843,6434.676,5561.619,5573.312,5315.129,5437.115,5064.688,4803.692
770,5762.917,4770.000,5368.529,6433.378,5575.333,5555.375,5313.613,5439.000,5061.156,4797.115
771,5767.194,4792.387,5378.571,6404.946,5621.238,5512.188,5302.226,5499.654,5048.000,4792.500
772,5773.528,4796.484,5385.686,6424.514,5623.762,5548.812,5292.193,5463.731,5065.125,4814.923
773,5751.667,4764.903,5393.971,6419.946,5643.952,5528.938,5329.452,5463.000,5053.656,4818.846
774,5776.583,4741.839,5373.529,6423.000,5627.429,5515.000,5324.097,5477.808,5068.688,4793.154
775,5759.611,4757.968,5357.529,6453.595,5619.762,5539.125,5299.226,5447.385,5030.906,4777.539
776,5760.361,4745.645,5358.743,6420.676,5588.429,5527.938,5296.387,5474.077,5034.375,4821.885
777,5759.417,4783.323,5380.571,6403.433,5614.762,5542.688,5284.677,5472.077,5029.188,4762.192
778,5770.639,4762.548,5356.714,6438.729,5605.810,5523.188,5320.161,5437.692,5040.344,4798.077
779,5759.056,4763.387,5355.800,6389.352,5539.048,5481.750,5317.161,5425.961,5054.000,4793.000
780,5761.694,4756.936,5374.100,6433.135,5541.762,5511.188,5270.387,5452.154,5045.219,4768.000
781,5781.972,4749.968,5369.400,6415.567,5514.095,5473.500,5290.645,5455.961,5036.875,4770.039
782,5791.056,4772.774,5357.886,6419.189,5540.095,5512.000,5275.709,5454.885,5009.156,4759.115
783,5773.750,4737.064,5375.086,6384.567,5485.476,5536.000,5291.903,5437.961,5016.750,4768.692
784,5799.833,4795.291,5387.171,6426.189,5486.000,5478.688,5303.839,5418.692,5007.000,4783.539
785,5771.361,4744.064,5366.128,6422.919,5494.190,5507.438,5282.548,5480.923,5022.750,4823.654
786,5775.083,4769.452,5371.043,6418.243,5524.667,5488.375,5272.419,5536.154,5016.344,4768.808
787,5740.333,4774.807,5373.214,6407.297,5538.476,5447.562,5265.129,5555.308,5015.844,4782.577
788,5780.750,4750.452,5378.443,6380.729,5540.048,5480.562,5282.839,5540.539,5025.188,4792.231
789,5736.667,4771.742,5370.800,6422.054,5511.333,5469.688,5302.871,5570.308,5033.906,4771.539
790,5777.917,4753.452,5388.157,6355.757,5542.381,5487.500,5296.839,5539.961,5008.719,4779.692
791,5790.972,4739.839,5395.743,6407.243,5497.857,5482.062,5291.613,5516.154,5011.438,4776.115
792,5744.806,4778.742,5390.800,6367.027,5499.905,5449.125,5291.032,5513.500,5004.469,4775.269
793,5768.167,4748.032,5383.471,6423.514,5487.429,5428.562,5319.452,5575.885,5087.594,4772.461
794,5771.889,4726.323,5370.100,6390.648,5496.095,5458.125,5270.000,5557.269,5118.438,4769.539
795,5768.500,4729.226,5360.957,6386.541,5463.333,5488.000,5277.548,5533.769,5112.562,4784.885
796,5780.778,4735.258,5355.643,6438.081,5514.190,5457.188,5299.645,5540.269,5107.031,4768.615
797,5742.639,4723.064,5374.414,6366.000,5517.952,5448.500,5306.323,5499.808,5101.719,4755.769
798,5760.111,4709.709,5368.543,6363.622,5548.048,5425.125,5281.807,5510.539,5084.281,4777.731
799,5750.944,4718.387,5399.571,6381.054,5549.714,5469.750,5267.291,5527.885,5124.094,4777.385
800,5758.472,4716.129,5408.300,6351.567,5506.857,5436.062,5256.936,5487.500,5161.531,4782.808
